<?xml version="1.0" encoding="UTF-8"?>

<export>
	<info>
		<creator>Admin</creator>
		<opencms_version>8.5</opencms_version>
		<createdate>Thu, 18 Aug 2011 13:58:34 GMT</createdate>
		<infoproject>Offline</infoproject>
		<export_version>7</export_version>
	</info>
	<module>
		<name>com.alkacon.opencms.v8.list</name>
		<nicename><![CDATA[OpenCms 8 List]]></nicename>
		<group>OpenCms 8 types</group>
		<class/>
		<description><![CDATA[Provides a list resource type that can be used in OpenCms 8 templates.]]></description>
		<version>8.5.1</version>
		<authorname><![CDATA[Alkacon Software GmbH]]></authorname>
		<authoremail><![CDATA[sales@alkacon.com]]></authoremail>
		<datecreated/>
		<userinstalled/>
		<dateinstalled/>
		<dependencies>
			<dependency name="org.opencms.ade.config" version="8.0.0"/>
		</dependencies>
		<exportpoints>
			<exportpoint uri="/system/modules/com.alkacon.opencms.v8.list/classes/" destination="WEB-INF/classes/"/>
			<exportpoint uri="/system/modules/com.alkacon.opencms.v8.list/lib/" destination="WEB-INF/lib/"/>
		</exportpoints>
		<resources>
			<resource uri="/system/modules/com.alkacon.opencms.v8.list/"/>
			<resource uri="/system/workplace/resources/filetypes/v8list.png"/>
			<resource uri="/system/workplace/resources/filetypes/v8list_big.png"/>
			<resource uri="/system/workplace/resources/filetypes/v8listgallery.png"/>
			<resource uri="/system/workplace/resources/filetypes/v8listgallery_big.png"/>
		</resources>
		<parameters/>
		<resourcetypes>
			<type class="org.opencms.file.types.CmsResourceTypeFolderExtended" name="v8listgallery" id="139">
				<param name="folder.class">org.opencms.workplace.galleries.CmsAjaxHtmlGallery</param>
			</type>
			<type class="org.opencms.file.types.CmsResourceTypeXmlContent" name="v8list" id="143">
				<param name="gallery.type.names">v8listgallery</param>
				<param name="schema">/system/modules/com.alkacon.opencms.v8.list/schemas/list.xsd</param>
			</type>
		</resourcetypes>
		<explorertypes>
			<explorertype name="v8listgallery" key="fileicon.v8listgallery" icon="v8listgallery.png" bigicon="v8listgallery_big.png" reference="downloadgallery">
				<newresource page="extendedfolder" uri="newresource.jsp?newresourcetype=v8listgallery" order="140" autosetnavigation="false" autosettitle="false" info="desc.v8listgallery"/>
			</explorertype>
			<explorertype name="v8list" key="fileicon.v8list" icon="v8list.png" bigicon="v8list_big.png" reference="xmlcontent">
				<newresource page="structurecontent" uri="newresource_xmlcontent.jsp?newresourcetype=v8list" order="140" autosetnavigation="false" autosettitle="false" info="desc.v8list"/>
				<accesscontrol>
					<accessentry principal="ROLE.WORKPLACE_USER" permissions="+r+v+w+c"/>
				</accesscontrol>
			</explorertype>
		</explorertypes>
	</module>
	<files>
		<file>
			<destination>system</destination>
			<type>folder</type>
			<uuidstructure>3561f296-c96b-11e0-b07b-a97c08d979d8</uuidstructure>
			<datelastmodified>Thu, 18 Aug 2011 07:25:11 GMT</datelastmodified>
			<userlastmodified>Admin</userlastmodified>
			<datecreated>Thu, 18 Aug 2011 07:25:11 GMT</datecreated>
			<usercreated>Admin</usercreated>
			<flags>0</flags>
			<properties/>
			<relations/>
			<accesscontrol>
				<accessentry>
					<uuidprincipal>ROLE.WORKPLACE_USER</uuidprincipal>
					<flags>514</flags>
					<permissionset>
						<allowed>1</allowed>
						<denied>0</denied>
					</permissionset>
				</accessentry>
			</accesscontrol>
		</file>
		<file>
			<destination>system/modules</destination>
			<type>folder</type>
			<uuidstructure>37c07c42-c96b-11e0-b07b-a97c08d979d8</uuidstructure>
			<datelastmodified>Thu, 18 Aug 2011 07:25:15 GMT</datelastmodified>
			<userlastmodified>Admin</userlastmodified>
			<datecreated>Thu, 18 Aug 2011 07:25:15 GMT</datecreated>
			<usercreated>Admin</usercreated>
			<flags>0</flags>
			<properties/>
			<relations/>
			<accesscontrol>
				<accessentry>
					<uuidprincipal>ROLE.WORKPLACE_USER</uuidprincipal>
					<flags>514</flags>
					<permissionset>
						<allowed>5</allowed>
						<denied>0</denied>
					</permissionset>
				</accessentry>
			</accesscontrol>
		</file>
		<file>
			<destination>system/modules/com.alkacon.opencms.v8.list</destination>
			<type>folder</type>
			<uuidstructure>2c6ea3db-6fef-11e0-b779-c3baf286301a</uuidstructure>
			<datelastmodified>Tue, 26 Apr 2011 10:23:05 GMT</datelastmodified>
			<userlastmodified>Admin</userlastmodified>
			<datecreated>Tue, 26 Apr 2011 10:23:05 GMT</datecreated>
			<usercreated>Admin</usercreated>
			<flags>0</flags>
			<properties/>
			<relations/>
			<accesscontrol/>
		</file>
		<file>
			<source>system/modules/com.alkacon.opencms.v8.list/.config</source>
			<destination>system/modules/com.alkacon.opencms.v8.list/.config</destination>
			<type>module_config</type>
			<uuidstructure>54fd7f47-1660-4cc4-9b01-b1b256a7f8d4</uuidstructure>
			<uuidresource>54fd7f47-1660-4cc4-9b01-b1b256a7f8d5</uuidresource>
			<datelastmodified>Tue, 28 Jun 2011 11:01:51 GMT</datelastmodified>
			<userlastmodified>Admin</userlastmodified>
			<datecreated>Wed, 20 Apr 2011 14:45:03 GMT</datecreated>
			<usercreated>Admin</usercreated>
			<flags>0</flags>
			<properties>
				<property>
					<name>locale</name>
					<value><![CDATA[en]]></value>
				</property>
				<property>
					<name>locale-available</name>
					<value><![CDATA[en]]></value>
				</property>
			</properties>
			<relations/>
			<accesscontrol/>
		</file>
		<file>
			<destination>system/modules/com.alkacon.opencms.v8.list/classes</destination>
			<type>folder</type>
			<uuidstructure>2c7819c1-6fef-11e0-b779-c3baf286301a</uuidstructure>
			<datelastmodified>Tue, 26 Apr 2011 10:23:05 GMT</datelastmodified>
			<userlastmodified>Admin</userlastmodified>
			<datecreated>Tue, 26 Apr 2011 10:23:05 GMT</datecreated>
			<usercreated>Admin</usercreated>
			<flags>0</flags>
			<properties/>
			<relations/>
			<accesscontrol/>
		</file>
		<file>
			<destination>system/modules/com.alkacon.opencms.v8.list/classes/com</destination>
			<type>folder</type>
			<uuidstructure>2c7a8ac3-6fef-11e0-b779-c3baf286301a</uuidstructure>
			<datelastmodified>Tue, 26 Apr 2011 10:23:05 GMT</datelastmodified>
			<userlastmodified>Admin</userlastmodified>
			<datecreated>Tue, 26 Apr 2011 10:23:05 GMT</datecreated>
			<usercreated>Admin</usercreated>
			<flags>0</flags>
			<properties/>
			<relations/>
			<accesscontrol/>
		</file>
		<file>
			<destination>system/modules/com.alkacon.opencms.v8.list/classes/com/alkacon</destination>
			<type>folder</type>
			<uuidstructure>2c7cd4b5-6fef-11e0-b779-c3baf286301a</uuidstructure>
			<datelastmodified>Tue, 26 Apr 2011 10:23:05 GMT</datelastmodified>
			<userlastmodified>Admin</userlastmodified>
			<datecreated>Tue, 26 Apr 2011 10:23:05 GMT</datecreated>
			<usercreated>Admin</usercreated>
			<flags>0</flags>
			<properties/>
			<relations/>
			<accesscontrol/>
		</file>
		<file>
			<destination>system/modules/com.alkacon.opencms.v8.list/classes/com/alkacon/opencms</destination>
			<type>folder</type>
			<uuidstructure>2c7f45b7-6fef-11e0-b779-c3baf286301a</uuidstructure>
			<datelastmodified>Tue, 26 Apr 2011 10:23:05 GMT</datelastmodified>
			<userlastmodified>Admin</userlastmodified>
			<datecreated>Tue, 26 Apr 2011 10:23:05 GMT</datecreated>
			<usercreated>Admin</usercreated>
			<flags>0</flags>
			<properties/>
			<relations/>
			<accesscontrol/>
		</file>
		<file>
			<destination>system/modules/com.alkacon.opencms.v8.list/classes/com/alkacon/opencms/v8</destination>
			<type>folder</type>
			<uuidstructure>2c8400a9-6fef-11e0-b779-c3baf286301a</uuidstructure>
			<datelastmodified>Tue, 26 Apr 2011 10:23:05 GMT</datelastmodified>
			<userlastmodified>Admin</userlastmodified>
			<datecreated>Tue, 26 Apr 2011 10:23:05 GMT</datecreated>
			<usercreated>Admin</usercreated>
			<flags>0</flags>
			<properties/>
			<relations/>
			<accesscontrol/>
		</file>
		<file>
			<destination>system/modules/com.alkacon.opencms.v8.list/classes/com/alkacon/opencms/v8/list</destination>
			<type>folder</type>
			<uuidstructure>2c8671ab-6fef-11e0-b779-c3baf286301a</uuidstructure>
			<datelastmodified>Tue, 26 Apr 2011 10:23:05 GMT</datelastmodified>
			<userlastmodified>Admin</userlastmodified>
			<datecreated>Tue, 26 Apr 2011 10:23:05 GMT</datecreated>
			<usercreated>Admin</usercreated>
			<flags>0</flags>
			<properties/>
			<relations/>
			<accesscontrol/>
		</file>
		<file>
			<source>system/modules/com.alkacon.opencms.v8.list/classes/com/alkacon/opencms/v8/list/workplace.properties</source>
			<destination>system/modules/com.alkacon.opencms.v8.list/classes/com/alkacon/opencms/v8/list/workplace.properties</destination>
			<type>plain</type>
			<uuidstructure>5a42a305-6ff2-11e0-b779-c3baf286301a</uuidstructure>
			<uuidresource>5a42a306-6ff2-11e0-b779-c3baf286301a</uuidresource>
			<datelastmodified>Tue, 24 May 2011 09:59:19 GMT</datelastmodified>
			<userlastmodified>Admin</userlastmodified>
			<datecreated>Tue, 26 Apr 2011 10:45:50 GMT</datecreated>
			<usercreated>Admin</usercreated>
			<flags>0</flags>
			<properties/>
			<relations/>
			<accesscontrol/>
		</file>
		<file>
			<source>system/modules/com.alkacon.opencms.v8.list/classes/com/alkacon/opencms/v8/list/workplace_de.properties</source>
			<destination>system/modules/com.alkacon.opencms.v8.list/classes/com/alkacon/opencms/v8/list/workplace_de.properties</destination>
			<type>plain</type>
			<uuidstructure>ddfe10d7-7004-11e0-81d2-c3baf286301a</uuidstructure>
			<uuidresource>ddfe10d8-7004-11e0-81d2-c3baf286301a</uuidresource>
			<datelastmodified>Tue, 24 May 2011 09:59:53 GMT</datelastmodified>
			<userlastmodified>Admin</userlastmodified>
			<datecreated>Tue, 26 Apr 2011 12:58:22 GMT</datecreated>
			<usercreated>Admin</usercreated>
			<flags>0</flags>
			<properties>
				<property>
					<name>content-encoding</name>
					<value><![CDATA[ISO-8859-1]]></value>
				</property>
			</properties>
			<relations/>
			<accesscontrol/>
		</file>
		<file>
			<destination>system/modules/com.alkacon.opencms.v8.list/classes/com/alkacon/opencms/v8/list/workplace_en.properties</destination>
			<type>plain</type>
			<uuidstructure>60767767-6ff2-11e0-b779-c3baf286301a</uuidstructure>
			<uuidresource>5a42a306-6ff2-11e0-b779-c3baf286301a</uuidresource>
			<datelastmodified>Tue, 24 May 2011 09:59:19 GMT</datelastmodified>
			<userlastmodified>Admin</userlastmodified>
			<datecreated>Tue, 26 Apr 2011 10:45:50 GMT</datecreated>
			<usercreated>Admin</usercreated>
			<flags>0</flags>
			<properties/>
			<relations/>
			<accesscontrol/>
		</file>
		<file>
			<destination>system/modules/com.alkacon.opencms.v8.list/elements</destination>
			<type>folder</type>
			<uuidstructure>2c735ecd-6fef-11e0-b779-c3baf286301a</uuidstructure>
			<datelastmodified>Tue, 26 Apr 2011 10:23:05 GMT</datelastmodified>
			<userlastmodified>Admin</userlastmodified>
			<datecreated>Tue, 26 Apr 2011 10:23:05 GMT</datecreated>
			<usercreated>Admin</usercreated>
			<flags>0</flags>
			<properties/>
			<relations/>
			<accesscontrol/>
		</file>
		<file>
			<source>system/modules/com.alkacon.opencms.v8.list/elements/center_singlepage.jsp</source>
			<destination>system/modules/com.alkacon.opencms.v8.list/elements/center_singlepage.jsp</destination>
			<type>jsp</type>
			<uuidstructure>6693efd7-854a-11e0-8012-c96c1b6c43a9</uuidstructure>
			<uuidresource>6693efd8-854a-11e0-8012-c96c1b6c43a9</uuidresource>
			<datelastmodified>Tue, 24 May 2011 09:46:50 GMT</datelastmodified>
			<userlastmodified>Admin</userlastmodified>
			<datecreated>Mon, 23 May 2011 14:39:01 GMT</datecreated>
			<usercreated>Admin</usercreated>
			<flags>0</flags>
			<properties>
				<property>
					<name>Title</name>
					<value><![CDATA[Center list single page]]></value>
				</property>
				<property>
					<name>cache</name>
					<value><![CDATA[locale;params]]></value>
				</property>
				<property type="shared">
					<name>export</name>
					<value><![CDATA[false]]></value>
				</property>
			</properties>
			<relations/>
			<accesscontrol/>
		</file>
		<file>
			<destination>system/modules/com.alkacon.opencms.v8.list/formatters</destination>
			<type>folder</type>
			<uuidstructure>957918e9-da4c-4eec-8e9d-82796738a4a9</uuidstructure>
			<datelastmodified>Tue, 26 Apr 2011 10:23:05 GMT</datelastmodified>
			<userlastmodified>Admin</userlastmodified>
			<datecreated>Tue, 26 Apr 2011 10:23:05 GMT</datecreated>
			<usercreated>Admin</usercreated>
			<flags>0</flags>
			<properties/>
			<relations/>
			<accesscontrol/>
		</file>
		<file>
			<source>system/modules/com.alkacon.opencms.v8.list/formatters/center.jsp</source>
			<destination>system/modules/com.alkacon.opencms.v8.list/formatters/center.jsp</destination>
			<type>jsp</type>
			<uuidstructure>48e413e4-700c-11e0-81d2-c3baf286301a</uuidstructure>
			<uuidresource>48e413e5-700c-11e0-81d2-c3baf286301a</uuidresource>
			<datelastmodified>Tue, 24 May 2011 10:03:29 GMT</datelastmodified>
			<userlastmodified>Admin</userlastmodified>
			<datecreated>Tue, 26 Apr 2011 13:51:28 GMT</datecreated>
			<usercreated>Admin</usercreated>
			<flags>0</flags>
			<properties>
				<property>
					<name>Title</name>
					<value><![CDATA[Formatter for center containers]]></value>
				</property>
				<property>
					<name>cache</name>
					<value><![CDATA[container-element;locale]]></value>
				</property>
				<property type="shared">
					<name>export</name>
					<value><![CDATA[false]]></value>
				</property>
			</properties>
			<relations/>
			<accesscontrol/>
		</file>
		<file>
			<source>system/modules/com.alkacon.opencms.v8.list/formatters/side.jsp</source>
			<destination>system/modules/com.alkacon.opencms.v8.list/formatters/side.jsp</destination>
			<type>jsp</type>
			<uuidstructure>de2dcb3c-8547-11e0-8012-c96c1b6c43a9</uuidstructure>
			<uuidresource>de2dcb3d-8547-11e0-8012-c96c1b6c43a9</uuidresource>
			<datelastmodified>Mon, 23 May 2011 14:21:04 GMT</datelastmodified>
			<userlastmodified>Admin</userlastmodified>
			<datecreated>Mon, 23 May 2011 14:20:53 GMT</datecreated>
			<usercreated>Admin</usercreated>
			<flags>0</flags>
			<properties>
				<property>
					<name>Title</name>
					<value><![CDATA[Formatter for side containers]]></value>
				</property>
				<property>
					<name>cache</name>
					<value><![CDATA[container-element;locale]]></value>
				</property>
				<property type="shared">
					<name>export</name>
					<value><![CDATA[false]]></value>
				</property>
			</properties>
			<relations/>
			<accesscontrol/>
		</file>
		<file>
			<destination>system/modules/com.alkacon.opencms.v8.list/java_src</destination>
			<type>folder</type>
			<uuidstructure>5949beb4-70c8-11e0-ba7d-5de1afb8a118</uuidstructure>
			<datelastmodified>Wed, 27 Apr 2011 12:17:41 GMT</datelastmodified>
			<userlastmodified>Admin</userlastmodified>
			<datecreated>Wed, 27 Apr 2011 12:17:41 GMT</datecreated>
			<usercreated>Admin</usercreated>
			<flags>0</flags>
			<properties/>
			<relations/>
			<accesscontrol/>
		</file>
		<file>
			<source>system/modules/com.alkacon.opencms.v8.list/java_src/CmsCollectorSelectWidget.java</source>
			<destination>system/modules/com.alkacon.opencms.v8.list/java_src/CmsCollectorSelectWidget.java</destination>
			<type>plain</type>
			<uuidstructure>6dc4aa37-70c8-11e0-ba7d-5de1afb8a118</uuidstructure>
			<uuidresource>6dc4aa38-70c8-11e0-ba7d-5de1afb8a118</uuidresource>
			<datelastmodified>Wed, 27 Apr 2011 12:18:47 GMT</datelastmodified>
			<userlastmodified>Admin</userlastmodified>
			<datecreated>Wed, 27 Apr 2011 12:18:15 GMT</datecreated>
			<usercreated>Admin</usercreated>
			<flags>0</flags>
			<properties>
				<property>
					<name>Title</name>
					<value><![CDATA[CmsCollectorSelectWidget]]></value>
				</property>
			</properties>
			<relations/>
			<accesscontrol/>
		</file>
		<file>
			<source>system/modules/com.alkacon.opencms.v8.list/java_src/CmsListConfiguration.java</source>
			<destination>system/modules/com.alkacon.opencms.v8.list/java_src/CmsListConfiguration.java</destination>
			<type>plain</type>
			<uuidstructure>6dfde2aa-70c8-11e0-ba7d-5de1afb8a118</uuidstructure>
			<uuidresource>6dfde2ab-70c8-11e0-ba7d-5de1afb8a118</uuidresource>
			<datelastmodified>Wed, 27 Apr 2011 12:19:03 GMT</datelastmodified>
			<userlastmodified>Admin</userlastmodified>
			<datecreated>Wed, 27 Apr 2011 12:18:16 GMT</datecreated>
			<usercreated>Admin</usercreated>
			<flags>0</flags>
			<properties>
				<property>
					<name>Title</name>
					<value><![CDATA[CmsListConfiguration]]></value>
				</property>
			</properties>
			<relations/>
			<accesscontrol/>
		</file>
		<file>
			<source>system/modules/com.alkacon.opencms.v8.list/java_src/CmsListContentMapping.java</source>
			<destination>system/modules/com.alkacon.opencms.v8.list/java_src/CmsListContentMapping.java</destination>
			<type>plain</type>
			<uuidstructure>6e029d9d-70c8-11e0-ba7d-5de1afb8a118</uuidstructure>
			<uuidresource>6e029d9e-70c8-11e0-ba7d-5de1afb8a118</uuidresource>
			<datelastmodified>Wed, 27 Apr 2011 12:19:17 GMT</datelastmodified>
			<userlastmodified>Admin</userlastmodified>
			<datecreated>Wed, 27 Apr 2011 12:18:16 GMT</datecreated>
			<usercreated>Admin</usercreated>
			<flags>0</flags>
			<properties>
				<property>
					<name>Title</name>
					<value><![CDATA[CmsListContentMapping]]></value>
				</property>
			</properties>
			<relations/>
			<accesscontrol/>
		</file>
		<file>
			<source>system/modules/com.alkacon.opencms.v8.list/java_src/CmsListEntry.java</source>
			<destination>system/modules/com.alkacon.opencms.v8.list/java_src/CmsListEntry.java</destination>
			<type>plain</type>
			<uuidstructure>6e04e790-70c8-11e0-ba7d-5de1afb8a118</uuidstructure>
			<uuidresource>6e04e791-70c8-11e0-ba7d-5de1afb8a118</uuidresource>
			<datelastmodified>Wed, 27 Apr 2011 12:19:37 GMT</datelastmodified>
			<userlastmodified>Admin</userlastmodified>
			<datecreated>Wed, 27 Apr 2011 12:18:16 GMT</datecreated>
			<usercreated>Admin</usercreated>
			<flags>0</flags>
			<properties>
				<property>
					<name>Title</name>
					<value><![CDATA[CmsListEntry]]></value>
				</property>
			</properties>
			<relations/>
			<accesscontrol/>
		</file>
		<file>
			<destination>system/modules/com.alkacon.opencms.v8.list/lib</destination>
			<type>folder</type>
			<uuidstructure>0c5c3192-70a8-11e0-ac0d-c3baf286301a</uuidstructure>
			<datelastmodified>Wed, 27 Apr 2011 08:26:28 GMT</datelastmodified>
			<userlastmodified>Admin</userlastmodified>
			<datecreated>Wed, 27 Apr 2011 08:26:28 GMT</datecreated>
			<usercreated>Admin</usercreated>
			<flags>0</flags>
			<properties/>
			<relations/>
			<accesscontrol/>
		</file>
		<file>
			<source>system/modules/com.alkacon.opencms.v8.list/lib/com.alkacon.opencms.v8.list.jar</source>
			<destination>system/modules/com.alkacon.opencms.v8.list/lib/com.alkacon.opencms.v8.list.jar</destination>
			<type>binary</type>
			<uuidstructure>1db850e5-70a8-11e0-ac0d-c3baf286301a</uuidstructure>
			<uuidresource>1db850e6-70a8-11e0-ac0d-c3baf286301a</uuidresource>
			<datelastmodified>Wed, 27 Apr 2011 08:27:05 GMT</datelastmodified>
			<userlastmodified>Admin</userlastmodified>
			<datecreated>Wed, 27 Apr 2011 08:26:57 GMT</datecreated>
			<usercreated>Admin</usercreated>
			<flags>0</flags>
			<properties/>
			<relations/>
			<accesscontrol/>
		</file>
		<file>
			<destination>system/modules/com.alkacon.opencms.v8.list/resources</destination>
			<type>folder</type>
			<uuidstructure>69f2241b-854c-11e0-8012-c96c1b6c43a9</uuidstructure>
			<datelastmodified>Mon, 23 May 2011 14:53:26 GMT</datelastmodified>
			<userlastmodified>Admin</userlastmodified>
			<datecreated>Mon, 23 May 2011 14:53:26 GMT</datecreated>
			<usercreated>Admin</usercreated>
			<flags>0</flags>
			<properties/>
			<relations/>
			<accesscontrol/>
		</file>
		<file>
			<source>system/modules/com.alkacon.opencms.v8.list/resources/jquery.pagination.js</source>
			<destination>system/modules/com.alkacon.opencms.v8.list/resources/jquery.pagination.js</destination>
			<type>plain</type>
			<uuidstructure>73cc924e-854c-11e0-8012-c96c1b6c43a9</uuidstructure>
			<uuidresource>73cc924f-854c-11e0-8012-c96c1b6c43a9</uuidresource>
			<datelastmodified>Mon, 23 May 2011 14:54:20 GMT</datelastmodified>
			<userlastmodified>Admin</userlastmodified>
			<datecreated>Mon, 23 May 2011 14:53:42 GMT</datecreated>
			<usercreated>Admin</usercreated>
			<flags>0</flags>
			<properties>
				<property>
					<name>Title</name>
					<value><![CDATA[jQuery pagination]]></value>
				</property>
			</properties>
			<relations/>
			<accesscontrol/>
		</file>
		<file>
			<source>system/modules/com.alkacon.opencms.v8.list/resources/pagination.css</source>
			<destination>system/modules/com.alkacon.opencms.v8.list/resources/pagination.css</destination>
			<type>plain</type>
			<uuidstructure>73cf0351-854c-11e0-8012-c96c1b6c43a9</uuidstructure>
			<uuidresource>73cf0352-854c-11e0-8012-c96c1b6c43a9</uuidresource>
			<datelastmodified>Tue, 24 May 2011 09:51:11 GMT</datelastmodified>
			<userlastmodified>Admin</userlastmodified>
			<datecreated>Mon, 23 May 2011 14:53:42 GMT</datecreated>
			<usercreated>Admin</usercreated>
			<flags>0</flags>
			<properties>
				<property>
					<name>Title</name>
					<value><![CDATA[Pagination CSS]]></value>
				</property>
			</properties>
			<relations/>
			<accesscontrol/>
		</file>
		<file>
			<source>system/modules/com.alkacon.opencms.v8.list/resources/pagination.js</source>
			<destination>system/modules/com.alkacon.opencms.v8.list/resources/pagination.js</destination>
			<type>plain</type>
			<uuidstructure>3b0d10f4-854e-11e0-8012-c96c1b6c43a9</uuidstructure>
			<uuidresource>3b0d10f5-854e-11e0-8012-c96c1b6c43a9</uuidresource>
			<datelastmodified>Tue, 24 May 2011 10:22:45 GMT</datelastmodified>
			<userlastmodified>Admin</userlastmodified>
			<datecreated>Mon, 23 May 2011 15:06:26 GMT</datecreated>
			<usercreated>Admin</usercreated>
			<flags>0</flags>
			<properties>
				<property>
					<name>Title</name>
					<value><![CDATA[Pagination functions]]></value>
				</property>
			</properties>
			<relations/>
			<accesscontrol/>
		</file>
		<file>
			<destination>system/modules/com.alkacon.opencms.v8.list/schemas</destination>
			<type>folder</type>
			<uuidstructure>2c75a8bf-6fef-11e0-b779-c3baf286301a</uuidstructure>
			<datelastmodified>Tue, 26 Apr 2011 10:23:05 GMT</datelastmodified>
			<userlastmodified>Admin</userlastmodified>
			<datecreated>Tue, 26 Apr 2011 10:23:05 GMT</datecreated>
			<usercreated>Admin</usercreated>
			<flags>0</flags>
			<properties/>
			<relations/>
			<accesscontrol/>
		</file>
		<file>
			<source>system/modules/com.alkacon.opencms.v8.list/schemas/list.xsd</source>
			<destination>system/modules/com.alkacon.opencms.v8.list/schemas/list.xsd</destination>
			<type>plain</type>
			<uuidstructure>c813273f-6fef-11e0-b779-c3baf286301a</uuidstructure>
			<uuidresource>c8132740-6fef-11e0-b779-c3baf286301a</uuidresource>
			<datelastmodified>Tue, 28 Jun 2011 14:46:32 GMT</datelastmodified>
			<userlastmodified>Admin</userlastmodified>
			<datecreated>Tue, 26 Apr 2011 10:27:26 GMT</datecreated>
			<usercreated>Admin</usercreated>
			<flags>0</flags>
			<properties>
				<property>
					<name>Title</name>
					<value><![CDATA[XSD for a list configuration]]></value>
				</property>
			</properties>
			<relations/>
			<accesscontrol/>
		</file>
		<file>
			<destination>system/modules/com.alkacon.opencms.v8.list/schemas/nested</destination>
			<type>folder</type>
			<uuidstructure>c154ed2d-6fef-11e0-b779-c3baf286301a</uuidstructure>
			<datelastmodified>Tue, 26 Apr 2011 10:27:15 GMT</datelastmodified>
			<userlastmodified>Admin</userlastmodified>
			<datecreated>Tue, 26 Apr 2011 10:27:15 GMT</datecreated>
			<usercreated>Admin</usercreated>
			<flags>0</flags>
			<properties/>
			<relations/>
			<accesscontrol/>
		</file>
		<file>
			<source>system/modules/com.alkacon.opencms.v8.list/schemas/nested/link.xsd</source>
			<destination>system/modules/com.alkacon.opencms.v8.list/schemas/nested/link.xsd</destination>
			<type>plain</type>
			<uuidstructure>7cca53ec-82b9-11e0-b31e-c1b6fb5574d7</uuidstructure>
			<uuidresource>7cca53ed-82b9-11e0-b31e-c1b6fb5574d7</uuidresource>
			<datelastmodified>Fri, 20 May 2011 08:45:25 GMT</datelastmodified>
			<userlastmodified>Admin</userlastmodified>
			<datecreated>Fri, 20 May 2011 08:16:39 GMT</datecreated>
			<usercreated>Admin</usercreated>
			<flags>0</flags>
			<properties>
				<property>
					<name>Title</name>
					<value><![CDATA[Nested XSD for additional link]]></value>
				</property>
			</properties>
			<relations/>
			<accesscontrol/>
		</file>
		<file>
			<source>system/modules/com.alkacon.opencms.v8.list/schemas/nested/mappings.xsd</source>
			<destination>system/modules/com.alkacon.opencms.v8.list/schemas/nested/mappings.xsd</destination>
			<type>plain</type>
			<uuidstructure>ecd8e922-6fef-11e0-b779-c3baf286301a</uuidstructure>
			<uuidresource>ecd8e923-6fef-11e0-b779-c3baf286301a</uuidresource>
			<datelastmodified>Tue, 26 Apr 2011 10:44:53 GMT</datelastmodified>
			<userlastmodified>Admin</userlastmodified>
			<datecreated>Tue, 26 Apr 2011 10:28:28 GMT</datecreated>
			<usercreated>Admin</usercreated>
			<flags>0</flags>
			<properties>
				<property>
					<name>Title</name>
					<value><![CDATA[Nested XSD for element mappings]]></value>
				</property>
			</properties>
			<relations/>
			<accesscontrol/>
		</file>
		<file>
			<destination>system/workplace</destination>
			<type>folder</type>
			<uuidstructure>6dbd9558-8db6-11e0-972f-8f51174189b7</uuidstructure>
			<datelastmodified>Mon, 27 Mar 2006 12:00:00 GMT</datelastmodified>
			<userlastmodified>Admin</userlastmodified>
			<datecreated>Mon, 27 Jun 2005 08:00:00 GMT</datecreated>
			<usercreated>Admin</usercreated>
			<flags>0</flags>
			<properties>
				<property>
					<name>content-encoding</name>
					<value><![CDATA[UTF-8]]></value>
				</property>
				<property>
					<name>export</name>
					<value><![CDATA[false]]></value>
				</property>
				<property>
					<name>login-form</name>
					<value><![CDATA[/system/login/index.html]]></value>
				</property>
			</properties>
			<relations/>
			<accesscontrol>
				<accessentry>
					<uuidprincipal>ALL_OTHERS</uuidprincipal>
					<flags>134</flags>
					<permissionset>
						<allowed>0</allowed>
						<denied>0</denied>
					</permissionset>
				</accessentry>
				<accessentry>
					<uuidprincipal>ROLE.WORKPLACE_USER</uuidprincipal>
					<flags>518</flags>
					<permissionset>
						<allowed>5</allowed>
						<denied>0</denied>
					</permissionset>
				</accessentry>
			</accesscontrol>
		</file>
		<file>
			<destination>system/workplace/resources</destination>
			<type>folder</type>
			<uuidstructure>6dbfdf50-8db6-11e0-972f-8f51174189b7</uuidstructure>
			<datelastmodified>Mon, 27 Mar 2006 12:00:00 GMT</datelastmodified>
			<userlastmodified>Admin</userlastmodified>
			<datecreated>Mon, 27 Jun 2005 08:00:00 GMT</datecreated>
			<usercreated>Admin</usercreated>
			<flags>0</flags>
			<properties/>
			<relations/>
			<accesscontrol/>
		</file>
		<file>
			<destination>system/workplace/resources/filetypes</destination>
			<type>folder</type>
			<uuidstructure>6dc24f52-8db6-11e0-972f-8f51174189b7</uuidstructure>
			<datelastmodified>Mon, 27 Mar 2006 12:00:00 GMT</datelastmodified>
			<userlastmodified>Admin</userlastmodified>
			<datecreated>Mon, 27 Jun 2005 08:00:00 GMT</datecreated>
			<usercreated>Admin</usercreated>
			<flags>0</flags>
			<properties/>
			<relations/>
			<accesscontrol/>
		</file>
		<file>
			<source>system/workplace/resources/filetypes/v8list.png</source>
			<destination>system/workplace/resources/filetypes/v8list.png</destination>
			<type>image</type>
			<uuidstructure>eaf5af9a-7002-11e0-b779-c3baf286301a</uuidstructure>
			<uuidresource>eaf5af9b-7002-11e0-b779-c3baf286301a</uuidresource>
			<datelastmodified>Tue, 26 Apr 2011 12:44:36 GMT</datelastmodified>
			<userlastmodified>Admin</userlastmodified>
			<datecreated>Tue, 26 Apr 2011 12:44:25 GMT</datecreated>
			<usercreated>Admin</usercreated>
			<flags>0</flags>
			<properties>
				<property type="shared">
					<name>image.size</name>
					<value><![CDATA[w:16,h:16]]></value>
				</property>
			</properties>
			<relations/>
			<accesscontrol/>
		</file>
		<file>
			<source>system/workplace/resources/filetypes/v8list_big.png</source>
			<destination>system/workplace/resources/filetypes/v8list_big.png</destination>
			<type>image</type>
			<uuidstructure>eafcdb8e-7002-11e0-b779-c3baf286301a</uuidstructure>
			<uuidresource>eafcdb8f-7002-11e0-b779-c3baf286301a</uuidresource>
			<datelastmodified>Tue, 26 Apr 2011 12:44:45 GMT</datelastmodified>
			<userlastmodified>Admin</userlastmodified>
			<datecreated>Tue, 26 Apr 2011 12:44:25 GMT</datecreated>
			<usercreated>Admin</usercreated>
			<flags>0</flags>
			<properties>
				<property type="shared">
					<name>image.size</name>
					<value><![CDATA[w:24,h:24]]></value>
				</property>
			</properties>
			<relations/>
			<accesscontrol/>
		</file>
		<file>
			<source>system/workplace/resources/filetypes/v8listgallery.png</source>
			<destination>system/workplace/resources/filetypes/v8listgallery.png</destination>
			<type>image</type>
			<uuidstructure>dfd4dced-758e-11e0-bb02-a1b7a1ca2b7f</uuidstructure>
			<uuidresource>dfd4dcee-758e-11e0-bb02-a1b7a1ca2b7f</uuidresource>
			<datelastmodified>Tue, 03 May 2011 14:09:28 GMT</datelastmodified>
			<userlastmodified>Admin</userlastmodified>
			<datecreated>Tue, 03 May 2011 14:08:52 GMT</datecreated>
			<usercreated>Admin</usercreated>
			<flags>0</flags>
			<properties>
				<property type="shared">
					<name>image.size</name>
					<value><![CDATA[w:24,h:24]]></value>
				</property>
			</properties>
			<relations/>
			<accesscontrol/>
		</file>
		<file>
			<source>system/workplace/resources/filetypes/v8listgallery_big.png</source>
			<destination>system/workplace/resources/filetypes/v8listgallery_big.png</destination>
			<type>image</type>
			<uuidstructure>dfd997e1-758e-11e0-bb02-a1b7a1ca2b7f</uuidstructure>
			<uuidresource>dfd997e2-758e-11e0-bb02-a1b7a1ca2b7f</uuidresource>
			<datelastmodified>Tue, 03 May 2011 14:09:35 GMT</datelastmodified>
			<userlastmodified>Admin</userlastmodified>
			<datecreated>Tue, 03 May 2011 14:08:52 GMT</datecreated>
			<usercreated>Admin</usercreated>
			<flags>0</flags>
			<properties>
				<property type="shared">
					<name>image.size</name>
					<value><![CDATA[w:24,h:24]]></value>
				</property>
			</properties>
			<relations/>
			<accesscontrol/>
		</file>
	</files>
</export>
