<?xml version="1.0" encoding="UTF-8"?>
<export>
  <info>
    <creator>Admin</creator>
    <opencms_version>8.5.0</opencms_version>
    <createdate>Fri, 25 Feb 2011 13:06:35 GMT</createdate>
    <infoproject>Offline</infoproject>
    <export_version>7</export_version>
  </info>
  <module>
    <name>org.opencms.ade.upload</name>
    <nicename><![CDATA[OpenCms 8 ADE Upload]]></nicename>
    <group>OpenCms ADE</group>
    <class/>
    <description><![CDATA[<p>Gwt based upload dialog for OpenCms 8</p>
					 <p><i>(c) 2013 by Alkacon Software GmbH (http://www.alkacon.com).</i></p>]]></description>
    <version>8.5.1</version>
    <authorname><![CDATA[Alkacon Software GmbH]]></authorname>
    <authoremail><![CDATA[info@alkacon.com]]></authoremail>
    <datecreated/>
    <userinstalled/>
    <dateinstalled/>
    <dependencies>
      <dependency name="org.opencms.gwt" version="8.5.0"/>
    </dependencies>
    <exportpoints>
      <exportpoint uri="/system/modules/org.opencms.ade.upload/resources/" destination="resources/ade/"/>
    </exportpoints>
    <resources>
      <resource uri="/system/modules/org.opencms.ade.upload/"/>
    </resources>
    <parameters>
      
    <param name="gwt.buildid">20130207</param>
</parameters>
  </module>
  <files>
    <file>
      <destination>system</destination>
      <type>folder</type>
      <uuidstructure>ef0c9a52-40ba-11e0-b520-e756eface22e</uuidstructure>
      <datelastmodified>Fri, 25 Feb 2011 08:40:44 GMT</datelastmodified>
      <userlastmodified>Admin</userlastmodified>
      <datecreated>Fri, 25 Feb 2011 08:40:44 GMT</datecreated>
      <usercreated>Admin</usercreated>
      <flags>0</flags>
      <properties/>
      <relations/>
      <accesscontrol>
        <accessentry>
          <uuidprincipal>ROLE.WORKPLACE_USER</uuidprincipal>
          <flags>514</flags>
          <permissionset>
            <allowed>1</allowed>
            <denied>0</denied>
          </permissionset>
        </accessentry>
      </accesscontrol>
    </file>
    <file>
      <destination>system/modules</destination>
      <type>folder</type>
      <uuidstructure>efc42abe-40ba-11e0-b520-e756eface22e</uuidstructure>
      <datelastmodified>Fri, 25 Feb 2011 08:40:45 GMT</datelastmodified>
      <userlastmodified>Admin</userlastmodified>
      <datecreated>Fri, 25 Feb 2011 08:40:45 GMT</datecreated>
      <usercreated>Admin</usercreated>
      <flags>0</flags>
      <properties/>
      <relations/>
      <accesscontrol>
        <accessentry>
          <uuidprincipal>ROLE.WORKPLACE_USER</uuidprincipal>
          <flags>514</flags>
          <permissionset>
            <allowed>5</allowed>
            <denied>0</denied>
          </permissionset>
        </accessentry>
      </accesscontrol>
    </file>
    <file>
      <destination>system/modules/org.opencms.ade.upload</destination>
      <type>folder</type>
      <uuidstructure>b83a2326-40de-11e0-b044-e756eface22e</uuidstructure>
      <datelastmodified>Fri, 25 Feb 2011 12:56:53 GMT</datelastmodified>
      <userlastmodified>Admin</userlastmodified>
      <datecreated>Fri, 25 Feb 2011 12:56:53 GMT</datecreated>
      <usercreated>Admin</usercreated>
      <flags>0</flags>
      <properties/>
      <relations/>
      <accesscontrol/>
    </file>
    <file>
      <source>system/modules/org.opencms.ade.upload/upload.jsp</source>
      <destination>system/modules/org.opencms.ade.upload/upload.jsp</destination>
      <type>jsp</type>
      <uuidstructure>be9eaf09-40df-11e0-b044-e756eface22e</uuidstructure>
      <uuidresource>be9eaf0a-40df-11e0-b044-e756eface22e</uuidresource>
      <datelastmodified>Fri, 25 Feb 2011 13:04:14 GMT</datelastmodified>
      <userlastmodified>Admin</userlastmodified>
      <datecreated>Fri, 25 Feb 2011 13:04:14 GMT</datecreated>
      <usercreated>Admin</usercreated>
      <flags>0</flags>
      <properties>
        <property type="shared">
          <name>export</name>
          <value><![CDATA[false]]></value>
        </property>
      </properties>
      <relations/>
      <accesscontrol/>
    </file>
    <file>
      <source>system/modules/org.opencms.ade.upload/uploadAction.jsp</source>
      <destination>system/modules/org.opencms.ade.upload/uploadAction.jsp</destination>
      <type>jsp</type>
      <uuidstructure>54fc80dc-287a-11e0-9363-9d0a6b56f130</uuidstructure>
      <uuidresource>54fc80dd-287a-11e0-9363-9d0a6b56f130</uuidresource>
      <datelastmodified>Tue, 25 Jan 2011 13:19:14 GMT</datelastmodified>
      <userlastmodified>Admin</userlastmodified>
      <datecreated>Tue, 25 Jan 2011 11:57:49 GMT</datecreated>
      <usercreated>Admin</usercreated>
      <flags>0</flags>
      <properties>
        <property>
          <name>Title</name>
          <value><![CDATA[The upload JSP]]></value>
        </property>
        <property type="shared">
          <name>export</name>
          <value><![CDATA[false]]></value>
        </property>
      </properties>
      <relations/>
      <accesscontrol/>
    </file>
    <file>
      <destination>system/modules/org.opencms.ade.upload/resources</destination>
      <type>folder</type>
      <uuidstructure>fd5d002c-40df-11e0-b044-e756eface22e</uuidstructure>
      <datelastmodified>Fri, 25 Feb 2011 13:05:59 GMT</datelastmodified>
      <userlastmodified>Admin</userlastmodified>
      <datecreated>Fri, 25 Feb 2011 13:05:59 GMT</datecreated>
      <usercreated>Admin</usercreated>
      <flags>0</flags>
      <properties/>
      <relations/>
      <accesscontrol/>
    </file>
    <file>
      <destination>system/modules/org.opencms.ade.upload/resources/upload</destination>
      <type>folder</type>
      <uuidstructure>2d8a47d6-71ae-11e0-883b-cd21a79dc8d2</uuidstructure>
      <datelastmodified>Thu, 28 Apr 2011 15:42:52 GMT</datelastmodified>
      <userlastmodified>Admin</userlastmodified>
      <datecreated>Thu, 28 Apr 2011 15:42:52 GMT</datecreated>
      <usercreated>Admin</usercreated>
      <flags>0</flags>
      <properties/>
      <relations/>
      <accesscontrol/>
    </file>
    <file>
      <source>system/modules/org.opencms.ade.upload/resources/upload/0326AF455425F6065C00E0361659A798.cache.png</source>
      <destination>system/modules/org.opencms.ade.upload/resources/upload/0326AF455425F6065C00E0361659A798.cache.png</destination>
      <type>image</type>
      <uuidstructure>e45c2bbd-0224-11e2-894a-d93aa7f5002a</uuidstructure>
      <uuidresource>e45c2bbe-0224-11e2-894a-d93aa7f5002a</uuidresource>
      <datelastmodified>Wed, 19 Sep 2012 06:40:24 GMT</datelastmodified>
      <userlastmodified>Admin</userlastmodified>
      <datecreated>Wed, 19 Sep 2012 06:40:24 GMT</datecreated>
      <usercreated>Admin</usercreated>
      <flags>0</flags>
      <properties/>
      <relations/>
      <accesscontrol/>
    </file>
    <file>
      <source>system/modules/org.opencms.ade.upload/resources/upload/07B79EDA917A4EB940EFF2814B61B238.cache.png</source>
      <destination>system/modules/org.opencms.ade.upload/resources/upload/07B79EDA917A4EB940EFF2814B61B238.cache.png</destination>
      <type>image</type>
      <uuidstructure>d6dca43c-92a8-11e0-be9d-73dc0a39a6bf</uuidstructure>
      <uuidresource>d6dca43d-92a8-11e0-be9d-73dc0a39a6bf</uuidresource>
      <datelastmodified>Thu, 09 Jun 2011 14:57:47 GMT</datelastmodified>
      <userlastmodified>Admin</userlastmodified>
      <datecreated>Thu, 09 Jun 2011 14:57:47 GMT</datecreated>
      <usercreated>Admin</usercreated>
      <flags>0</flags>
      <properties/>
      <relations/>
      <accesscontrol/>
    </file>
    <file>
      <source>system/modules/org.opencms.ade.upload/resources/upload/0C2636863EBF1B7E60FACEDA96D6E448.cache.gif</source>
      <destination>system/modules/org.opencms.ade.upload/resources/upload/0C2636863EBF1B7E60FACEDA96D6E448.cache.gif</destination>
      <type>image</type>
      <uuidstructure>d6e3d030-92a8-11e0-be9d-73dc0a39a6bf</uuidstructure>
      <uuidresource>d6e3d031-92a8-11e0-be9d-73dc0a39a6bf</uuidresource>
      <datelastmodified>Thu, 09 Jun 2011 14:57:47 GMT</datelastmodified>
      <userlastmodified>Admin</userlastmodified>
      <datecreated>Thu, 09 Jun 2011 14:57:47 GMT</datecreated>
      <usercreated>Admin</usercreated>
      <flags>0</flags>
      <properties/>
      <relations/>
      <accesscontrol/>
    </file>
    <file>
      <source>system/modules/org.opencms.ade.upload/resources/upload/0F89659FF3F324AE4116F700257E32BD.cache.gif</source>
      <destination>system/modules/org.opencms.ade.upload/resources/upload/0F89659FF3F324AE4116F700257E32BD.cache.gif</destination>
      <type>image</type>
      <uuidstructure>e45e9cbf-0224-11e2-894a-d93aa7f5002a</uuidstructure>
      <uuidresource>e45e9cc0-0224-11e2-894a-d93aa7f5002a</uuidresource>
      <datelastmodified>Wed, 19 Sep 2012 06:40:24 GMT</datelastmodified>
      <userlastmodified>Admin</userlastmodified>
      <datecreated>Wed, 19 Sep 2012 06:40:24 GMT</datecreated>
      <usercreated>Admin</usercreated>
      <flags>0</flags>
      <properties/>
      <relations/>
      <accesscontrol/>
    </file>
    <file>
      <source>system/modules/org.opencms.ade.upload/resources/upload/124DCEE507CAB7576C003C7BAF0D9924.cache.png</source>
      <destination>system/modules/org.opencms.ade.upload/resources/upload/124DCEE507CAB7576C003C7BAF0D9924.cache.png</destination>
      <type>image</type>
      <uuidstructure>d6e3d032-92a8-11e0-be9d-73dc0a39a6bf</uuidstructure>
      <uuidresource>d6e3d033-92a8-11e0-be9d-73dc0a39a6bf</uuidresource>
      <datelastmodified>Thu, 09 Jun 2011 14:57:47 GMT</datelastmodified>
      <userlastmodified>Admin</userlastmodified>
      <datecreated>Thu, 09 Jun 2011 14:57:47 GMT</datecreated>
      <usercreated>Admin</usercreated>
      <flags>0</flags>
      <properties/>
      <relations/>
      <accesscontrol/>
    </file>
    <file>
      <source>system/modules/org.opencms.ade.upload/resources/upload/130216F44FAF2CA3A53FBD439D3CA97A.cache.png</source>
      <destination>system/modules/org.opencms.ade.upload/resources/upload/130216F44FAF2CA3A53FBD439D3CA97A.cache.png</destination>
      <type>image</type>
      <uuidstructure>d6e64134-92a8-11e0-be9d-73dc0a39a6bf</uuidstructure>
      <uuidresource>d6e64135-92a8-11e0-be9d-73dc0a39a6bf</uuidresource>
      <datelastmodified>Thu, 09 Jun 2011 14:57:47 GMT</datelastmodified>
      <userlastmodified>Admin</userlastmodified>
      <datecreated>Thu, 09 Jun 2011 14:57:47 GMT</datecreated>
      <usercreated>Admin</usercreated>
      <flags>0</flags>
      <properties/>
      <relations/>
      <accesscontrol/>
    </file>
    <file>
      <source>system/modules/org.opencms.ade.upload/resources/upload/DB7A8202E35FBFC999924630FDCAC8A2.cache.html</source>
      <destination>system/modules/org.opencms.ade.upload/resources/upload/DB7A8202E35FBFC999924630FDCAC8A2.cache.html</destination>
      <type>plain</type>
      <uuidstructure>a7c59516-7112-11e2-83e3-cb257e637cb4</uuidstructure>
      <uuidresource>a7c5e337-7112-11e2-83e3-cb257e637cb4</uuidresource>
      <datelastmodified>Thu, 07 Feb 2013 10:39:31 GMT</datelastmodified>
      <userlastmodified>Admin</userlastmodified>
      <datecreated>Thu, 07 Feb 2013 10:39:31 GMT</datecreated>
      <usercreated>Admin</usercreated>
      <flags>0</flags>
      <properties/>
      <relations/>
      <accesscontrol/>
    </file>
    <file>
      <source>system/modules/org.opencms.ade.upload/resources/upload/13D2931874E71D07F248A0CDF051CC85.cache.png</source>
      <destination>system/modules/org.opencms.ade.upload/resources/upload/13D2931874E71D07F248A0CDF051CC85.cache.png</destination>
      <type>image</type>
      <uuidstructure>e45e9cc1-0224-11e2-894a-d93aa7f5002a</uuidstructure>
      <uuidresource>e45e9cc2-0224-11e2-894a-d93aa7f5002a</uuidresource>
      <datelastmodified>Wed, 19 Sep 2012 06:40:24 GMT</datelastmodified>
      <userlastmodified>Admin</userlastmodified>
      <datecreated>Wed, 19 Sep 2012 06:40:24 GMT</datecreated>
      <usercreated>Admin</usercreated>
      <flags>0</flags>
      <properties/>
      <relations/>
      <accesscontrol/>
    </file>
    <file>
      <source>system/modules/org.opencms.ade.upload/resources/upload/157263C9722C7F5A5AD963F6B5594F87.cache.png</source>
      <destination>system/modules/org.opencms.ade.upload/resources/upload/157263C9722C7F5A5AD963F6B5594F87.cache.png</destination>
      <type>image</type>
      <uuidstructure>d6e64136-92a8-11e0-be9d-73dc0a39a6bf</uuidstructure>
      <uuidresource>d6e64137-92a8-11e0-be9d-73dc0a39a6bf</uuidresource>
      <datelastmodified>Thu, 09 Jun 2011 14:57:47 GMT</datelastmodified>
      <userlastmodified>Admin</userlastmodified>
      <datecreated>Thu, 09 Jun 2011 14:57:47 GMT</datecreated>
      <usercreated>Admin</usercreated>
      <flags>0</flags>
      <properties/>
      <relations/>
      <accesscontrol/>
    </file>
    <file>
      <source>system/modules/org.opencms.ade.upload/resources/upload/1BA570A78005D17EB033A5D959952436.cache.gif</source>
      <destination>system/modules/org.opencms.ade.upload/resources/upload/1BA570A78005D17EB033A5D959952436.cache.gif</destination>
      <type>image</type>
      <uuidstructure>d6e88b2a-92a8-11e0-be9d-73dc0a39a6bf</uuidstructure>
      <uuidresource>d6e88b2b-92a8-11e0-be9d-73dc0a39a6bf</uuidresource>
      <datelastmodified>Thu, 09 Jun 2011 14:57:47 GMT</datelastmodified>
      <userlastmodified>Admin</userlastmodified>
      <datecreated>Thu, 09 Jun 2011 14:57:47 GMT</datecreated>
      <usercreated>Admin</usercreated>
      <flags>0</flags>
      <properties/>
      <relations/>
      <accesscontrol/>
    </file>
    <file>
      <source>system/modules/org.opencms.ade.upload/resources/upload/1D0A264C2E6019D983DD72D1EE01457E.cache.png</source>
      <destination>system/modules/org.opencms.ade.upload/resources/upload/1D0A264C2E6019D983DD72D1EE01457E.cache.png</destination>
      <type>image</type>
      <uuidstructure>d6e88b2c-92a8-11e0-be9d-73dc0a39a6bf</uuidstructure>
      <uuidresource>d6e88b2d-92a8-11e0-be9d-73dc0a39a6bf</uuidresource>
      <datelastmodified>Thu, 09 Jun 2011 14:57:47 GMT</datelastmodified>
      <userlastmodified>Admin</userlastmodified>
      <datecreated>Thu, 09 Jun 2011 14:57:47 GMT</datecreated>
      <usercreated>Admin</usercreated>
      <flags>0</flags>
      <properties/>
      <relations/>
      <accesscontrol/>
    </file>
    <file>
      <source>system/modules/org.opencms.ade.upload/resources/upload/21998B27314C5C5FC843A89E07E05FCF.cache.png</source>
      <destination>system/modules/org.opencms.ade.upload/resources/upload/21998B27314C5C5FC843A89E07E05FCF.cache.png</destination>
      <type>image</type>
      <uuidstructure>d6e88b2e-92a8-11e0-be9d-73dc0a39a6bf</uuidstructure>
      <uuidresource>d6e88b2f-92a8-11e0-be9d-73dc0a39a6bf</uuidresource>
      <datelastmodified>Thu, 09 Jun 2011 14:57:47 GMT</datelastmodified>
      <userlastmodified>Admin</userlastmodified>
      <datecreated>Thu, 09 Jun 2011 14:57:47 GMT</datecreated>
      <usercreated>Admin</usercreated>
      <flags>0</flags>
      <properties/>
      <relations/>
      <accesscontrol/>
    </file>
    <file>
      <source>system/modules/org.opencms.ade.upload/resources/upload/223E04DC70F69BC559571D1C0E0667E5.cache.png</source>
      <destination>system/modules/org.opencms.ade.upload/resources/upload/223E04DC70F69BC559571D1C0E0667E5.cache.png</destination>
      <type>image</type>
      <uuidstructure>e4610dc7-0224-11e2-894a-d93aa7f5002a</uuidstructure>
      <uuidresource>e4610dc8-0224-11e2-894a-d93aa7f5002a</uuidresource>
      <datelastmodified>Wed, 19 Sep 2012 06:40:24 GMT</datelastmodified>
      <userlastmodified>Admin</userlastmodified>
      <datecreated>Wed, 19 Sep 2012 06:40:24 GMT</datecreated>
      <usercreated>Admin</usercreated>
      <flags>0</flags>
      <properties/>
      <relations/>
      <accesscontrol/>
    </file>
    <file>
      <source>system/modules/org.opencms.ade.upload/resources/upload/2504A645642997C1DF7023CD97BFE880.cache.gif</source>
      <destination>system/modules/org.opencms.ade.upload/resources/upload/2504A645642997C1DF7023CD97BFE880.cache.gif</destination>
      <type>image</type>
      <uuidstructure>d6eafc32-92a8-11e0-be9d-73dc0a39a6bf</uuidstructure>
      <uuidresource>d6eafc33-92a8-11e0-be9d-73dc0a39a6bf</uuidresource>
      <datelastmodified>Thu, 09 Jun 2011 14:57:47 GMT</datelastmodified>
      <userlastmodified>Admin</userlastmodified>
      <datecreated>Thu, 09 Jun 2011 14:57:47 GMT</datecreated>
      <usercreated>Admin</usercreated>
      <flags>0</flags>
      <properties/>
      <relations/>
      <accesscontrol/>
    </file>
    <file>
      <source>system/modules/org.opencms.ade.upload/resources/upload/28876666747FD7CF017B39F122F45BFC.cache.png</source>
      <destination>system/modules/org.opencms.ade.upload/resources/upload/28876666747FD7CF017B39F122F45BFC.cache.png</destination>
      <type>image</type>
      <uuidstructure>d6eafc34-92a8-11e0-be9d-73dc0a39a6bf</uuidstructure>
      <uuidresource>d6eafc35-92a8-11e0-be9d-73dc0a39a6bf</uuidresource>
      <datelastmodified>Thu, 09 Jun 2011 14:57:47 GMT</datelastmodified>
      <userlastmodified>Admin</userlastmodified>
      <datecreated>Thu, 09 Jun 2011 14:57:47 GMT</datecreated>
      <usercreated>Admin</usercreated>
      <flags>0</flags>
      <properties/>
      <relations/>
      <accesscontrol/>
    </file>
    <file>
      <source>system/modules/org.opencms.ade.upload/resources/upload/28900C5A986D9BEE9FC75B51403369F9.cache.png</source>
      <destination>system/modules/org.opencms.ade.upload/resources/upload/28900C5A986D9BEE9FC75B51403369F9.cache.png</destination>
      <type>image</type>
      <uuidstructure>d6eafc36-92a8-11e0-be9d-73dc0a39a6bf</uuidstructure>
      <uuidresource>d6eafc37-92a8-11e0-be9d-73dc0a39a6bf</uuidresource>
      <datelastmodified>Thu, 09 Jun 2011 14:57:47 GMT</datelastmodified>
      <userlastmodified>Admin</userlastmodified>
      <datecreated>Thu, 09 Jun 2011 14:57:47 GMT</datecreated>
      <usercreated>Admin</usercreated>
      <flags>0</flags>
      <properties/>
      <relations/>
      <accesscontrol/>
    </file>
    <file>
      <source>system/modules/org.opencms.ade.upload/resources/upload/2D5DCEC84E5ECEEC13AE608620DDA715.cache.png</source>
      <destination>system/modules/org.opencms.ade.upload/resources/upload/2D5DCEC84E5ECEEC13AE608620DDA715.cache.png</destination>
      <type>image</type>
      <uuidstructure>d6ed6d3a-92a8-11e0-be9d-73dc0a39a6bf</uuidstructure>
      <uuidresource>d6ed6d3b-92a8-11e0-be9d-73dc0a39a6bf</uuidresource>
      <datelastmodified>Thu, 09 Jun 2011 14:57:47 GMT</datelastmodified>
      <userlastmodified>Admin</userlastmodified>
      <datecreated>Thu, 09 Jun 2011 14:57:47 GMT</datecreated>
      <usercreated>Admin</usercreated>
      <flags>0</flags>
      <properties/>
      <relations/>
      <accesscontrol/>
    </file>
    <file>
      <source>system/modules/org.opencms.ade.upload/resources/upload/B3FBCB97D97687EF46F1D1880E29B3CA.cache.html</source>
      <destination>system/modules/org.opencms.ade.upload/resources/upload/B3FBCB97D97687EF46F1D1880E29B3CA.cache.html</destination>
      <type>plain</type>
      <uuidstructure>a7927720-7112-11e2-83e3-cb257e637cb4</uuidstructure>
      <uuidresource>a792ec51-7112-11e2-83e3-cb257e637cb4</uuidresource>
      <datelastmodified>Thu, 07 Feb 2013 10:39:30 GMT</datelastmodified>
      <userlastmodified>Admin</userlastmodified>
      <datecreated>Thu, 07 Feb 2013 10:39:30 GMT</datecreated>
      <usercreated>Admin</usercreated>
      <flags>0</flags>
      <properties/>
      <relations/>
      <accesscontrol/>
    </file>
    <file>
      <source>system/modules/org.opencms.ade.upload/resources/upload/2DEFE4429494EC4398B219CEADD32C22.cache.png</source>
      <destination>system/modules/org.opencms.ade.upload/resources/upload/2DEFE4429494EC4398B219CEADD32C22.cache.png</destination>
      <type>image</type>
      <uuidstructure>d6ed6d3c-92a8-11e0-be9d-73dc0a39a6bf</uuidstructure>
      <uuidresource>d6ed6d3d-92a8-11e0-be9d-73dc0a39a6bf</uuidresource>
      <datelastmodified>Thu, 09 Jun 2011 14:57:47 GMT</datelastmodified>
      <userlastmodified>Admin</userlastmodified>
      <datecreated>Thu, 09 Jun 2011 14:57:47 GMT</datecreated>
      <usercreated>Admin</usercreated>
      <flags>0</flags>
      <properties/>
      <relations/>
      <accesscontrol/>
    </file>
    <file>
      <source>system/modules/org.opencms.ade.upload/resources/upload/3E13412DD77AE068AAF96B6978824A75.cache.png</source>
      <destination>system/modules/org.opencms.ade.upload/resources/upload/3E13412DD77AE068AAF96B6978824A75.cache.png</destination>
      <type>image</type>
      <uuidstructure>e46357bb-0224-11e2-894a-d93aa7f5002a</uuidstructure>
      <uuidresource>e46357bc-0224-11e2-894a-d93aa7f5002a</uuidresource>
      <datelastmodified>Wed, 19 Sep 2012 06:40:24 GMT</datelastmodified>
      <userlastmodified>Admin</userlastmodified>
      <datecreated>Wed, 19 Sep 2012 06:40:24 GMT</datecreated>
      <usercreated>Admin</usercreated>
      <flags>0</flags>
      <properties/>
      <relations/>
      <accesscontrol/>
    </file>
    <file>
      <source>system/modules/org.opencms.ade.upload/resources/upload/3E1B3C4D2B52FD7957DA6E43F8D5D4C9.cache.png</source>
      <destination>system/modules/org.opencms.ade.upload/resources/upload/3E1B3C4D2B52FD7957DA6E43F8D5D4C9.cache.png</destination>
      <type>image</type>
      <uuidstructure>9d878455-0ac3-11e1-bbd6-59b57c56cb9f</uuidstructure>
      <uuidresource>9d878456-0ac3-11e1-bbd6-59b57c56cb9f</uuidresource>
      <datelastmodified>Wed, 09 Nov 2011 11:11:47 GMT</datelastmodified>
      <userlastmodified>Admin</userlastmodified>
      <datecreated>Wed, 09 Nov 2011 11:11:47 GMT</datecreated>
      <usercreated>Admin</usercreated>
      <flags>0</flags>
      <properties/>
      <relations/>
      <accesscontrol/>
    </file>
    <file>
      <source>system/modules/org.opencms.ade.upload/resources/upload/4ED1C0B9BE23F2D66FC198C0FD3527D2.cache.png</source>
      <destination>system/modules/org.opencms.ade.upload/resources/upload/4ED1C0B9BE23F2D66FC198C0FD3527D2.cache.png</destination>
      <type>image</type>
      <uuidstructure>e465c8c1-0224-11e2-894a-d93aa7f5002a</uuidstructure>
      <uuidresource>e465c8c2-0224-11e2-894a-d93aa7f5002a</uuidresource>
      <datelastmodified>Wed, 19 Sep 2012 06:40:24 GMT</datelastmodified>
      <userlastmodified>Admin</userlastmodified>
      <datecreated>Wed, 19 Sep 2012 06:40:24 GMT</datecreated>
      <usercreated>Admin</usercreated>
      <flags>0</flags>
      <properties/>
      <relations/>
      <accesscontrol/>
    </file>
    <file>
      <source>system/modules/org.opencms.ade.upload/resources/upload/528F1389CBD23A696B89EF4D65007A96.cache.png</source>
      <destination>system/modules/org.opencms.ade.upload/resources/upload/528F1389CBD23A696B89EF4D65007A96.cache.png</destination>
      <type>image</type>
      <uuidstructure>d6f22836-92a8-11e0-be9d-73dc0a39a6bf</uuidstructure>
      <uuidresource>d6f22837-92a8-11e0-be9d-73dc0a39a6bf</uuidresource>
      <datelastmodified>Thu, 09 Jun 2011 14:57:47 GMT</datelastmodified>
      <userlastmodified>Admin</userlastmodified>
      <datecreated>Thu, 09 Jun 2011 14:57:47 GMT</datecreated>
      <usercreated>Admin</usercreated>
      <flags>0</flags>
      <properties/>
      <relations/>
      <accesscontrol/>
    </file>
    <file>
      <source>system/modules/org.opencms.ade.upload/resources/upload/55E6EF5AA7ECB5C3456D0C233F3D34A1.cache.png</source>
      <destination>system/modules/org.opencms.ade.upload/resources/upload/55E6EF5AA7ECB5C3456D0C233F3D34A1.cache.png</destination>
      <type>image</type>
      <uuidstructure>d6f22838-92a8-11e0-be9d-73dc0a39a6bf</uuidstructure>
      <uuidresource>d6f22839-92a8-11e0-be9d-73dc0a39a6bf</uuidresource>
      <datelastmodified>Thu, 09 Jun 2011 14:57:47 GMT</datelastmodified>
      <userlastmodified>Admin</userlastmodified>
      <datecreated>Thu, 09 Jun 2011 14:57:47 GMT</datecreated>
      <usercreated>Admin</usercreated>
      <flags>0</flags>
      <properties/>
      <relations/>
      <accesscontrol/>
    </file>
    <file>
      <source>system/modules/org.opencms.ade.upload/resources/upload/588C4DA28DB8FF451F98C17E3DB78A1B.cache.gif</source>
      <destination>system/modules/org.opencms.ade.upload/resources/upload/588C4DA28DB8FF451F98C17E3DB78A1B.cache.gif</destination>
      <type>image</type>
      <uuidstructure>a31a2c39-28d6-11e2-b03f-9316b28cdbb9</uuidstructure>
      <uuidresource>a31a2c3a-28d6-11e2-b03f-9316b28cdbb9</uuidresource>
      <datelastmodified>Wed, 07 Nov 2012 12:28:29 GMT</datelastmodified>
      <userlastmodified>Admin</userlastmodified>
      <datecreated>Wed, 07 Nov 2012 12:28:29 GMT</datecreated>
      <usercreated>Admin</usercreated>
      <flags>0</flags>
      <properties/>
      <relations/>
      <accesscontrol/>
    </file>
    <file>
      <source>system/modules/org.opencms.ade.upload/resources/upload/607C234F8298753CFE48C010F4F5B7C2.cache.png</source>
      <destination>system/modules/org.opencms.ade.upload/resources/upload/607C234F8298753CFE48C010F4F5B7C2.cache.png</destination>
      <type>image</type>
      <uuidstructure>d6f4993c-92a8-11e0-be9d-73dc0a39a6bf</uuidstructure>
      <uuidresource>d6f4993d-92a8-11e0-be9d-73dc0a39a6bf</uuidresource>
      <datelastmodified>Thu, 09 Jun 2011 14:57:47 GMT</datelastmodified>
      <userlastmodified>Admin</userlastmodified>
      <datecreated>Thu, 09 Jun 2011 14:57:47 GMT</datecreated>
      <usercreated>Admin</usercreated>
      <flags>0</flags>
      <properties/>
      <relations/>
      <accesscontrol/>
    </file>
    <file>
      <source>system/modules/org.opencms.ade.upload/resources/upload/614A8351A28C0A4378525F849533D3FF.gwt.rpc</source>
      <destination>system/modules/org.opencms.ade.upload/resources/upload/614A8351A28C0A4378525F849533D3FF.gwt.rpc</destination>
      <type>plain</type>
      <uuidstructure>d6f4993e-92a8-11e0-be9d-73dc0a39a6bf</uuidstructure>
      <uuidresource>d6f4993f-92a8-11e0-be9d-73dc0a39a6bf</uuidresource>
      <datelastmodified>Thu, 09 Jun 2011 14:57:47 GMT</datelastmodified>
      <userlastmodified>Admin</userlastmodified>
      <datecreated>Thu, 09 Jun 2011 14:57:47 GMT</datecreated>
      <usercreated>Admin</usercreated>
      <flags>0</flags>
      <properties/>
      <relations/>
      <accesscontrol/>
    </file>
    <file>
      <source>system/modules/org.opencms.ade.upload/resources/upload/67F03376FF6E2527B53E363D94D0F88C.cache.png</source>
      <destination>system/modules/org.opencms.ade.upload/resources/upload/67F03376FF6E2527B53E363D94D0F88C.cache.png</destination>
      <type>image</type>
      <uuidstructure>d6f49942-92a8-11e0-be9d-73dc0a39a6bf</uuidstructure>
      <uuidresource>d6f49943-92a8-11e0-be9d-73dc0a39a6bf</uuidresource>
      <datelastmodified>Thu, 09 Jun 2011 14:57:47 GMT</datelastmodified>
      <userlastmodified>Admin</userlastmodified>
      <datecreated>Thu, 09 Jun 2011 14:57:47 GMT</datecreated>
      <usercreated>Admin</usercreated>
      <flags>0</flags>
      <properties/>
      <relations/>
      <accesscontrol/>
    </file>
    <file>
      <source>system/modules/org.opencms.ade.upload/resources/upload/68007ADE137131ED0FF40540F74FEF7C.cache.png</source>
      <destination>system/modules/org.opencms.ade.upload/resources/upload/68007ADE137131ED0FF40540F74FEF7C.cache.png</destination>
      <type>image</type>
      <uuidstructure>077f1a65-2fc1-11e2-9fa1-b33f9d57d633</uuidstructure>
      <uuidresource>077f1a66-2fc1-11e2-9fa1-b33f9d57d633</uuidresource>
      <datelastmodified>Fri, 16 Nov 2012 07:41:27 GMT</datelastmodified>
      <userlastmodified>Admin</userlastmodified>
      <datecreated>Fri, 16 Nov 2012 07:41:27 GMT</datecreated>
      <usercreated>Admin</usercreated>
      <flags>0</flags>
      <properties/>
      <relations/>
      <accesscontrol/>
    </file>
    <file>
      <source>system/modules/org.opencms.ade.upload/resources/upload/AA465F72E6D833951340F3C9577E4CAE.cache.html</source>
      <destination>system/modules/org.opencms.ade.upload/resources/upload/AA465F72E6D833951340F3C9577E4CAE.cache.html</destination>
      <type>plain</type>
      <uuidstructure>a79b29b2-7112-11e2-83e3-cb257e637cb4</uuidstructure>
      <uuidresource>a79cfe73-7112-11e2-83e3-cb257e637cb4</uuidresource>
      <datelastmodified>Thu, 07 Feb 2013 10:39:31 GMT</datelastmodified>
      <userlastmodified>Admin</userlastmodified>
      <datecreated>Thu, 07 Feb 2013 10:39:31 GMT</datecreated>
      <usercreated>Admin</usercreated>
      <flags>0</flags>
      <properties/>
      <relations/>
      <accesscontrol/>
    </file>
    <file>
      <destination>system/modules/org.opencms.ade.upload/resources/upload/6C2B5BDF0A7B5F0A11DB17A1F8A75A56.cache.ico</destination>
      <type>folder</type>
      <uuidstructure>a31c762d-28d6-11e2-b03f-9316b28cdbb9</uuidstructure>
      <uuidresource>a31c762e-28d6-11e2-b03f-9316b28cdbb9</uuidresource>
      <datelastmodified>Wed, 07 Nov 2012 12:28:29 GMT</datelastmodified>
      <userlastmodified>Admin</userlastmodified>
      <datecreated>Wed, 07 Nov 2012 12:28:29 GMT</datecreated>
      <usercreated>Admin</usercreated>
      <flags>0</flags>
      <properties/>
      <relations/>
      <accesscontrol/>
    </file>
    <file>
      <source>system/modules/org.opencms.ade.upload/resources/upload/D92902ED6724F0375745FDD4F2E80056.cache.html</source>
      <destination>system/modules/org.opencms.ade.upload/resources/upload/D92902ED6724F0375745FDD4F2E80056.cache.html</destination>
      <type>plain</type>
      <uuidstructure>a7cdab68-7112-11e2-83e3-cb257e637cb4</uuidstructure>
      <uuidresource>a7cdd279-7112-11e2-83e3-cb257e637cb4</uuidresource>
      <datelastmodified>Thu, 07 Feb 2013 10:39:31 GMT</datelastmodified>
      <userlastmodified>Admin</userlastmodified>
      <datecreated>Thu, 07 Feb 2013 10:39:31 GMT</datecreated>
      <usercreated>Admin</usercreated>
      <flags>0</flags>
      <properties/>
      <relations/>
      <accesscontrol/>
    </file>
    <file>
      <source>system/modules/org.opencms.ade.upload/resources/upload/6D49AA540BF48A6BC5BB40598BB369C1.cache.png</source>
      <destination>system/modules/org.opencms.ade.upload/resources/upload/6D49AA540BF48A6BC5BB40598BB369C1.cache.png</destination>
      <type>image</type>
      <uuidstructure>d6f6e334-92a8-11e0-be9d-73dc0a39a6bf</uuidstructure>
      <uuidresource>d6f6e335-92a8-11e0-be9d-73dc0a39a6bf</uuidresource>
      <datelastmodified>Thu, 09 Jun 2011 14:57:47 GMT</datelastmodified>
      <userlastmodified>Admin</userlastmodified>
      <datecreated>Thu, 09 Jun 2011 14:57:47 GMT</datecreated>
      <usercreated>Admin</usercreated>
      <flags>0</flags>
      <properties/>
      <relations/>
      <accesscontrol/>
    </file>
    <file>
      <source>system/modules/org.opencms.ade.upload/resources/upload/7E76FDCA9138C1F6988CF904B0281C64.cache.gif</source>
      <destination>system/modules/org.opencms.ade.upload/resources/upload/7E76FDCA9138C1F6988CF904B0281C64.cache.gif</destination>
      <type>image</type>
      <uuidstructure>d6f9543a-92a8-11e0-be9d-73dc0a39a6bf</uuidstructure>
      <uuidresource>d6f9543b-92a8-11e0-be9d-73dc0a39a6bf</uuidresource>
      <datelastmodified>Thu, 09 Jun 2011 14:57:47 GMT</datelastmodified>
      <userlastmodified>Admin</userlastmodified>
      <datecreated>Thu, 09 Jun 2011 14:57:47 GMT</datecreated>
      <usercreated>Admin</usercreated>
      <flags>0</flags>
      <properties/>
      <relations/>
      <accesscontrol/>
    </file>
    <file>
      <source>system/modules/org.opencms.ade.upload/resources/upload/806F8EE738687B189D7F262612700F41.cache.gif</source>
      <destination>system/modules/org.opencms.ade.upload/resources/upload/806F8EE738687B189D7F262612700F41.cache.gif</destination>
      <type>image</type>
      <uuidstructure>e465c8c3-0224-11e2-894a-d93aa7f5002a</uuidstructure>
      <uuidresource>e465c8c4-0224-11e2-894a-d93aa7f5002a</uuidresource>
      <datelastmodified>Wed, 19 Sep 2012 06:40:24 GMT</datelastmodified>
      <userlastmodified>Admin</userlastmodified>
      <datecreated>Wed, 19 Sep 2012 06:40:24 GMT</datecreated>
      <usercreated>Admin</usercreated>
      <flags>0</flags>
      <properties/>
      <relations/>
      <accesscontrol/>
    </file>
    <file>
      <source>system/modules/org.opencms.ade.upload/resources/upload/8AA3C50791DF9AA6DC608FDE692C9390.cache.gif</source>
      <destination>system/modules/org.opencms.ade.upload/resources/upload/8AA3C50791DF9AA6DC608FDE692C9390.cache.gif</destination>
      <type>image</type>
      <uuidstructure>d6f9543e-92a8-11e0-be9d-73dc0a39a6bf</uuidstructure>
      <uuidresource>d6f9543f-92a8-11e0-be9d-73dc0a39a6bf</uuidresource>
      <datelastmodified>Thu, 09 Jun 2011 14:57:47 GMT</datelastmodified>
      <userlastmodified>Admin</userlastmodified>
      <datecreated>Thu, 09 Jun 2011 14:57:47 GMT</datecreated>
      <usercreated>Admin</usercreated>
      <flags>0</flags>
      <properties/>
      <relations/>
      <accesscontrol/>
    </file>
    <file>
      <source>system/modules/org.opencms.ade.upload/resources/upload/8FBDBF2C058ACA8C7B7681D8E5194E8B.cache.png</source>
      <destination>system/modules/org.opencms.ade.upload/resources/upload/8FBDBF2C058ACA8C7B7681D8E5194E8B.cache.png</destination>
      <type>image</type>
      <uuidstructure>d6fb9e30-92a8-11e0-be9d-73dc0a39a6bf</uuidstructure>
      <uuidresource>d6fb9e31-92a8-11e0-be9d-73dc0a39a6bf</uuidresource>
      <datelastmodified>Thu, 09 Jun 2011 14:57:48 GMT</datelastmodified>
      <userlastmodified>Admin</userlastmodified>
      <datecreated>Thu, 09 Jun 2011 14:57:48 GMT</datecreated>
      <usercreated>Admin</usercreated>
      <flags>0</flags>
      <properties/>
      <relations/>
      <accesscontrol/>
    </file>
    <file>
      <source>system/modules/org.opencms.ade.upload/resources/upload/90583D1788B44DDC496D964A8FC3C94F.cache.png</source>
      <destination>system/modules/org.opencms.ade.upload/resources/upload/90583D1788B44DDC496D964A8FC3C94F.cache.png</destination>
      <type>image</type>
      <uuidstructure>d6fb9e32-92a8-11e0-be9d-73dc0a39a6bf</uuidstructure>
      <uuidresource>d6fb9e33-92a8-11e0-be9d-73dc0a39a6bf</uuidresource>
      <datelastmodified>Thu, 09 Jun 2011 14:57:48 GMT</datelastmodified>
      <userlastmodified>Admin</userlastmodified>
      <datecreated>Thu, 09 Jun 2011 14:57:48 GMT</datecreated>
      <usercreated>Admin</usercreated>
      <flags>0</flags>
      <properties/>
      <relations/>
      <accesscontrol/>
    </file>
    <file>
      <source>system/modules/org.opencms.ade.upload/resources/upload/9B56DF4CD68CC5BCB6821A8DE7E4830C.cache.gif</source>
      <destination>system/modules/org.opencms.ade.upload/resources/upload/9B56DF4CD68CC5BCB6821A8DE7E4830C.cache.gif</destination>
      <type>image</type>
      <uuidstructure>d6fb9e34-92a8-11e0-be9d-73dc0a39a6bf</uuidstructure>
      <uuidresource>d6fb9e35-92a8-11e0-be9d-73dc0a39a6bf</uuidresource>
      <datelastmodified>Thu, 09 Jun 2011 14:57:48 GMT</datelastmodified>
      <userlastmodified>Admin</userlastmodified>
      <datecreated>Thu, 09 Jun 2011 14:57:48 GMT</datecreated>
      <usercreated>Admin</usercreated>
      <flags>0</flags>
      <properties/>
      <relations/>
      <accesscontrol/>
    </file>
    <file>
      <source>system/modules/org.opencms.ade.upload/resources/upload/9C084B18DE6C5D4F831AAA6137CBD5BF.gwt.rpc</source>
      <destination>system/modules/org.opencms.ade.upload/resources/upload/9C084B18DE6C5D4F831AAA6137CBD5BF.gwt.rpc</destination>
      <type>plain</type>
      <uuidstructure>e46812b7-0224-11e2-894a-d93aa7f5002a</uuidstructure>
      <uuidresource>e46812b8-0224-11e2-894a-d93aa7f5002a</uuidresource>
      <datelastmodified>Wed, 19 Sep 2012 06:40:24 GMT</datelastmodified>
      <userlastmodified>Admin</userlastmodified>
      <datecreated>Wed, 19 Sep 2012 06:40:24 GMT</datecreated>
      <usercreated>Admin</usercreated>
      <flags>0</flags>
      <properties/>
      <relations/>
      <accesscontrol/>
    </file>
    <file>
      <source>system/modules/org.opencms.ade.upload/resources/upload/A3E30CCBF7AFC58EDCC069857295C9EA.cache.png</source>
      <destination>system/modules/org.opencms.ade.upload/resources/upload/A3E30CCBF7AFC58EDCC069857295C9EA.cache.png</destination>
      <type>image</type>
      <uuidstructure>d700803a-92a8-11e0-be9d-73dc0a39a6bf</uuidstructure>
      <uuidresource>d700803b-92a8-11e0-be9d-73dc0a39a6bf</uuidresource>
      <datelastmodified>Thu, 09 Jun 2011 14:57:48 GMT</datelastmodified>
      <userlastmodified>Admin</userlastmodified>
      <datecreated>Thu, 09 Jun 2011 14:57:48 GMT</datecreated>
      <usercreated>Admin</usercreated>
      <flags>0</flags>
      <properties/>
      <relations/>
      <accesscontrol/>
    </file>
    <file>
      <source>system/modules/org.opencms.ade.upload/resources/upload/7E70CF73B22DC961E8667C6C5BB841D3.cache.html</source>
      <destination>system/modules/org.opencms.ade.upload/resources/upload/7E70CF73B22DC961E8667C6C5BB841D3.cache.html</destination>
      <type>plain</type>
      <uuidstructure>a7b5dda4-7112-11e2-83e3-cb257e637cb4</uuidstructure>
      <uuidresource>a7b78b55-7112-11e2-83e3-cb257e637cb4</uuidresource>
      <datelastmodified>Thu, 07 Feb 2013 10:39:31 GMT</datelastmodified>
      <userlastmodified>Admin</userlastmodified>
      <datecreated>Thu, 07 Feb 2013 10:39:31 GMT</datecreated>
      <usercreated>Admin</usercreated>
      <flags>0</flags>
      <properties/>
      <relations/>
      <accesscontrol/>
    </file>
    <file>
      <source>system/modules/org.opencms.ade.upload/resources/upload/A561A3D036C6711C97A1ACB01B3E9688.cache.png</source>
      <destination>system/modules/org.opencms.ade.upload/resources/upload/A561A3D036C6711C97A1ACB01B3E9688.cache.png</destination>
      <type>image</type>
      <uuidstructure>d700803c-92a8-11e0-be9d-73dc0a39a6bf</uuidstructure>
      <uuidresource>d700803d-92a8-11e0-be9d-73dc0a39a6bf</uuidresource>
      <datelastmodified>Thu, 09 Jun 2011 14:57:48 GMT</datelastmodified>
      <userlastmodified>Admin</userlastmodified>
      <datecreated>Thu, 09 Jun 2011 14:57:48 GMT</datecreated>
      <usercreated>Admin</usercreated>
      <flags>0</flags>
      <properties/>
      <relations/>
      <accesscontrol/>
    </file>
    <file>
      <source>system/modules/org.opencms.ade.upload/resources/upload/AB193F88C59FE43073B7E3554AE1E4E1.cache.png</source>
      <destination>system/modules/org.opencms.ade.upload/resources/upload/AB193F88C59FE43073B7E3554AE1E4E1.cache.png</destination>
      <type>image</type>
      <uuidstructure>d702ca30-92a8-11e0-be9d-73dc0a39a6bf</uuidstructure>
      <uuidresource>d702ca31-92a8-11e0-be9d-73dc0a39a6bf</uuidresource>
      <datelastmodified>Thu, 09 Jun 2011 14:57:48 GMT</datelastmodified>
      <userlastmodified>Admin</userlastmodified>
      <datecreated>Thu, 09 Jun 2011 14:57:48 GMT</datecreated>
      <usercreated>Admin</usercreated>
      <flags>0</flags>
      <properties/>
      <relations/>
      <accesscontrol/>
    </file>
    <file>
      <source>system/modules/org.opencms.ade.upload/resources/upload/AB196D9D7834625802449A82C5811B43.cache.png</source>
      <destination>system/modules/org.opencms.ade.upload/resources/upload/AB196D9D7834625802449A82C5811B43.cache.png</destination>
      <type>image</type>
      <uuidstructure>e46a83bb-0224-11e2-894a-d93aa7f5002a</uuidstructure>
      <uuidresource>e46a83bc-0224-11e2-894a-d93aa7f5002a</uuidresource>
      <datelastmodified>Wed, 19 Sep 2012 06:40:24 GMT</datelastmodified>
      <userlastmodified>Admin</userlastmodified>
      <datecreated>Wed, 19 Sep 2012 06:40:24 GMT</datecreated>
      <usercreated>Admin</usercreated>
      <flags>0</flags>
      <properties/>
      <relations/>
      <accesscontrol/>
    </file>
    <file>
      <source>system/modules/org.opencms.ade.upload/resources/upload/BBE79FE9C388A062A6B594894C4044E8.cache.png</source>
      <destination>system/modules/org.opencms.ade.upload/resources/upload/BBE79FE9C388A062A6B594894C4044E8.cache.png</destination>
      <type>image</type>
      <uuidstructure>d7053b36-92a8-11e0-be9d-73dc0a39a6bf</uuidstructure>
      <uuidresource>d7053b37-92a8-11e0-be9d-73dc0a39a6bf</uuidresource>
      <datelastmodified>Thu, 09 Jun 2011 14:57:48 GMT</datelastmodified>
      <userlastmodified>Admin</userlastmodified>
      <datecreated>Thu, 09 Jun 2011 14:57:48 GMT</datecreated>
      <usercreated>Admin</usercreated>
      <flags>0</flags>
      <properties/>
      <relations/>
      <accesscontrol/>
    </file>
    <file>
      <source>system/modules/org.opencms.ade.upload/resources/upload/BC31847090F12A42F8370C7772D75499.cache.gif</source>
      <destination>system/modules/org.opencms.ade.upload/resources/upload/BC31847090F12A42F8370C7772D75499.cache.gif</destination>
      <type>image</type>
      <uuidstructure>d7053b38-92a8-11e0-be9d-73dc0a39a6bf</uuidstructure>
      <uuidresource>d7053b39-92a8-11e0-be9d-73dc0a39a6bf</uuidresource>
      <datelastmodified>Thu, 09 Jun 2011 14:57:48 GMT</datelastmodified>
      <userlastmodified>Admin</userlastmodified>
      <datecreated>Thu, 09 Jun 2011 14:57:48 GMT</datecreated>
      <usercreated>Admin</usercreated>
      <flags>0</flags>
      <properties/>
      <relations/>
      <accesscontrol/>
    </file>
    <file>
      <source>system/modules/org.opencms.ade.upload/resources/upload/BC4060A672A6E9FEC3C40F408301EFC6.cache.png</source>
      <destination>system/modules/org.opencms.ade.upload/resources/upload/BC4060A672A6E9FEC3C40F408301EFC6.cache.png</destination>
      <type>image</type>
      <uuidstructure>d707ac3a-92a8-11e0-be9d-73dc0a39a6bf</uuidstructure>
      <uuidresource>d707ac3b-92a8-11e0-be9d-73dc0a39a6bf</uuidresource>
      <datelastmodified>Thu, 09 Jun 2011 14:57:48 GMT</datelastmodified>
      <userlastmodified>Admin</userlastmodified>
      <datecreated>Thu, 09 Jun 2011 14:57:48 GMT</datecreated>
      <usercreated>Admin</usercreated>
      <flags>0</flags>
      <properties/>
      <relations/>
      <accesscontrol/>
    </file>
    <file>
      <source>system/modules/org.opencms.ade.upload/resources/upload/C4E7AE2AFCDCAD9F4590E02BBF69A6EA.cache.gif</source>
      <destination>system/modules/org.opencms.ade.upload/resources/upload/C4E7AE2AFCDCAD9F4590E02BBF69A6EA.cache.gif</destination>
      <type>image</type>
      <uuidstructure>d707ac3c-92a8-11e0-be9d-73dc0a39a6bf</uuidstructure>
      <uuidresource>d707ac3d-92a8-11e0-be9d-73dc0a39a6bf</uuidresource>
      <datelastmodified>Thu, 09 Jun 2011 14:57:48 GMT</datelastmodified>
      <userlastmodified>Admin</userlastmodified>
      <datecreated>Thu, 09 Jun 2011 14:57:48 GMT</datecreated>
      <usercreated>Admin</usercreated>
      <flags>0</flags>
      <properties/>
      <relations/>
      <accesscontrol/>
    </file>
    <file>
      <source>system/modules/org.opencms.ade.upload/resources/upload/C62A1C906AE595C56C586D0305BB6C50.cache.gif</source>
      <destination>system/modules/org.opencms.ade.upload/resources/upload/C62A1C906AE595C56C586D0305BB6C50.cache.gif</destination>
      <type>image</type>
      <uuidstructure>d709f62e-92a8-11e0-be9d-73dc0a39a6bf</uuidstructure>
      <uuidresource>d709f62f-92a8-11e0-be9d-73dc0a39a6bf</uuidresource>
      <datelastmodified>Thu, 09 Jun 2011 14:57:48 GMT</datelastmodified>
      <userlastmodified>Admin</userlastmodified>
      <datecreated>Thu, 09 Jun 2011 14:57:48 GMT</datecreated>
      <usercreated>Admin</usercreated>
      <flags>0</flags>
      <properties/>
      <relations/>
      <accesscontrol/>
    </file>
    <file>
      <source>system/modules/org.opencms.ade.upload/resources/upload/CD452626E44B1D27115781B923D2F971.cache.png</source>
      <destination>system/modules/org.opencms.ade.upload/resources/upload/CD452626E44B1D27115781B923D2F971.cache.png</destination>
      <type>image</type>
      <uuidstructure>d709f630-92a8-11e0-be9d-73dc0a39a6bf</uuidstructure>
      <uuidresource>d709f631-92a8-11e0-be9d-73dc0a39a6bf</uuidresource>
      <datelastmodified>Thu, 09 Jun 2011 14:57:48 GMT</datelastmodified>
      <userlastmodified>Admin</userlastmodified>
      <datecreated>Thu, 09 Jun 2011 14:57:48 GMT</datecreated>
      <usercreated>Admin</usercreated>
      <flags>0</flags>
      <properties/>
      <relations/>
      <accesscontrol/>
    </file>
    <file>
      <source>system/modules/org.opencms.ade.upload/resources/upload/clear.cache.gif</source>
      <destination>system/modules/org.opencms.ade.upload/resources/upload/clear.cache.gif</destination>
      <type>image</type>
      <uuidstructure>d709f632-92a8-11e0-be9d-73dc0a39a6bf</uuidstructure>
      <uuidresource>d709f633-92a8-11e0-be9d-73dc0a39a6bf</uuidresource>
      <datelastmodified>Thu, 09 Jun 2011 14:57:48 GMT</datelastmodified>
      <userlastmodified>Admin</userlastmodified>
      <datecreated>Thu, 09 Jun 2011 14:57:48 GMT</datecreated>
      <usercreated>Admin</usercreated>
      <flags>0</flags>
      <properties/>
      <relations/>
      <accesscontrol/>
    </file>
    <file>
      <source>system/modules/org.opencms.ade.upload/resources/upload/D164AE4B2C36F7E2EC3E7B33F7880692.cache.png</source>
      <destination>system/modules/org.opencms.ade.upload/resources/upload/D164AE4B2C36F7E2EC3E7B33F7880692.cache.png</destination>
      <type>image</type>
      <uuidstructure>9d984d47-0ac3-11e1-bbd6-59b57c56cb9f</uuidstructure>
      <uuidresource>9d984d48-0ac3-11e1-bbd6-59b57c56cb9f</uuidresource>
      <datelastmodified>Wed, 09 Nov 2011 11:11:47 GMT</datelastmodified>
      <userlastmodified>Admin</userlastmodified>
      <datecreated>Wed, 09 Nov 2011 11:11:47 GMT</datecreated>
      <usercreated>Admin</usercreated>
      <flags>0</flags>
      <properties/>
      <relations/>
      <accesscontrol/>
    </file>
    <file>
      <source>system/modules/org.opencms.ade.upload/resources/upload/D5F586C438B34AD62B41411FC16B0579.cache.png</source>
      <destination>system/modules/org.opencms.ade.upload/resources/upload/D5F586C438B34AD62B41411FC16B0579.cache.png</destination>
      <type>image</type>
      <uuidstructure>d70c6734-92a8-11e0-be9d-73dc0a39a6bf</uuidstructure>
      <uuidresource>d70c6735-92a8-11e0-be9d-73dc0a39a6bf</uuidresource>
      <datelastmodified>Thu, 09 Jun 2011 14:57:48 GMT</datelastmodified>
      <userlastmodified>Admin</userlastmodified>
      <datecreated>Thu, 09 Jun 2011 14:57:48 GMT</datecreated>
      <usercreated>Admin</usercreated>
      <flags>0</flags>
      <properties/>
      <relations/>
      <accesscontrol/>
    </file>
    <file>
      <source>system/modules/org.opencms.ade.upload/resources/upload/C91E57070506E885FCA7F3C379506844.cache.html</source>
      <destination>system/modules/org.opencms.ade.upload/resources/upload/C91E57070506E885FCA7F3C379506844.cache.html</destination>
      <type>plain</type>
      <uuidstructure>a7d4d75a-7112-11e2-83e3-cb257e637cb4</uuidstructure>
      <uuidresource>a7d4fe6b-7112-11e2-83e3-cb257e637cb4</uuidresource>
      <datelastmodified>Thu, 07 Feb 2013 10:39:31 GMT</datelastmodified>
      <userlastmodified>Admin</userlastmodified>
      <datecreated>Thu, 07 Feb 2013 10:39:31 GMT</datecreated>
      <usercreated>Admin</usercreated>
      <flags>0</flags>
      <properties/>
      <relations/>
      <accesscontrol/>
    </file>
    <file>
      <source>system/modules/org.opencms.ade.upload/resources/upload/DB77414A9B90F3BC2249D073D7FA8FFA.cache.png</source>
      <destination>system/modules/org.opencms.ade.upload/resources/upload/DB77414A9B90F3BC2249D073D7FA8FFA.cache.png</destination>
      <type>image</type>
      <uuidstructure>d70c6736-92a8-11e0-be9d-73dc0a39a6bf</uuidstructure>
      <uuidresource>d70c6737-92a8-11e0-be9d-73dc0a39a6bf</uuidresource>
      <datelastmodified>Thu, 09 Jun 2011 14:57:48 GMT</datelastmodified>
      <userlastmodified>Admin</userlastmodified>
      <datecreated>Thu, 09 Jun 2011 14:57:48 GMT</datecreated>
      <usercreated>Admin</usercreated>
      <flags>0</flags>
      <properties/>
      <relations/>
      <accesscontrol/>
    </file>
    <file>
      <source>system/modules/org.opencms.ade.upload/resources/upload/DE6D506998BC702C9DB949F7F80C8A14.cache.png</source>
      <destination>system/modules/org.opencms.ade.upload/resources/upload/DE6D506998BC702C9DB949F7F80C8A14.cache.png</destination>
      <type>image</type>
      <uuidstructure>d70eb128-92a8-11e0-be9d-73dc0a39a6bf</uuidstructure>
      <uuidresource>d70eb129-92a8-11e0-be9d-73dc0a39a6bf</uuidresource>
      <datelastmodified>Thu, 09 Jun 2011 14:57:48 GMT</datelastmodified>
      <userlastmodified>Admin</userlastmodified>
      <datecreated>Thu, 09 Jun 2011 14:57:48 GMT</datecreated>
      <usercreated>Admin</usercreated>
      <flags>0</flags>
      <properties/>
      <relations/>
      <accesscontrol/>
    </file>
    <file>
      <source>system/modules/org.opencms.ade.upload/resources/upload/E30C58794782F528AA8C1B61B8014A21.cache.png</source>
      <destination>system/modules/org.opencms.ade.upload/resources/upload/E30C58794782F528AA8C1B61B8014A21.cache.png</destination>
      <type>image</type>
      <uuidstructure>d711222c-92a8-11e0-be9d-73dc0a39a6bf</uuidstructure>
      <uuidresource>d711222d-92a8-11e0-be9d-73dc0a39a6bf</uuidresource>
      <datelastmodified>Thu, 09 Jun 2011 14:57:48 GMT</datelastmodified>
      <userlastmodified>Admin</userlastmodified>
      <datecreated>Thu, 09 Jun 2011 14:57:48 GMT</datecreated>
      <usercreated>Admin</usercreated>
      <flags>0</flags>
      <properties/>
      <relations/>
      <accesscontrol/>
    </file>
    <file>
      <source>system/modules/org.opencms.ade.upload/resources/upload/E5410C4FBA247FAF319663A7DFEBA0C9.cache.png</source>
      <destination>system/modules/org.opencms.ade.upload/resources/upload/E5410C4FBA247FAF319663A7DFEBA0C9.cache.png</destination>
      <type>image</type>
      <uuidstructure>d7139330-92a8-11e0-be9d-73dc0a39a6bf</uuidstructure>
      <uuidresource>d7139331-92a8-11e0-be9d-73dc0a39a6bf</uuidresource>
      <datelastmodified>Thu, 09 Jun 2011 14:57:48 GMT</datelastmodified>
      <userlastmodified>Admin</userlastmodified>
      <datecreated>Thu, 09 Jun 2011 14:57:48 GMT</datecreated>
      <usercreated>Admin</usercreated>
      <flags>0</flags>
      <properties/>
      <relations/>
      <accesscontrol/>
    </file>
    <file>
      <source>system/modules/org.opencms.ade.upload/resources/upload/41536199997CD8C36DA47F67D1577BD6.cache.html</source>
      <destination>system/modules/org.opencms.ade.upload/resources/upload/41536199997CD8C36DA47F67D1577BD6.cache.html</destination>
      <type>plain</type>
      <uuidstructure>a7d7bd8c-7112-11e2-83e3-cb257e637cb4</uuidstructure>
      <uuidresource>a7d7e49d-7112-11e2-83e3-cb257e637cb4</uuidresource>
      <datelastmodified>Thu, 07 Feb 2013 10:39:31 GMT</datelastmodified>
      <userlastmodified>Admin</userlastmodified>
      <datecreated>Thu, 07 Feb 2013 10:39:31 GMT</datecreated>
      <usercreated>Admin</usercreated>
      <flags>0</flags>
      <properties/>
      <relations/>
      <accesscontrol/>
    </file>
    <file>
      <source>system/modules/org.opencms.ade.upload/resources/upload/F5E19CF37E950AEA3856EAC6CF4E170D.gwt.rpc</source>
      <destination>system/modules/org.opencms.ade.upload/resources/upload/F5E19CF37E950AEA3856EAC6CF4E170D.gwt.rpc</destination>
      <type>plain</type>
      <uuidstructure>a326132b-28d6-11e2-b03f-9316b28cdbb9</uuidstructure>
      <uuidresource>a326132c-28d6-11e2-b03f-9316b28cdbb9</uuidresource>
      <datelastmodified>Wed, 07 Nov 2012 12:28:29 GMT</datelastmodified>
      <userlastmodified>Admin</userlastmodified>
      <datecreated>Wed, 07 Nov 2012 12:28:29 GMT</datecreated>
      <usercreated>Admin</usercreated>
      <flags>0</flags>
      <properties/>
      <relations/>
      <accesscontrol/>
    </file>
    <file>
      <source>system/modules/org.opencms.ade.upload/resources/upload/FABA47515896922C62828F7194DD4D7B.cache.png</source>
      <destination>system/modules/org.opencms.ade.upload/resources/upload/FABA47515896922C62828F7194DD4D7B.cache.png</destination>
      <type>image</type>
      <uuidstructure>e46cf4c3-0224-11e2-894a-d93aa7f5002a</uuidstructure>
      <uuidresource>e46cf4c4-0224-11e2-894a-d93aa7f5002a</uuidresource>
      <datelastmodified>Wed, 19 Sep 2012 06:40:24 GMT</datelastmodified>
      <userlastmodified>Admin</userlastmodified>
      <datecreated>Wed, 19 Sep 2012 06:40:24 GMT</datecreated>
      <usercreated>Admin</usercreated>
      <flags>0</flags>
      <properties/>
      <relations/>
      <accesscontrol/>
    </file>
    <file>
      <source>system/modules/org.opencms.ade.upload/resources/upload/hosted.html</source>
      <destination>system/modules/org.opencms.ade.upload/resources/upload/hosted.html</destination>
      <type>plain</type>
      <uuidstructure>d715dd24-92a8-11e0-be9d-73dc0a39a6bf</uuidstructure>
      <uuidresource>d715dd25-92a8-11e0-be9d-73dc0a39a6bf</uuidresource>
      <datelastmodified>Thu, 09 Jun 2011 14:57:48 GMT</datelastmodified>
      <userlastmodified>Admin</userlastmodified>
      <datecreated>Thu, 09 Jun 2011 14:57:48 GMT</datecreated>
      <usercreated>Admin</usercreated>
      <flags>0</flags>
      <properties/>
      <relations/>
      <accesscontrol/>
    </file>
    <file>
      <source>system/modules/org.opencms.ade.upload/resources/upload/upload.nocache.js</source>
      <destination>system/modules/org.opencms.ade.upload/resources/upload/upload.nocache.js</destination>
      <type>plain</type>
      <uuidstructure>d715dd26-92a8-11e0-be9d-73dc0a39a6bf</uuidstructure>
      <uuidresource>d715dd27-92a8-11e0-be9d-73dc0a39a6bf</uuidresource>
      <datelastmodified>Thu, 09 Jun 2011 14:57:48 GMT</datelastmodified>
      <userlastmodified>Admin</userlastmodified>
      <datecreated>Thu, 09 Jun 2011 14:57:48 GMT</datecreated>
      <usercreated>Admin</usercreated>
      <flags>0</flags>
      <properties/>
      <relations/>
      <accesscontrol/>
    </file>
  </files>
</export>
