<?xml version="1.0" encoding="UTF-8"?>

<export>
	<info>
		<creator>Admin</creator>
		<opencms_version>8.5</opencms_version>
		<createdate>Fri, 14 Sep 2012 15:29:40 GMT</createdate>
		<infoproject>Offline</infoproject>
		<export_version>7</export_version>
	</info>
	<module>
		<name>com.alkacon.opencms.v8.solr</name>
		<nicename><![CDATA[OpenCms 8 Solr Search]]></nicename>
		<group>OpenCms 8 types</group>
		<class/>
		<description><![CDATA[Provides a dynamic function to use the Solr search for usage in OpenCms 8 templates.]]></description>
		<version>8.5.1</version>
		<authorname><![CDATA[Alkacon Software GmbH]]></authorname>
		<authoremail><![CDATA[sales@alkacon.com]]></authoremail>
		<datecreated/>
		<userinstalled/>
		<dateinstalled/>
		<dependencies>
			<dependency name="org.opencms.ade.config" version="8.0.0"/>
		</dependencies>
		<exportpoints>
			<exportpoint uri="/system/modules/com.alkacon.opencms.v8.solr/classes/" destination="WEB-INF/classes/"/>
		</exportpoints>
		<resources>
			<resource uri="/system/modules/com.alkacon.opencms.v8.solr/"/>
		</resources>
		<parameters/>
	</module>
	<files>
		<file>
			<destination>system</destination>
			<type>folder</type>
			<uuidstructure>43830f3a-fe40-11e1-925e-bd915da136f8</uuidstructure>
			<datelastmodified>Fri, 14 Sep 2012 07:46:16 GMT</datelastmodified>
			<userlastmodified>Admin</userlastmodified>
			<datecreated>Fri, 14 Sep 2012 07:46:16 GMT</datecreated>
			<usercreated>Admin</usercreated>
			<flags>0</flags>
			<properties/>
			<relations/>
			<accesscontrol>
				<accessentry>
					<uuidprincipal>ROLE.WORKPLACE_USER</uuidprincipal>
					<flags>514</flags>
					<permissionset>
						<allowed>1</allowed>
						<denied>0</denied>
					</permissionset>
				</accessentry>
			</accesscontrol>
		</file>
		<file>
			<destination>system/modules</destination>
			<type>folder</type>
			<uuidstructure>451e48e6-fe40-11e1-925e-bd915da136f8</uuidstructure>
			<datelastmodified>Fri, 14 Sep 2012 07:46:18 GMT</datelastmodified>
			<userlastmodified>Admin</userlastmodified>
			<datecreated>Fri, 14 Sep 2012 07:46:18 GMT</datecreated>
			<usercreated>Admin</usercreated>
			<flags>0</flags>
			<properties/>
			<relations/>
			<accesscontrol>
				<accessentry>
					<uuidprincipal>ROLE.WORKPLACE_USER</uuidprincipal>
					<flags>514</flags>
					<permissionset>
						<allowed>5</allowed>
						<denied>0</denied>
					</permissionset>
				</accessentry>
			</accesscontrol>
		</file>
		<file>
			<destination>system/modules/com.alkacon.opencms.v8.solr</destination>
			<type>folder</type>
			<uuidstructure>bae9407d-e12a-11e1-a30b-2df681d86c14</uuidstructure>
			<datelastmodified>Wed, 08 Aug 2012 07:29:03 GMT</datelastmodified>
			<userlastmodified>Admin</userlastmodified>
			<datecreated>Wed, 08 Aug 2012 07:29:03 GMT</datecreated>
			<usercreated>Admin</usercreated>
			<flags>0</flags>
			<properties/>
			<relations/>
			<accesscontrol/>
		</file>
		<file>
			<destination>system/modules/com.alkacon.opencms.v8.solr/classes</destination>
			<type>folder</type>
			<uuidstructure>07b61e04-f68e-11e1-b6b3-058770d8fd70</uuidstructure>
			<datelastmodified>Tue, 04 Sep 2012 12:42:47 GMT</datelastmodified>
			<userlastmodified>Admin</userlastmodified>
			<datecreated>Tue, 04 Sep 2012 12:42:47 GMT</datecreated>
			<usercreated>Admin</usercreated>
			<flags>0</flags>
			<properties/>
			<relations/>
			<accesscontrol/>
		</file>
		<file>
			<destination>system/modules/com.alkacon.opencms.v8.solr/classes/com</destination>
			<type>folder</type>
			<uuidstructure>0e04a656-f68e-11e1-b6b3-058770d8fd70</uuidstructure>
			<datelastmodified>Tue, 04 Sep 2012 12:42:57 GMT</datelastmodified>
			<userlastmodified>Admin</userlastmodified>
			<datecreated>Tue, 04 Sep 2012 12:42:57 GMT</datecreated>
			<usercreated>Admin</usercreated>
			<flags>0</flags>
			<properties/>
			<relations/>
			<accesscontrol/>
		</file>
		<file>
			<destination>system/modules/com.alkacon.opencms.v8.solr/classes/com/alkacon</destination>
			<type>folder</type>
			<uuidstructure>1479c978-f68e-11e1-b6b3-058770d8fd70</uuidstructure>
			<datelastmodified>Tue, 04 Sep 2012 12:43:08 GMT</datelastmodified>
			<userlastmodified>Admin</userlastmodified>
			<datecreated>Tue, 04 Sep 2012 12:43:08 GMT</datecreated>
			<usercreated>Admin</usercreated>
			<flags>0</flags>
			<properties/>
			<relations/>
			<accesscontrol/>
		</file>
		<file>
			<destination>system/modules/com.alkacon.opencms.v8.solr/classes/com/alkacon/opencms</destination>
			<type>folder</type>
			<uuidstructure>29f004ea-f68e-11e1-b6b3-058770d8fd70</uuidstructure>
			<datelastmodified>Tue, 04 Sep 2012 12:43:44 GMT</datelastmodified>
			<userlastmodified>Admin</userlastmodified>
			<datecreated>Tue, 04 Sep 2012 12:43:44 GMT</datecreated>
			<usercreated>Admin</usercreated>
			<flags>0</flags>
			<properties/>
			<relations/>
			<accesscontrol/>
		</file>
		<file>
			<destination>system/modules/com.alkacon.opencms.v8.solr/classes/com/alkacon/opencms/v8</destination>
			<type>folder</type>
			<uuidstructure>3044cecc-f68e-11e1-b6b3-058770d8fd70</uuidstructure>
			<datelastmodified>Tue, 04 Sep 2012 12:43:55 GMT</datelastmodified>
			<userlastmodified>Admin</userlastmodified>
			<datecreated>Tue, 04 Sep 2012 12:43:55 GMT</datecreated>
			<usercreated>Admin</usercreated>
			<flags>0</flags>
			<properties/>
			<relations/>
			<accesscontrol/>
		</file>
		<file>
			<destination>system/modules/com.alkacon.opencms.v8.solr/classes/com/alkacon/opencms/v8/solr</destination>
			<type>folder</type>
			<uuidstructure>366716fe-f68e-11e1-b6b3-058770d8fd70</uuidstructure>
			<datelastmodified>Tue, 04 Sep 2012 12:44:05 GMT</datelastmodified>
			<userlastmodified>Admin</userlastmodified>
			<datecreated>Tue, 04 Sep 2012 12:44:05 GMT</datecreated>
			<usercreated>Admin</usercreated>
			<flags>0</flags>
			<properties/>
			<relations/>
			<accesscontrol/>
		</file>
		<file>
			<source>system/modules/com.alkacon.opencms.v8.solr/classes/com/alkacon/opencms/v8/solr/messages.properties</source>
			<destination>system/modules/com.alkacon.opencms.v8.solr/classes/com/alkacon/opencms/v8/solr/messages.properties</destination>
			<type>plain</type>
			<uuidstructure>3dca1c90-f68e-11e1-b6b3-058770d8fd70</uuidstructure>
			<uuidresource>3dca1c91-f68e-11e1-b6b3-058770d8fd70</uuidresource>
			<datelastmodified>Tue, 04 Sep 2012 12:44:18 GMT</datelastmodified>
			<userlastmodified>Admin</userlastmodified>
			<datecreated>Tue, 04 Sep 2012 12:44:18 GMT</datecreated>
			<usercreated>Admin</usercreated>
			<flags>0</flags>
			<properties/>
			<relations/>
			<accesscontrol/>
		</file>
		<file>
			<source>system/modules/com.alkacon.opencms.v8.solr/classes/com/alkacon/opencms/v8/solr/messages_de.properties</source>
			<destination>system/modules/com.alkacon.opencms.v8.solr/classes/com/alkacon/opencms/v8/solr/messages_de.properties</destination>
			<type>plain</type>
			<uuidstructure>439a2612-f68e-11e1-b6b3-058770d8fd70</uuidstructure>
			<uuidresource>439a2613-f68e-11e1-b6b3-058770d8fd70</uuidresource>
			<datelastmodified>Tue, 04 Sep 2012 12:44:27 GMT</datelastmodified>
			<userlastmodified>Admin</userlastmodified>
			<datecreated>Tue, 04 Sep 2012 12:44:27 GMT</datecreated>
			<usercreated>Admin</usercreated>
			<flags>0</flags>
			<properties/>
			<relations/>
			<accesscontrol/>
		</file>
		<file>
			<destination>system/modules/com.alkacon.opencms.v8.solr/classes/com/alkacon/opencms/v8/solr/messages_en.properties</destination>
			<type>plain</type>
			<uuidstructure>55ca3734-f68e-11e1-b6b3-058770d8fd70</uuidstructure>
			<uuidresource>3dca1c91-f68e-11e1-b6b3-058770d8fd70</uuidresource>
			<datelastmodified>Tue, 04 Sep 2012 12:44:18 GMT</datelastmodified>
			<userlastmodified>Admin</userlastmodified>
			<datecreated>Tue, 04 Sep 2012 12:44:18 GMT</datecreated>
			<usercreated>Admin</usercreated>
			<flags>0</flags>
			<properties/>
			<relations/>
			<accesscontrol/>
		</file>
		<file>
			<destination>system/modules/com.alkacon.opencms.v8.solr/elements</destination>
			<type>folder</type>
			<uuidstructure>14d06ad6-f5e3-11e1-940a-058770d8fd70</uuidstructure>
			<datelastmodified>Mon, 03 Sep 2012 16:19:05 GMT</datelastmodified>
			<userlastmodified>Admin</userlastmodified>
			<datecreated>Mon, 03 Sep 2012 16:19:05 GMT</datecreated>
			<usercreated>Admin</usercreated>
			<flags>0</flags>
			<properties/>
			<relations/>
			<accesscontrol/>
		</file>
		<file>
			<source>system/modules/com.alkacon.opencms.v8.solr/elements/custom.jsp</source>
			<destination>system/modules/com.alkacon.opencms.v8.solr/elements/custom.jsp</destination>
			<type>jsp</type>
			<uuidstructure>54dde99f-00c6-11e2-9ad3-bd915da136f8</uuidstructure>
			<uuidresource>54dde9a0-00c6-11e2-9ad3-bd915da136f8</uuidresource>
			<datelastmodified>Mon, 17 Sep 2012 13:16:21 GMT</datelastmodified>
			<userlastmodified>Admin</userlastmodified>
			<datecreated>Mon, 17 Sep 2012 12:51:00 GMT</datecreated>
			<usercreated>Admin</usercreated>
			<flags>0</flags>
			<properties>
				<property>
					<name>Title</name>
					<value><![CDATA[custom]]></value>
				</property>
				<property type="shared">
					<name>export</name>
					<value><![CDATA[false]]></value>
				</property>
			</properties>
			<relations/>
			<accesscontrol/>
		</file>
		<file>
			<source>system/modules/com.alkacon.opencms.v8.solr/elements/solr.jsp</source>
			<destination>system/modules/com.alkacon.opencms.v8.solr/elements/solr.jsp</destination>
			<type>jsp</type>
			<uuidstructure>15c30906-f5e3-11e1-940a-058770d8fd70</uuidstructure>
			<uuidresource>15c30907-f5e3-11e1-940a-058770d8fd70</uuidresource>
			<datelastmodified>Mon, 03 Sep 2012 17:42:22 GMT</datelastmodified>
			<userlastmodified>Admin</userlastmodified>
			<datecreated>Mon, 03 Sep 2012 16:19:06 GMT</datecreated>
			<usercreated>Admin</usercreated>
			<flags>0</flags>
			<properties>
				<property>
					<name>Title</name>
					<value><![CDATA[solr]]></value>
				</property>
				<property type="shared">
					<name>export</name>
					<value><![CDATA[false]]></value>
				</property>
			</properties>
			<relations/>
			<accesscontrol/>
		</file>
		<file>
			<destination>system/modules/com.alkacon.opencms.v8.solr/resources</destination>
			<type>folder</type>
			<uuidstructure>cd505f8e-f687-11e1-b6b3-058770d8fd70</uuidstructure>
			<datelastmodified>Fri, 14 Sep 2012 11:27:01 GMT</datelastmodified>
			<userlastmodified>Admin</userlastmodified>
			<datecreated>Tue, 04 Sep 2012 11:58:12 GMT</datecreated>
			<usercreated>Admin</usercreated>
			<flags>0</flags>
			<properties>
				<property>
					<name>export</name>
					<value><![CDATA[true]]></value>
				</property>
			</properties>
			<relations/>
			<accesscontrol/>
		</file>
		<file>
			<source>system/modules/com.alkacon.opencms.v8.solr/resources/com.alkacon.opencms.v8.solr.scripts.js</source>
			<destination>system/modules/com.alkacon.opencms.v8.solr/resources/com.alkacon.opencms.v8.solr.scripts.js</destination>
			<type>plain</type>
			<uuidstructure>cd98da89-f687-11e1-b6b3-058770d8fd70</uuidstructure>
			<uuidresource>cd98da8a-f687-11e1-b6b3-058770d8fd70</uuidresource>
			<datelastmodified>Tue, 04 Sep 2012 11:58:12 GMT</datelastmodified>
			<userlastmodified>Admin</userlastmodified>
			<datecreated>Tue, 04 Sep 2012 11:58:12 GMT</datecreated>
			<usercreated>Admin</usercreated>
			<flags>0</flags>
			<properties>
				<property>
					<name>Title</name>
					<value><![CDATA[com.alkacon.opencms.v8.solr.scripts]]></value>
				</property>
			</properties>
			<relations/>
			<accesscontrol/>
		</file>
		<file>
			<destination>system/modules/com.alkacon.opencms.v8.solr/resources/css</destination>
			<type>folder</type>
			<uuidstructure>cd5fc8e0-f687-11e1-b6b3-058770d8fd70</uuidstructure>
			<datelastmodified>Tue, 04 Sep 2012 11:58:12 GMT</datelastmodified>
			<userlastmodified>Admin</userlastmodified>
			<datecreated>Tue, 04 Sep 2012 11:58:12 GMT</datecreated>
			<usercreated>Admin</usercreated>
			<flags>0</flags>
			<properties/>
			<relations/>
			<accesscontrol/>
		</file>
		<file>
			<source>system/modules/com.alkacon.opencms.v8.solr/resources/css/jquery-ui-1.8.23.custom.css</source>
			<destination>system/modules/com.alkacon.opencms.v8.solr/resources/css/jquery-ui-1.8.23.custom.css</destination>
			<type>plain</type>
			<uuidstructure>cd961b66-f687-11e1-b6b3-058770d8fd70</uuidstructure>
			<uuidresource>cd961b67-f687-11e1-b6b3-058770d8fd70</uuidresource>
			<datelastmodified>Fri, 14 Sep 2012 15:09:57 GMT</datelastmodified>
			<userlastmodified>Admin</userlastmodified>
			<datecreated>Tue, 04 Sep 2012 11:58:12 GMT</datecreated>
			<usercreated>Admin</usercreated>
			<flags>0</flags>
			<properties>
				<property>
					<name>Title</name>
					<value><![CDATA[jquery-ui-1.8.23.custom]]></value>
				</property>
			</properties>
			<relations/>
			<accesscontrol/>
		</file>
		<file>
			<source>system/modules/com.alkacon.opencms.v8.solr/resources/css/jquery.autocomplete.css</source>
			<destination>system/modules/com.alkacon.opencms.v8.solr/resources/css/jquery.autocomplete.css</destination>
			<type>plain</type>
			<uuidstructure>cd9298f0-f687-11e1-b6b3-058770d8fd70</uuidstructure>
			<uuidresource>cd9298f1-f687-11e1-b6b3-058770d8fd70</uuidresource>
			<datelastmodified>Tue, 04 Sep 2012 11:58:12 GMT</datelastmodified>
			<userlastmodified>Admin</userlastmodified>
			<datecreated>Tue, 04 Sep 2012 11:58:12 GMT</datecreated>
			<usercreated>Admin</usercreated>
			<flags>0</flags>
			<properties>
				<property>
					<name>Title</name>
					<value><![CDATA[jquery.autocomplete]]></value>
				</property>
			</properties>
			<relations/>
			<accesscontrol/>
		</file>
		<file>
			<source>system/modules/com.alkacon.opencms.v8.solr/resources/css/reuters.css</source>
			<destination>system/modules/com.alkacon.opencms.v8.solr/resources/css/reuters.css</destination>
			<type>plain</type>
			<uuidstructure>cd946db3-f687-11e1-b6b3-058770d8fd70</uuidstructure>
			<uuidresource>cd946db4-f687-11e1-b6b3-058770d8fd70</uuidresource>
			<datelastmodified>Mon, 17 Sep 2012 13:32:28 GMT</datelastmodified>
			<userlastmodified>Admin</userlastmodified>
			<datecreated>Tue, 04 Sep 2012 11:58:12 GMT</datecreated>
			<usercreated>Admin</usercreated>
			<flags>0</flags>
			<properties>
				<property>
					<name>Title</name>
					<value><![CDATA[reuters]]></value>
				</property>
			</properties>
			<relations/>
			<accesscontrol/>
		</file>
		<file>
			<destination>system/modules/com.alkacon.opencms.v8.solr/resources/css/images</destination>
			<type>folder</type>
			<uuidstructure>cd61c4b2-f687-11e1-b6b3-058770d8fd70</uuidstructure>
			<datelastmodified>Tue, 04 Sep 2012 11:58:12 GMT</datelastmodified>
			<userlastmodified>Admin</userlastmodified>
			<datecreated>Tue, 04 Sep 2012 11:58:12 GMT</datecreated>
			<usercreated>Admin</usercreated>
			<flags>0</flags>
			<properties/>
			<relations/>
			<accesscontrol/>
		</file>
		<file>
			<source>system/modules/com.alkacon.opencms.v8.solr/resources/css/images/ajax-loader.gif</source>
			<destination>system/modules/com.alkacon.opencms.v8.solr/resources/css/images/ajax-loader.gif</destination>
			<type>image</type>
			<uuidstructure>b1958a44-f68b-11e1-b6b3-058770d8fd70</uuidstructure>
			<uuidresource>b1958a45-f68b-11e1-b6b3-058770d8fd70</uuidresource>
			<datelastmodified>Tue, 04 Sep 2012 12:29:31 GMT</datelastmodified>
			<userlastmodified>Admin</userlastmodified>
			<datecreated>Tue, 04 Sep 2012 12:26:03 GMT</datecreated>
			<usercreated>Admin</usercreated>
			<flags>0</flags>
			<properties>
				<property>
					<name>Title</name>
					<value><![CDATA[ajax-loader]]></value>
				</property>
				<property type="shared">
					<name>image.size</name>
					<value><![CDATA[w:16,h:16]]></value>
				</property>
			</properties>
			<relations/>
			<accesscontrol/>
		</file>
		<file>
			<source>system/modules/com.alkacon.opencms.v8.solr/resources/css/images/ui-bg_diagonals-thick_75_f3d8d8_40x40.png</source>
			<destination>system/modules/com.alkacon.opencms.v8.solr/resources/css/images/ui-bg_diagonals-thick_75_f3d8d8_40x40.png</destination>
			<type>image</type>
			<uuidstructure>2fc57674-fe7e-11e1-a88d-bd915da136f8</uuidstructure>
			<uuidresource>2fc57675-fe7e-11e1-a88d-bd915da136f8</uuidresource>
			<datelastmodified>Fri, 14 Sep 2012 15:09:31 GMT</datelastmodified>
			<userlastmodified>Admin</userlastmodified>
			<datecreated>Fri, 14 Sep 2012 15:09:31 GMT</datecreated>
			<usercreated>Admin</usercreated>
			<flags>0</flags>
			<properties>
				<property>
					<name>Title</name>
					<value><![CDATA[ui-bg_diagonals-thick_75_f3d8d8_40x40]]></value>
				</property>
				<property type="shared">
					<name>image.size</name>
					<value><![CDATA[w:40,h:40]]></value>
				</property>
			</properties>
			<relations/>
			<accesscontrol/>
		</file>
		<file>
			<source>system/modules/com.alkacon.opencms.v8.solr/resources/css/images/ui-bg_dots-small_65_a6a6a6_2x2.png</source>
			<destination>system/modules/com.alkacon.opencms.v8.solr/resources/css/images/ui-bg_dots-small_65_a6a6a6_2x2.png</destination>
			<type>image</type>
			<uuidstructure>2fd61848-fe7e-11e1-a88d-bd915da136f8</uuidstructure>
			<uuidresource>2fd61849-fe7e-11e1-a88d-bd915da136f8</uuidresource>
			<datelastmodified>Fri, 14 Sep 2012 15:09:31 GMT</datelastmodified>
			<userlastmodified>Admin</userlastmodified>
			<datecreated>Fri, 14 Sep 2012 15:09:31 GMT</datecreated>
			<usercreated>Admin</usercreated>
			<flags>0</flags>
			<properties>
				<property>
					<name>Title</name>
					<value><![CDATA[ui-bg_dots-small_65_a6a6a6_2x2]]></value>
				</property>
				<property type="shared">
					<name>image.size</name>
					<value><![CDATA[w:2,h:2]]></value>
				</property>
			</properties>
			<relations/>
			<accesscontrol/>
		</file>
		<file>
			<source>system/modules/com.alkacon.opencms.v8.solr/resources/css/images/ui-bg_flat_0_333333_40x100.png</source>
			<destination>system/modules/com.alkacon.opencms.v8.solr/resources/css/images/ui-bg_flat_0_333333_40x100.png</destination>
			<type>image</type>
			<uuidstructure>2fd99abc-fe7e-11e1-a88d-bd915da136f8</uuidstructure>
			<uuidresource>2fd99abd-fe7e-11e1-a88d-bd915da136f8</uuidresource>
			<datelastmodified>Fri, 14 Sep 2012 15:09:31 GMT</datelastmodified>
			<userlastmodified>Admin</userlastmodified>
			<datecreated>Fri, 14 Sep 2012 15:09:31 GMT</datecreated>
			<usercreated>Admin</usercreated>
			<flags>0</flags>
			<properties>
				<property>
					<name>Title</name>
					<value><![CDATA[ui-bg_flat_0_333333_40x100]]></value>
				</property>
				<property type="shared">
					<name>image.size</name>
					<value><![CDATA[w:40,h:100]]></value>
				</property>
			</properties>
			<relations/>
			<accesscontrol/>
		</file>
		<file>
			<source>system/modules/com.alkacon.opencms.v8.solr/resources/css/images/ui-bg_flat_65_ffffff_40x100.png</source>
			<destination>system/modules/com.alkacon.opencms.v8.solr/resources/css/images/ui-bg_flat_65_ffffff_40x100.png</destination>
			<type>image</type>
			<uuidstructure>2fdbe4b0-fe7e-11e1-a88d-bd915da136f8</uuidstructure>
			<uuidresource>2fdbe4b1-fe7e-11e1-a88d-bd915da136f8</uuidresource>
			<datelastmodified>Fri, 14 Sep 2012 15:09:32 GMT</datelastmodified>
			<userlastmodified>Admin</userlastmodified>
			<datecreated>Fri, 14 Sep 2012 15:09:32 GMT</datecreated>
			<usercreated>Admin</usercreated>
			<flags>0</flags>
			<properties>
				<property>
					<name>Title</name>
					<value><![CDATA[ui-bg_flat_65_ffffff_40x100]]></value>
				</property>
				<property type="shared">
					<name>image.size</name>
					<value><![CDATA[w:40,h:100]]></value>
				</property>
			</properties>
			<relations/>
			<accesscontrol/>
		</file>
		<file>
			<source>system/modules/com.alkacon.opencms.v8.solr/resources/css/images/ui-bg_flat_75_ffffff_40x100.png</source>
			<destination>system/modules/com.alkacon.opencms.v8.solr/resources/css/images/ui-bg_flat_75_ffffff_40x100.png</destination>
			<type>image</type>
			<uuidstructure>2fde7cc4-fe7e-11e1-a88d-bd915da136f8</uuidstructure>
			<uuidresource>2fde7cc5-fe7e-11e1-a88d-bd915da136f8</uuidresource>
			<datelastmodified>Fri, 14 Sep 2012 15:09:32 GMT</datelastmodified>
			<userlastmodified>Admin</userlastmodified>
			<datecreated>Fri, 14 Sep 2012 15:09:32 GMT</datecreated>
			<usercreated>Admin</usercreated>
			<flags>0</flags>
			<properties>
				<property>
					<name>Title</name>
					<value><![CDATA[ui-bg_flat_75_ffffff_40x100]]></value>
				</property>
				<property type="shared">
					<name>image.size</name>
					<value><![CDATA[w:40,h:100]]></value>
				</property>
			</properties>
			<relations/>
			<accesscontrol/>
		</file>
		<file>
			<source>system/modules/com.alkacon.opencms.v8.solr/resources/css/images/ui-bg_glass_55_fbf8ee_1x400.png</source>
			<destination>system/modules/com.alkacon.opencms.v8.solr/resources/css/images/ui-bg_glass_55_fbf8ee_1x400.png</destination>
			<type>image</type>
			<uuidstructure>2fe114d8-fe7e-11e1-a88d-bd915da136f8</uuidstructure>
			<uuidresource>2fe114d9-fe7e-11e1-a88d-bd915da136f8</uuidresource>
			<datelastmodified>Fri, 14 Sep 2012 15:09:32 GMT</datelastmodified>
			<userlastmodified>Admin</userlastmodified>
			<datecreated>Fri, 14 Sep 2012 15:09:32 GMT</datecreated>
			<usercreated>Admin</usercreated>
			<flags>0</flags>
			<properties>
				<property>
					<name>Title</name>
					<value><![CDATA[ui-bg_glass_55_fbf8ee_1x400]]></value>
				</property>
				<property type="shared">
					<name>image.size</name>
					<value><![CDATA[w:1,h:400]]></value>
				</property>
			</properties>
			<relations/>
			<accesscontrol/>
		</file>
		<file>
			<source>system/modules/com.alkacon.opencms.v8.solr/resources/css/images/ui-bg_highlight-hard_100_eeeeee_1x100.png</source>
			<destination>system/modules/com.alkacon.opencms.v8.solr/resources/css/images/ui-bg_highlight-hard_100_eeeeee_1x100.png</destination>
			<type>image</type>
			<uuidstructure>2fe310ac-fe7e-11e1-a88d-bd915da136f8</uuidstructure>
			<uuidresource>2fe310ad-fe7e-11e1-a88d-bd915da136f8</uuidresource>
			<datelastmodified>Fri, 14 Sep 2012 15:09:32 GMT</datelastmodified>
			<userlastmodified>Admin</userlastmodified>
			<datecreated>Fri, 14 Sep 2012 15:09:32 GMT</datecreated>
			<usercreated>Admin</usercreated>
			<flags>0</flags>
			<properties>
				<property>
					<name>Title</name>
					<value><![CDATA[ui-bg_highlight-hard_100_eeeeee_1x100]]></value>
				</property>
				<property type="shared">
					<name>image.size</name>
					<value><![CDATA[w:1,h:100]]></value>
				</property>
			</properties>
			<relations/>
			<accesscontrol/>
		</file>
		<file>
			<source>system/modules/com.alkacon.opencms.v8.solr/resources/css/images/ui-bg_highlight-hard_100_f6f6f6_1x100.png</source>
			<destination>system/modules/com.alkacon.opencms.v8.solr/resources/css/images/ui-bg_highlight-hard_100_f6f6f6_1x100.png</destination>
			<type>image</type>
			<uuidstructure>2fe50c80-fe7e-11e1-a88d-bd915da136f8</uuidstructure>
			<uuidresource>2fe50c81-fe7e-11e1-a88d-bd915da136f8</uuidresource>
			<datelastmodified>Fri, 14 Sep 2012 15:09:32 GMT</datelastmodified>
			<userlastmodified>Admin</userlastmodified>
			<datecreated>Fri, 14 Sep 2012 15:09:32 GMT</datecreated>
			<usercreated>Admin</usercreated>
			<flags>0</flags>
			<properties>
				<property>
					<name>Title</name>
					<value><![CDATA[ui-bg_highlight-hard_100_f6f6f6_1x100]]></value>
				</property>
				<property type="shared">
					<name>image.size</name>
					<value><![CDATA[w:1,h:100]]></value>
				</property>
			</properties>
			<relations/>
			<accesscontrol/>
		</file>
		<file>
			<source>system/modules/com.alkacon.opencms.v8.solr/resources/css/images/ui-bg_highlight-soft_15_b31b34_1x100.png</source>
			<destination>system/modules/com.alkacon.opencms.v8.solr/resources/css/images/ui-bg_highlight-soft_15_b31b34_1x100.png</destination>
			<type>image</type>
			<uuidstructure>2fe6e144-fe7e-11e1-a88d-bd915da136f8</uuidstructure>
			<uuidresource>2fe6e145-fe7e-11e1-a88d-bd915da136f8</uuidresource>
			<datelastmodified>Fri, 14 Sep 2012 15:09:32 GMT</datelastmodified>
			<userlastmodified>Admin</userlastmodified>
			<datecreated>Fri, 14 Sep 2012 15:09:32 GMT</datecreated>
			<usercreated>Admin</usercreated>
			<flags>0</flags>
			<properties>
				<property>
					<name>Title</name>
					<value><![CDATA[ui-bg_highlight-soft_15_b31b34_1x100]]></value>
				</property>
				<property type="shared">
					<name>image.size</name>
					<value><![CDATA[w:1,h:100]]></value>
				</property>
			</properties>
			<relations/>
			<accesscontrol/>
		</file>
		<file>
			<source>system/modules/com.alkacon.opencms.v8.solr/resources/css/images/ui-icons_003082_256x240.png</source>
			<destination>system/modules/com.alkacon.opencms.v8.solr/resources/css/images/ui-icons_003082_256x240.png</destination>
			<type>image</type>
			<uuidstructure>2fe95248-fe7e-11e1-a88d-bd915da136f8</uuidstructure>
			<uuidresource>2fe95249-fe7e-11e1-a88d-bd915da136f8</uuidresource>
			<datelastmodified>Fri, 14 Sep 2012 15:09:32 GMT</datelastmodified>
			<userlastmodified>Admin</userlastmodified>
			<datecreated>Fri, 14 Sep 2012 15:09:32 GMT</datecreated>
			<usercreated>Admin</usercreated>
			<flags>0</flags>
			<properties>
				<property>
					<name>Title</name>
					<value><![CDATA[ui-icons_003082_256x240]]></value>
				</property>
				<property type="shared">
					<name>image.size</name>
					<value><![CDATA[w:256,h:240]]></value>
				</property>
			</properties>
			<relations/>
			<accesscontrol/>
		</file>
		<file>
			<source>system/modules/com.alkacon.opencms.v8.solr/resources/css/images/ui-icons_b31b34_256x240.png</source>
			<destination>system/modules/com.alkacon.opencms.v8.solr/resources/css/images/ui-icons_b31b34_256x240.png</destination>
			<type>image</type>
			<uuidstructure>2fec5f8c-fe7e-11e1-a88d-bd915da136f8</uuidstructure>
			<uuidresource>2fec5f8d-fe7e-11e1-a88d-bd915da136f8</uuidresource>
			<datelastmodified>Fri, 14 Sep 2012 15:09:32 GMT</datelastmodified>
			<userlastmodified>Admin</userlastmodified>
			<datecreated>Fri, 14 Sep 2012 15:09:32 GMT</datecreated>
			<usercreated>Admin</usercreated>
			<flags>0</flags>
			<properties>
				<property>
					<name>Title</name>
					<value><![CDATA[ui-icons_b31b34_256x240]]></value>
				</property>
				<property type="shared">
					<name>image.size</name>
					<value><![CDATA[w:256,h:240]]></value>
				</property>
			</properties>
			<relations/>
			<accesscontrol/>
		</file>
		<file>
			<source>system/modules/com.alkacon.opencms.v8.solr/resources/css/images/ui-icons_cc0000_256x240.png</source>
			<destination>system/modules/com.alkacon.opencms.v8.solr/resources/css/images/ui-icons_cc0000_256x240.png</destination>
			<type>image</type>
			<uuidstructure>2ff51220-fe7e-11e1-a88d-bd915da136f8</uuidstructure>
			<uuidresource>2ff51221-fe7e-11e1-a88d-bd915da136f8</uuidresource>
			<datelastmodified>Fri, 14 Sep 2012 15:09:32 GMT</datelastmodified>
			<userlastmodified>Admin</userlastmodified>
			<datecreated>Fri, 14 Sep 2012 15:09:32 GMT</datecreated>
			<usercreated>Admin</usercreated>
			<flags>0</flags>
			<properties>
				<property>
					<name>Title</name>
					<value><![CDATA[ui-icons_cc0000_256x240]]></value>
				</property>
				<property type="shared">
					<name>image.size</name>
					<value><![CDATA[w:256,h:240]]></value>
				</property>
			</properties>
			<relations/>
			<accesscontrol/>
		</file>
		<file>
			<source>system/modules/com.alkacon.opencms.v8.solr/resources/css/images/ui-icons_ffffff_256x240.png</source>
			<destination>system/modules/com.alkacon.opencms.v8.solr/resources/css/images/ui-icons_ffffff_256x240.png</destination>
			<type>image</type>
			<uuidstructure>2ff930d4-fe7e-11e1-a88d-bd915da136f8</uuidstructure>
			<uuidresource>2ff930d5-fe7e-11e1-a88d-bd915da136f8</uuidresource>
			<datelastmodified>Fri, 14 Sep 2012 15:09:32 GMT</datelastmodified>
			<userlastmodified>Admin</userlastmodified>
			<datecreated>Fri, 14 Sep 2012 15:09:32 GMT</datecreated>
			<usercreated>Admin</usercreated>
			<flags>0</flags>
			<properties>
				<property>
					<name>Title</name>
					<value><![CDATA[ui-icons_ffffff_256x240]]></value>
				</property>
				<property type="shared">
					<name>image.size</name>
					<value><![CDATA[w:256,h:240]]></value>
				</property>
			</properties>
			<relations/>
			<accesscontrol/>
		</file>
	</files>
</export>
