<?xml version="1.0" encoding="UTF-8"?>

<export>
	<info>
		<creator>Admin</creator>
		<opencms_version>8.5</opencms_version>
		<createdate>Wed, 05 Sep 2012 09:00:46 GMT</createdate>
		<infoproject>Offline</infoproject>
		<export_version>7</export_version>
	</info>
	<module>
		<name>com.alkacon.opencms.v8.twitter</name>
		<nicename><![CDATA[OpenCms 8 Twitter]]></nicename>
		<group>OpenCms 8 types</group>
		<class/>
		<description><![CDATA[Provides an resource type for twitte integration that can be used in OpenCms 8 templates.]]></description>
		<version>8.5.1</version>
		<authorname><![CDATA[Alkacon Software GmbH]]></authorname>
		<authoremail><![CDATA[sales@alkacon.com]]></authoremail>
		<datecreated/>
		<userinstalled/>
		<dateinstalled/>
		<dependencies>
			<dependency name="org.opencms.ade.config" version="8.0.0"/>
		</dependencies>
		<exportpoints>
			<exportpoint uri="/system/modules/com.alkacon.opencms.v8.twitter/classes/" destination="WEB-INF/classes/"/>
		</exportpoints>
		<resources>
			<resource uri="/system/modules/com.alkacon.opencms.v8.twitter/"/>
			<resource uri="/system/workplace/resources/filetypes/v8twitter.png"/>
			<resource uri="/system/workplace/resources/filetypes/v8twitter_big.png"/>
		</resources>
		<parameters/>
		<resourcetypes>
			<type class="org.opencms.file.types.CmsResourceTypeXmlContent" name="v8twitter" id="138">
				<param name="schema">/system/modules/com.alkacon.opencms.v8.twitter/schemas/twitter.xsd</param>
			</type>
		</resourcetypes>
		<explorertypes>
			<explorertype name="v8twitter" key="fileicon.v8twitter" icon="v8twitter.png" bigicon="v8twitter_big.png" reference="xmlcontent">
				<newresource page="structurecontent" uri="newresource_xmlcontent.jsp?newresourcetype=v8twitter" order="120" autosetnavigation="false" autosettitle="false" info="desc.v8twitter"/>
				<accesscontrol>
					<accessentry principal="ROLE.WORKPLACE_USER" permissions="+r+v+w+c"/>
				</accesscontrol>
			</explorertype>
		</explorertypes>
	</module>
	<files>
		<file>
			<destination>system</destination>
			<type>folder</type>
			<uuidstructure>8aecd78a-f666-11e1-930b-2fc8aa430640</uuidstructure>
			<datelastmodified>Tue, 04 Sep 2012 08:00:07 GMT</datelastmodified>
			<userlastmodified>Admin</userlastmodified>
			<datecreated>Tue, 04 Sep 2012 08:00:07 GMT</datecreated>
			<usercreated>Admin</usercreated>
			<flags>0</flags>
			<properties/>
			<relations/>
			<accesscontrol>
				<accessentry>
					<uuidprincipal>ROLE.WORKPLACE_USER</uuidprincipal>
					<flags>514</flags>
					<permissionset>
						<allowed>1</allowed>
						<denied>0</denied>
					</permissionset>
				</accessentry>
			</accesscontrol>
		</file>
		<file>
			<destination>system/modules</destination>
			<type>folder</type>
			<uuidstructure>8bfa5026-f666-11e1-930b-2fc8aa430640</uuidstructure>
			<datelastmodified>Tue, 04 Sep 2012 08:00:09 GMT</datelastmodified>
			<userlastmodified>Admin</userlastmodified>
			<datecreated>Tue, 04 Sep 2012 08:00:09 GMT</datecreated>
			<usercreated>Admin</usercreated>
			<flags>0</flags>
			<properties/>
			<relations/>
			<accesscontrol>
				<accessentry>
					<uuidprincipal>ROLE.WORKPLACE_USER</uuidprincipal>
					<flags>514</flags>
					<permissionset>
						<allowed>5</allowed>
						<denied>0</denied>
					</permissionset>
				</accessentry>
			</accesscontrol>
		</file>
		<file>
			<destination>system/modules/com.alkacon.opencms.v8.twitter</destination>
			<type>folder</type>
			<uuidstructure>4315b3c2-7176-11e0-9840-1f597a2c805d</uuidstructure>
			<datelastmodified>Thu, 28 Apr 2011 09:02:36 GMT</datelastmodified>
			<userlastmodified>Admin</userlastmodified>
			<datecreated>Thu, 28 Apr 2011 09:02:36 GMT</datecreated>
			<usercreated>Admin</usercreated>
			<flags>0</flags>
			<properties/>
			<relations/>
			<accesscontrol/>
		</file>
		<file>
			<source>system/modules/com.alkacon.opencms.v8.twitter/.config</source>
			<destination>system/modules/com.alkacon.opencms.v8.twitter/.config</destination>
			<type>module_config</type>
			<uuidstructure>f25abbeb-e062-4f3b-a989-9460793cf255</uuidstructure>
			<uuidresource>f25abbeb-e062-4f3b-a989-9460793cf256</uuidresource>
			<datelastmodified>Tue, 28 Jun 2011 11:07:15 GMT</datelastmodified>
			<userlastmodified>Admin</userlastmodified>
			<datecreated>Wed, 20 Apr 2011 14:45:03 GMT</datecreated>
			<usercreated>Admin</usercreated>
			<flags>0</flags>
			<properties>
				<property>
					<name>locale</name>
					<value><![CDATA[en]]></value>
				</property>
				<property>
					<name>locale-available</name>
					<value><![CDATA[en]]></value>
				</property>
			</properties>
			<relations/>
			<accesscontrol/>
		</file>
		<file>
			<destination>system/modules/com.alkacon.opencms.v8.twitter/classes</destination>
			<type>folder</type>
			<uuidstructure>431f50b8-7176-11e0-9840-1f597a2c805d</uuidstructure>
			<datelastmodified>Thu, 28 Apr 2011 09:02:36 GMT</datelastmodified>
			<userlastmodified>Admin</userlastmodified>
			<datecreated>Thu, 28 Apr 2011 09:02:36 GMT</datecreated>
			<usercreated>Admin</usercreated>
			<flags>0</flags>
			<properties/>
			<relations/>
			<accesscontrol/>
		</file>
		<file>
			<destination>system/modules/com.alkacon.opencms.v8.twitter/classes/com</destination>
			<type>folder</type>
			<uuidstructure>43219aaa-7176-11e0-9840-1f597a2c805d</uuidstructure>
			<datelastmodified>Thu, 28 Apr 2011 09:02:36 GMT</datelastmodified>
			<userlastmodified>Admin</userlastmodified>
			<datecreated>Thu, 28 Apr 2011 09:02:36 GMT</datecreated>
			<usercreated>Admin</usercreated>
			<flags>0</flags>
			<properties/>
			<relations/>
			<accesscontrol/>
		</file>
		<file>
			<destination>system/modules/com.alkacon.opencms.v8.twitter/classes/com/alkacon</destination>
			<type>folder</type>
			<uuidstructure>43240bac-7176-11e0-9840-1f597a2c805d</uuidstructure>
			<datelastmodified>Thu, 28 Apr 2011 09:02:36 GMT</datelastmodified>
			<userlastmodified>Admin</userlastmodified>
			<datecreated>Thu, 28 Apr 2011 09:02:36 GMT</datecreated>
			<usercreated>Admin</usercreated>
			<flags>0</flags>
			<properties/>
			<relations/>
			<accesscontrol/>
		</file>
		<file>
			<destination>system/modules/com.alkacon.opencms.v8.twitter/classes/com/alkacon/opencms</destination>
			<type>folder</type>
			<uuidstructure>4326559e-7176-11e0-9840-1f597a2c805d</uuidstructure>
			<datelastmodified>Thu, 28 Apr 2011 09:02:36 GMT</datelastmodified>
			<userlastmodified>Admin</userlastmodified>
			<datecreated>Thu, 28 Apr 2011 09:02:36 GMT</datecreated>
			<usercreated>Admin</usercreated>
			<flags>0</flags>
			<properties/>
			<relations/>
			<accesscontrol/>
		</file>
		<file>
			<destination>system/modules/com.alkacon.opencms.v8.twitter/classes/com/alkacon/opencms/v8</destination>
			<type>folder</type>
			<uuidstructure>4328c5a0-7176-11e0-9840-1f597a2c805d</uuidstructure>
			<datelastmodified>Thu, 28 Apr 2011 09:02:36 GMT</datelastmodified>
			<userlastmodified>Admin</userlastmodified>
			<datecreated>Thu, 28 Apr 2011 09:02:36 GMT</datecreated>
			<usercreated>Admin</usercreated>
			<flags>0</flags>
			<properties/>
			<relations/>
			<accesscontrol/>
		</file>
		<file>
			<destination>system/modules/com.alkacon.opencms.v8.twitter/classes/com/alkacon/opencms/v8/twitter</destination>
			<type>folder</type>
			<uuidstructure>432b36a2-7176-11e0-9840-1f597a2c805d</uuidstructure>
			<datelastmodified>Thu, 28 Apr 2011 09:02:36 GMT</datelastmodified>
			<userlastmodified>Admin</userlastmodified>
			<datecreated>Thu, 28 Apr 2011 09:02:36 GMT</datecreated>
			<usercreated>Admin</usercreated>
			<flags>0</flags>
			<properties/>
			<relations/>
			<accesscontrol/>
		</file>
		<file>
			<source>system/modules/com.alkacon.opencms.v8.twitter/classes/com/alkacon/opencms/v8/twitter/messages.properties</source>
			<destination>system/modules/com.alkacon.opencms.v8.twitter/classes/com/alkacon/opencms/v8/twitter/messages.properties</destination>
			<type>plain</type>
			<uuidstructure>5cdb815a-7259-11e0-a52f-1f597a2c805d</uuidstructure>
			<uuidresource>5cdb815b-7259-11e0-a52f-1f597a2c805d</uuidresource>
			<datelastmodified>Fri, 29 Apr 2011 12:26:06 GMT</datelastmodified>
			<userlastmodified>Admin</userlastmodified>
			<datecreated>Fri, 29 Apr 2011 12:08:15 GMT</datecreated>
			<usercreated>Admin</usercreated>
			<flags>0</flags>
			<properties/>
			<relations/>
			<accesscontrol/>
		</file>
		<file>
			<source>system/modules/com.alkacon.opencms.v8.twitter/classes/com/alkacon/opencms/v8/twitter/messages_de.properties</source>
			<destination>system/modules/com.alkacon.opencms.v8.twitter/classes/com/alkacon/opencms/v8/twitter/messages_de.properties</destination>
			<type>plain</type>
			<uuidstructure>5ce7683c-7259-11e0-a52f-1f597a2c805d</uuidstructure>
			<uuidresource>5ce7683d-7259-11e0-a52f-1f597a2c805d</uuidresource>
			<datelastmodified>Fri, 29 Apr 2011 12:26:50 GMT</datelastmodified>
			<userlastmodified>Admin</userlastmodified>
			<datecreated>Fri, 29 Apr 2011 12:08:15 GMT</datecreated>
			<usercreated>Admin</usercreated>
			<flags>0</flags>
			<properties/>
			<relations/>
			<accesscontrol/>
		</file>
		<file>
			<source>system/modules/com.alkacon.opencms.v8.twitter/classes/com/alkacon/opencms/v8/twitter/workplace.properties</source>
			<destination>system/modules/com.alkacon.opencms.v8.twitter/classes/com/alkacon/opencms/v8/twitter/workplace.properties</destination>
			<type>plain</type>
			<uuidstructure>5cee942e-7259-11e0-a52f-1f597a2c805d</uuidstructure>
			<uuidresource>5cee942f-7259-11e0-a52f-1f597a2c805d</uuidresource>
			<datelastmodified>Mon, 02 May 2011 09:28:16 GMT</datelastmodified>
			<userlastmodified>Admin</userlastmodified>
			<datecreated>Fri, 29 Apr 2011 12:08:15 GMT</datecreated>
			<usercreated>Admin</usercreated>
			<flags>0</flags>
			<properties/>
			<relations/>
			<accesscontrol/>
		</file>
		<file>
			<source>system/modules/com.alkacon.opencms.v8.twitter/classes/com/alkacon/opencms/v8/twitter/workplace_de.properties</source>
			<destination>system/modules/com.alkacon.opencms.v8.twitter/classes/com/alkacon/opencms/v8/twitter/workplace_de.properties</destination>
			<type>plain</type>
			<uuidstructure>5cf34f20-7259-11e0-a52f-1f597a2c805d</uuidstructure>
			<uuidresource>5cf34f21-7259-11e0-a52f-1f597a2c805d</uuidresource>
			<datelastmodified>Fri, 29 Apr 2011 15:15:57 GMT</datelastmodified>
			<userlastmodified>Admin</userlastmodified>
			<datecreated>Fri, 29 Apr 2011 12:08:15 GMT</datecreated>
			<usercreated>Admin</usercreated>
			<flags>0</flags>
			<properties>
				<property>
					<name>content-encoding</name>
					<value><![CDATA[ISO-8859-1]]></value>
				</property>
			</properties>
			<relations/>
			<accesscontrol/>
		</file>
		<file>
			<destination>system/modules/com.alkacon.opencms.v8.twitter/classes/com/alkacon/opencms/v8/twitter/workplace_en.properties</destination>
			<type>plain</type>
			<uuidstructure>03a35bc6-725c-11e0-a52f-1f597a2c805d</uuidstructure>
			<uuidresource>5cee942f-7259-11e0-a52f-1f597a2c805d</uuidresource>
			<datelastmodified>Mon, 02 May 2011 09:28:16 GMT</datelastmodified>
			<userlastmodified>Admin</userlastmodified>
			<datecreated>Fri, 29 Apr 2011 12:08:15 GMT</datecreated>
			<usercreated>Admin</usercreated>
			<flags>0</flags>
			<properties/>
			<relations/>
			<accesscontrol/>
		</file>
		<file>
			<destination>system/modules/com.alkacon.opencms.v8.twitter/formatters</destination>
			<type>folder</type>
			<uuidstructure>431a6eb4-7176-11e0-9840-1f597a2c805d</uuidstructure>
			<datelastmodified>Thu, 28 Apr 2011 09:02:36 GMT</datelastmodified>
			<userlastmodified>Admin</userlastmodified>
			<datecreated>Thu, 28 Apr 2011 09:02:36 GMT</datecreated>
			<usercreated>Admin</usercreated>
			<flags>0</flags>
			<properties/>
			<relations/>
			<accesscontrol/>
		</file>
		<file>
			<source>system/modules/com.alkacon.opencms.v8.twitter/formatters/all.jsp</source>
			<destination>system/modules/com.alkacon.opencms.v8.twitter/formatters/all.jsp</destination>
			<type>jsp</type>
			<uuidstructure>2f8c3293-71ae-11e0-9e3c-1f597a2c805d</uuidstructure>
			<uuidresource>2f8c3294-71ae-11e0-9e3c-1f597a2c805d</uuidresource>
			<datelastmodified>Wed, 05 Sep 2012 08:57:35 GMT</datelastmodified>
			<userlastmodified>Admin</userlastmodified>
			<datecreated>Thu, 28 Apr 2011 15:42:55 GMT</datecreated>
			<usercreated>Admin</usercreated>
			<flags>0</flags>
			<properties>
				<property>
					<name>Title</name>
					<value><![CDATA[Formatter for all columns]]></value>
				</property>
				<property type="shared">
					<name>export</name>
					<value><![CDATA[false]]></value>
				</property>
			</properties>
			<relations/>
			<accesscontrol/>
		</file>
		<file>
			<destination>system/modules/com.alkacon.opencms.v8.twitter/resources</destination>
			<type>folder</type>
			<uuidstructure>d351ba9e-724a-11e0-a52f-1f597a2c805d</uuidstructure>
			<datelastmodified>Fri, 29 Apr 2011 10:24:11 GMT</datelastmodified>
			<userlastmodified>Admin</userlastmodified>
			<datecreated>Fri, 29 Apr 2011 10:24:11 GMT</datecreated>
			<usercreated>Admin</usercreated>
			<flags>0</flags>
			<properties/>
			<relations/>
			<accesscontrol/>
		</file>
		<file>
			<destination>system/modules/com.alkacon.opencms.v8.twitter/resources/css</destination>
			<type>folder</type>
			<uuidstructure>d8da0cc0-724a-11e0-a52f-1f597a2c805d</uuidstructure>
			<datelastmodified>Fri, 29 Apr 2011 10:24:21 GMT</datelastmodified>
			<userlastmodified>Admin</userlastmodified>
			<datecreated>Fri, 29 Apr 2011 10:24:21 GMT</datecreated>
			<usercreated>Admin</usercreated>
			<flags>0</flags>
			<properties/>
			<relations/>
			<accesscontrol/>
		</file>
		<file>
			<source>system/modules/com.alkacon.opencms.v8.twitter/resources/css/style.css</source>
			<destination>system/modules/com.alkacon.opencms.v8.twitter/resources/css/style.css</destination>
			<type>plain</type>
			<uuidstructure>f0f1f524-724a-11e0-a52f-1f597a2c805d</uuidstructure>
			<uuidresource>f0f1f525-724a-11e0-a52f-1f597a2c805d</uuidresource>
			<datelastmodified>Fri, 29 Apr 2011 10:25:50 GMT</datelastmodified>
			<userlastmodified>Admin</userlastmodified>
			<datecreated>Fri, 29 Apr 2011 10:25:01 GMT</datecreated>
			<usercreated>Admin</usercreated>
			<flags>0</flags>
			<properties>
				<property>
					<name>Title</name>
					<value><![CDATA[CSS for the twitter box]]></value>
				</property>
			</properties>
			<relations/>
			<accesscontrol/>
		</file>
		<file>
			<destination>system/modules/com.alkacon.opencms.v8.twitter/schemas</destination>
			<type>folder</type>
			<uuidstructure>431a6eb6-7176-11e0-9840-1f597a2c805d</uuidstructure>
			<datelastmodified>Thu, 28 Apr 2011 09:02:36 GMT</datelastmodified>
			<userlastmodified>Admin</userlastmodified>
			<datecreated>Thu, 28 Apr 2011 09:02:36 GMT</datecreated>
			<usercreated>Admin</usercreated>
			<flags>0</flags>
			<properties/>
			<relations/>
			<accesscontrol/>
		</file>
		<file>
			<source>system/modules/com.alkacon.opencms.v8.twitter/schemas/twitter.xsd</source>
			<destination>system/modules/com.alkacon.opencms.v8.twitter/schemas/twitter.xsd</destination>
			<type>plain</type>
			<uuidstructure>74e1f589-7176-11e0-9840-1f597a2c805d</uuidstructure>
			<uuidresource>74e1f58a-7176-11e0-9840-1f597a2c805d</uuidresource>
			<datelastmodified>Tue, 28 Jun 2011 14:47:35 GMT</datelastmodified>
			<userlastmodified>Admin</userlastmodified>
			<datecreated>Thu, 28 Apr 2011 09:04:00 GMT</datecreated>
			<usercreated>Admin</usercreated>
			<flags>0</flags>
			<properties>
				<property>
					<name>Title</name>
					<value><![CDATA[XSD for twitter]]></value>
				</property>
			</properties>
			<relations/>
			<accesscontrol/>
		</file>
		<file>
			<destination>system/workplace</destination>
			<type>folder</type>
			<uuidstructure>825afce2-11b7-11db-91cd-fdbae480bac9</uuidstructure>
			<datelastmodified>Mon, 27 Mar 2006 12:00:00 GMT</datelastmodified>
			<userlastmodified>Admin</userlastmodified>
			<datecreated>Mon, 27 Jun 2005 08:00:00 GMT</datecreated>
			<usercreated>Admin</usercreated>
			<flags>0</flags>
			<properties>
				<property>
					<name>content-encoding</name>
					<value><![CDATA[UTF-8]]></value>
				</property>
				<property>
					<name>export</name>
					<value><![CDATA[false]]></value>
				</property>
				<property>
					<name>login-form</name>
					<value><![CDATA[/system/login/index.html]]></value>
				</property>
			</properties>
			<relations/>
			<accesscontrol>
				<accessentry>
					<uuidprincipal>ALL_OTHERS</uuidprincipal>
					<flags>134</flags>
					<permissionset>
						<allowed>0</allowed>
						<denied>0</denied>
					</permissionset>
				</accessentry>
				<accessentry>
					<uuidprincipal>ROLE.WORKPLACE_USER</uuidprincipal>
					<flags>518</flags>
					<permissionset>
						<allowed>5</allowed>
						<denied>0</denied>
					</permissionset>
				</accessentry>
			</accesscontrol>
		</file>
		<file>
			<destination>system/workplace/resources</destination>
			<type>folder</type>
			<uuidstructure>82c16052-11b7-11db-91cd-fdbae480bac9</uuidstructure>
			<datelastmodified>Mon, 27 Mar 2006 12:00:00 GMT</datelastmodified>
			<userlastmodified>Admin</userlastmodified>
			<datecreated>Mon, 27 Jun 2005 08:00:00 GMT</datecreated>
			<usercreated>Admin</usercreated>
			<flags>0</flags>
			<properties/>
			<relations/>
			<accesscontrol/>
		</file>
		<file>
			<destination>system/workplace/resources/filetypes</destination>
			<type>folder</type>
			<uuidstructure>83ca1dcc-11b7-11db-91cd-fdbae480bac9</uuidstructure>
			<datelastmodified>Mon, 27 Mar 2006 12:00:00 GMT</datelastmodified>
			<userlastmodified>Admin</userlastmodified>
			<datecreated>Mon, 27 Jun 2005 08:00:00 GMT</datecreated>
			<usercreated>Admin</usercreated>
			<flags>0</flags>
			<properties/>
			<relations/>
			<accesscontrol/>
		</file>
		<file>
			<source>system/workplace/resources/filetypes/v8twitter.png</source>
			<destination>system/workplace/resources/filetypes/v8twitter.png</destination>
			<type>image</type>
			<uuidstructure>3741c7d6-7556-11e0-b7cc-736a478ad4e0</uuidstructure>
			<uuidresource>3741c7d7-7556-11e0-b7cc-736a478ad4e0</uuidresource>
			<datelastmodified>Tue, 03 May 2011 07:23:32 GMT</datelastmodified>
			<userlastmodified>Admin</userlastmodified>
			<datecreated>Tue, 03 May 2011 07:23:17 GMT</datecreated>
			<usercreated>Admin</usercreated>
			<flags>0</flags>
			<properties>
				<property type="shared">
					<name>image.size</name>
					<value><![CDATA[w:16,h:16]]></value>
				</property>
			</properties>
			<relations/>
			<accesscontrol/>
		</file>
		<file>
			<source>system/workplace/resources/filetypes/v8twitter_big.png</source>
			<destination>system/workplace/resources/filetypes/v8twitter_big.png</destination>
			<type>image</type>
			<uuidstructure>375269aa-7556-11e0-b7cc-736a478ad4e0</uuidstructure>
			<uuidresource>375269ab-7556-11e0-b7cc-736a478ad4e0</uuidresource>
			<datelastmodified>Tue, 03 May 2011 07:23:37 GMT</datelastmodified>
			<userlastmodified>Admin</userlastmodified>
			<datecreated>Tue, 03 May 2011 07:23:17 GMT</datecreated>
			<usercreated>Admin</usercreated>
			<flags>0</flags>
			<properties>
				<property type="shared">
					<name>image.size</name>
					<value><![CDATA[w:24,h:24]]></value>
				</property>
			</properties>
			<relations/>
			<accesscontrol/>
		</file>
	</files>
</export>
