<?xml version="1.0" encoding="UTF-8"?>
<export>
  <info>
    <creator>Admin</creator>
    <opencms_version>8.5.0</opencms_version>
    <createdate>Fri, 10 Feb 2012 10:42:28 GMT</createdate>
    <infoproject>Offline</infoproject>
    <export_version>7</export_version>
  </info>
  <module>
    <name>org.opencms.ade.contenteditor</name>
    <nicename><![CDATA[OpenCms 8 ADE Content Editor]]></nicename>
    <group>OpenCms ADE</group>
    <class/>
    <description><![CDATA[Editor for structured contents.<br>
<i>(c) 2013 by Alkacon Software GmbH (http://www.alkacon.com).</i>]]></description>
    <version>8.5.1</version>
    <authorname><![CDATA[Alkacon Software GmbH]]></authorname>
    <authoremail><![CDATA[sales@alkacon.com]]></authoremail>
    <datecreated/>
    <userinstalled/>
    <dateinstalled/>
    <dependencies/>
    <exportpoints>
      <exportpoint uri="/system/modules/org.opencms.ade.contenteditor/resources/" destination="resources/ade/"/>
    </exportpoints>
    <resources>
      <resource uri="/system/modules/org.opencms.ade.contenteditor/"/>
      <resource uri="/system/workplace/editors/acacia/"/>
    </resources>
    <parameters>
      
    <param name="gwt.buildid">20130207</param>
</parameters>
  </module>
  <files>
    <file>
      <destination>system</destination>
      <type>folder</type>
      <uuidstructure>7f695f71-5232-11e1-b64b-e5cbe0b4d4f3</uuidstructure>
      <datelastmodified>Wed, 08 Feb 2012 08:54:23 GMT</datelastmodified>
      <userlastmodified>Admin</userlastmodified>
      <datecreated>Wed, 08 Feb 2012 08:54:23 GMT</datecreated>
      <usercreated>Admin</usercreated>
      <flags>0</flags>
      <properties/>
      <relations/>
      <accesscontrol>
        <accessentry>
          <uuidprincipal>ROLE.WORKPLACE_USER</uuidprincipal>
          <flags>514</flags>
          <permissionset>
            <allowed>1</allowed>
            <denied>0</denied>
          </permissionset>
        </accessentry>
      </accesscontrol>
    </file>
    <file>
      <destination>system/modules</destination>
      <type>folder</type>
      <uuidstructure>8009221d-5232-11e1-b64b-e5cbe0b4d4f3</uuidstructure>
      <datelastmodified>Wed, 08 Feb 2012 08:54:24 GMT</datelastmodified>
      <userlastmodified>Admin</userlastmodified>
      <datecreated>Wed, 08 Feb 2012 08:54:24 GMT</datecreated>
      <usercreated>Admin</usercreated>
      <flags>0</flags>
      <properties/>
      <relations/>
      <accesscontrol>
        <accessentry>
          <uuidprincipal>ROLE.WORKPLACE_USER</uuidprincipal>
          <flags>514</flags>
          <permissionset>
            <allowed>5</allowed>
            <denied>0</denied>
          </permissionset>
        </accessentry>
      </accesscontrol>
    </file>
    <file>
      <destination>system/modules/org.opencms.ade.contenteditor</destination>
      <type>folder</type>
      <uuidstructure>b7467827-53cf-11e1-af11-e5cbe0b4d4f3</uuidstructure>
      <datelastmodified>Fri, 10 Feb 2012 10:12:19 GMT</datelastmodified>
      <userlastmodified>Admin</userlastmodified>
      <datecreated>Fri, 10 Feb 2012 10:12:19 GMT</datecreated>
      <usercreated>Admin</usercreated>
      <flags>0</flags>
      <properties/>
      <relations/>
      <accesscontrol/>
    </file>
    <file>
      <source>system/modules/org.opencms.ade.contenteditor/contenteditor.jsp</source>
      <destination>system/modules/org.opencms.ade.contenteditor/contenteditor.jsp</destination>
      <type>jsp</type>
      <uuidstructure>b91dbe4b-53d1-11e1-af11-e5cbe0b4d4f3</uuidstructure>
      <uuidresource>b91dbe4c-53d1-11e1-af11-e5cbe0b4d4f3</uuidresource>
      <datelastmodified>Fri, 10 Feb 2012 10:26:41 GMT</datelastmodified>
      <userlastmodified>Admin</userlastmodified>
      <datecreated>Fri, 10 Feb 2012 10:26:41 GMT</datecreated>
      <usercreated>Admin</usercreated>
      <flags>0</flags>
      <properties>
        <property type="shared">
          <name>export</name>
          <value><![CDATA[false]]></value>
        </property>
      </properties>
      <relations/>
      <accesscontrol/>
    </file>
    <file>
      <destination>system/modules/org.opencms.ade.contenteditor/resources</destination>
      <type>folder</type>
      <uuidstructure>ce6d97e9-53cf-11e1-af11-e5cbe0b4d4f3</uuidstructure>
      <datelastmodified>Fri, 10 Feb 2012 10:12:58 GMT</datelastmodified>
      <userlastmodified>Admin</userlastmodified>
      <datecreated>Fri, 10 Feb 2012 10:12:58 GMT</datecreated>
      <usercreated>Admin</usercreated>
      <flags>0</flags>
      <properties/>
      <relations/>
      <accesscontrol/>
    </file>
    <file>
      <source>system/modules/org.opencms.ade.contenteditor/resources/org.opencms.ade.contenteditor.scripts.js</source>
      <destination>system/modules/org.opencms.ade.contenteditor/resources/org.opencms.ade.contenteditor.scripts.js</destination>
      <type>plain</type>
      <uuidstructure>4b7782dd-f057-11e1-b5f5-15b3be0b5948</uuidstructure>
      <uuidresource>4b7782de-f057-11e1-b5f5-15b3be0b5948</uuidresource>
      <datelastmodified>Mon, 27 Aug 2012 14:55:51 GMT</datelastmodified>
      <userlastmodified>Admin</userlastmodified>
      <datecreated>Mon, 27 Aug 2012 14:55:51 GMT</datecreated>
      <usercreated>Admin</usercreated>
      <flags>0</flags>
      <properties>
        <property>
          <name>Title</name>
          <value><![CDATA[org.opencms.ade.contenteditor.scripts]]></value>
        </property>
      </properties>
      <relations/>
      <accesscontrol/>
    </file>
    <file>
      <destination>system/modules/org.opencms.ade.contenteditor/resources/hallo</destination>
      <type>folder</type>
      <uuidstructure>c36bb571-8a09-11e1-ba9c-7f70c80a9ad8</uuidstructure>
      <datelastmodified>Thu, 19 Apr 2012 10:23:53 GMT</datelastmodified>
      <userlastmodified>Admin</userlastmodified>
      <datecreated>Thu, 19 Apr 2012 10:23:53 GMT</datecreated>
      <usercreated>Admin</usercreated>
      <flags>0</flags>
      <properties/>
      <relations/>
      <accesscontrol/>
    </file>
    <file>
      <source>system/modules/org.opencms.ade.contenteditor/resources/hallo/hallo.css</source>
      <destination>system/modules/org.opencms.ade.contenteditor/resources/hallo/hallo.css</destination>
      <type>plain</type>
      <uuidstructure>e8247f04-8a09-11e1-ba9c-7f70c80a9ad8</uuidstructure>
      <uuidresource>e8247f05-8a09-11e1-ba9c-7f70c80a9ad8</uuidresource>
      <datelastmodified>Thu, 19 Apr 2012 10:24:55 GMT</datelastmodified>
      <userlastmodified>Admin</userlastmodified>
      <datecreated>Thu, 19 Apr 2012 10:24:55 GMT</datecreated>
      <usercreated>Admin</usercreated>
      <flags>0</flags>
      <properties>
        <property>
          <name>Title</name>
          <value><![CDATA[hallo]]></value>
        </property>
      </properties>
      <relations/>
      <accesscontrol/>
    </file>
    <file>
      <destination>system/modules/org.opencms.ade.contenteditor/resources/hallo/fontawesome</destination>
      <type>folder</type>
      <uuidstructure>3018c0fb-8a0a-11e1-ba9c-7f70c80a9ad8</uuidstructure>
      <datelastmodified>Thu, 19 Apr 2012 10:26:55 GMT</datelastmodified>
      <userlastmodified>Admin</userlastmodified>
      <datecreated>Thu, 19 Apr 2012 10:26:55 GMT</datecreated>
      <usercreated>Admin</usercreated>
      <flags>0</flags>
      <properties/>
      <relations/>
      <accesscontrol/>
    </file>
    <file>
      <source>system/modules/org.opencms.ade.contenteditor/resources/hallo/fontawesome/README.md</source>
      <destination>system/modules/org.opencms.ade.contenteditor/resources/hallo/fontawesome/README.md</destination>
      <type>plain</type>
      <uuidstructure>3037bac3-8a0a-11e1-ba9c-7f70c80a9ad8</uuidstructure>
      <uuidresource>3037bac4-8a0a-11e1-ba9c-7f70c80a9ad8</uuidresource>
      <datelastmodified>Thu, 19 Apr 2012 10:26:56 GMT</datelastmodified>
      <userlastmodified>Admin</userlastmodified>
      <datecreated>Thu, 19 Apr 2012 10:26:56 GMT</datecreated>
      <usercreated>Admin</usercreated>
      <flags>0</flags>
      <properties>
        <property>
          <name>Title</name>
          <value><![CDATA[README]]></value>
        </property>
      </properties>
      <relations/>
      <accesscontrol/>
    </file>
    <file>
      <destination>system/modules/org.opencms.ade.contenteditor/resources/hallo/fontawesome/css</destination>
      <type>folder</type>
      <uuidstructure>301b0aed-8a0a-11e1-ba9c-7f70c80a9ad8</uuidstructure>
      <datelastmodified>Thu, 19 Apr 2012 10:26:55 GMT</datelastmodified>
      <userlastmodified>Admin</userlastmodified>
      <datecreated>Thu, 19 Apr 2012 10:26:55 GMT</datecreated>
      <usercreated>Admin</usercreated>
      <flags>0</flags>
      <properties/>
      <relations/>
      <accesscontrol/>
    </file>
    <file>
      <source>system/modules/org.opencms.ade.contenteditor/resources/hallo/fontawesome/css/font-awesome.css</source>
      <destination>system/modules/org.opencms.ade.contenteditor/resources/hallo/fontawesome/css/font-awesome.css</destination>
      <type>plain</type>
      <uuidstructure>301d7bef-8a0a-11e1-ba9c-7f70c80a9ad8</uuidstructure>
      <uuidresource>301d7bf0-8a0a-11e1-ba9c-7f70c80a9ad8</uuidresource>
      <datelastmodified>Thu, 19 Apr 2012 10:26:55 GMT</datelastmodified>
      <userlastmodified>Admin</userlastmodified>
      <datecreated>Thu, 19 Apr 2012 10:26:55 GMT</datecreated>
      <usercreated>Admin</usercreated>
      <flags>0</flags>
      <properties>
        <property>
          <name>Title</name>
          <value><![CDATA[font-awesome]]></value>
        </property>
      </properties>
      <relations/>
      <accesscontrol/>
    </file>
    <file>
      <destination>system/modules/org.opencms.ade.contenteditor/resources/hallo/fontawesome/font</destination>
      <type>folder</type>
      <uuidstructure>301fecf2-8a0a-11e1-ba9c-7f70c80a9ad8</uuidstructure>
      <datelastmodified>Thu, 19 Apr 2012 10:26:55 GMT</datelastmodified>
      <userlastmodified>Admin</userlastmodified>
      <datecreated>Thu, 19 Apr 2012 10:26:55 GMT</datecreated>
      <usercreated>Admin</usercreated>
      <flags>0</flags>
      <properties/>
      <relations/>
      <accesscontrol/>
    </file>
    <file>
      <source>system/modules/org.opencms.ade.contenteditor/resources/hallo/fontawesome/font/fontawesome-webfont.eot</source>
      <destination>system/modules/org.opencms.ade.contenteditor/resources/hallo/fontawesome/font/fontawesome-webfont.eot</destination>
      <type>plain</type>
      <uuidstructure>302236e4-8a0a-11e1-ba9c-7f70c80a9ad8</uuidstructure>
      <uuidresource>302236e5-8a0a-11e1-ba9c-7f70c80a9ad8</uuidresource>
      <datelastmodified>Thu, 19 Apr 2012 10:26:55 GMT</datelastmodified>
      <userlastmodified>Admin</userlastmodified>
      <datecreated>Thu, 19 Apr 2012 10:26:55 GMT</datecreated>
      <usercreated>Admin</usercreated>
      <flags>0</flags>
      <properties>
        <property>
          <name>Title</name>
          <value><![CDATA[fontawesome-webfont]]></value>
        </property>
      </properties>
      <relations/>
      <accesscontrol/>
    </file>
    <file>
      <source>system/modules/org.opencms.ade.contenteditor/resources/hallo/fontawesome/font/fontawesome-webfont.svg</source>
      <destination>system/modules/org.opencms.ade.contenteditor/resources/hallo/fontawesome/font/fontawesome-webfont.svg</destination>
      <type>plain</type>
      <uuidstructure>3026f1d7-8a0a-11e1-ba9c-7f70c80a9ad8</uuidstructure>
      <uuidresource>3026f1d8-8a0a-11e1-ba9c-7f70c80a9ad8</uuidresource>
      <datelastmodified>Thu, 19 Apr 2012 10:26:55 GMT</datelastmodified>
      <userlastmodified>Admin</userlastmodified>
      <datecreated>Thu, 19 Apr 2012 10:26:55 GMT</datecreated>
      <usercreated>Admin</usercreated>
      <flags>0</flags>
      <properties>
        <property>
          <name>Title</name>
          <value><![CDATA[fontawesome-webfont]]></value>
        </property>
      </properties>
      <relations/>
      <accesscontrol/>
    </file>
    <file>
      <source>system/modules/org.opencms.ade.contenteditor/resources/hallo/fontawesome/font/fontawesome-webfont.svgz</source>
      <destination>system/modules/org.opencms.ade.contenteditor/resources/hallo/fontawesome/font/fontawesome-webfont.svgz</destination>
      <type>plain</type>
      <uuidstructure>302bd3da-8a0a-11e1-ba9c-7f70c80a9ad8</uuidstructure>
      <uuidresource>302bd3db-8a0a-11e1-ba9c-7f70c80a9ad8</uuidresource>
      <datelastmodified>Thu, 19 Apr 2012 10:26:56 GMT</datelastmodified>
      <userlastmodified>Admin</userlastmodified>
      <datecreated>Thu, 19 Apr 2012 10:26:56 GMT</datecreated>
      <usercreated>Admin</usercreated>
      <flags>0</flags>
      <properties>
        <property>
          <name>Title</name>
          <value><![CDATA[fontawesome-webfont]]></value>
        </property>
      </properties>
      <relations/>
      <accesscontrol/>
    </file>
    <file>
      <source>system/modules/org.opencms.ade.contenteditor/resources/hallo/fontawesome/font/fontawesome-webfont.ttf</source>
      <destination>system/modules/org.opencms.ade.contenteditor/resources/hallo/fontawesome/font/fontawesome-webfont.ttf</destination>
      <type>plain</type>
      <uuidstructure>30308ecd-8a0a-11e1-ba9c-7f70c80a9ad8</uuidstructure>
      <uuidresource>30308ece-8a0a-11e1-ba9c-7f70c80a9ad8</uuidresource>
      <datelastmodified>Thu, 19 Apr 2012 10:26:56 GMT</datelastmodified>
      <userlastmodified>Admin</userlastmodified>
      <datecreated>Thu, 19 Apr 2012 10:26:56 GMT</datecreated>
      <usercreated>Admin</usercreated>
      <flags>0</flags>
      <properties>
        <property>
          <name>Title</name>
          <value><![CDATA[fontawesome-webfont]]></value>
        </property>
      </properties>
      <relations/>
      <accesscontrol/>
    </file>
    <file>
      <source>system/modules/org.opencms.ade.contenteditor/resources/hallo/fontawesome/font/fontawesome-webfont.woff</source>
      <destination>system/modules/org.opencms.ade.contenteditor/resources/hallo/fontawesome/font/fontawesome-webfont.woff</destination>
      <type>plain</type>
      <uuidstructure>3032ffd0-8a0a-11e1-ba9c-7f70c80a9ad8</uuidstructure>
      <uuidresource>3032ffd1-8a0a-11e1-ba9c-7f70c80a9ad8</uuidresource>
      <datelastmodified>Thu, 19 Apr 2012 10:26:56 GMT</datelastmodified>
      <userlastmodified>Admin</userlastmodified>
      <datecreated>Thu, 19 Apr 2012 10:26:56 GMT</datecreated>
      <usercreated>Admin</usercreated>
      <flags>0</flags>
      <properties>
        <property>
          <name>Title</name>
          <value><![CDATA[fontawesome-webfont]]></value>
        </property>
      </properties>
      <relations/>
      <accesscontrol/>
    </file>
    <file>
      <destination>system/modules/org.opencms.ade.contenteditor/resources/hallo/images</destination>
      <type>folder</type>
      <uuidstructure>303a04b6-8a0a-11e1-ba9c-7f70c80a9ad8</uuidstructure>
      <datelastmodified>Thu, 19 Apr 2012 10:26:56 GMT</datelastmodified>
      <userlastmodified>Admin</userlastmodified>
      <datecreated>Thu, 19 Apr 2012 10:26:56 GMT</datecreated>
      <usercreated>Admin</usercreated>
      <flags>0</flags>
      <properties/>
      <relations/>
      <accesscontrol/>
    </file>
    <file>
      <source>system/modules/org.opencms.ade.contenteditor/resources/hallo/images/arrow.png</source>
      <destination>system/modules/org.opencms.ade.contenteditor/resources/hallo/images/arrow.png</destination>
      <type>image</type>
      <uuidstructure>303ee6b8-8a0a-11e1-ba9c-7f70c80a9ad8</uuidstructure>
      <uuidresource>303ee6b9-8a0a-11e1-ba9c-7f70c80a9ad8</uuidresource>
      <datelastmodified>Thu, 19 Apr 2012 10:26:56 GMT</datelastmodified>
      <userlastmodified>Admin</userlastmodified>
      <datecreated>Thu, 19 Apr 2012 10:26:56 GMT</datecreated>
      <usercreated>Admin</usercreated>
      <flags>0</flags>
      <properties>
        <property>
          <name>Title</name>
          <value><![CDATA[arrow]]></value>
        </property>
        <property type="shared">
          <name>image.size</name>
          <value><![CDATA[w:18,h:8]]></value>
        </property>
      </properties>
      <relations/>
      <accesscontrol/>
    </file>
    <file>
      <source>system/modules/org.opencms.ade.contenteditor/resources/hallo/images/divider.png</source>
      <destination>system/modules/org.opencms.ade.contenteditor/resources/hallo/images/divider.png</destination>
      <type>image</type>
      <uuidstructure>304130ac-8a0a-11e1-ba9c-7f70c80a9ad8</uuidstructure>
      <uuidresource>304130ad-8a0a-11e1-ba9c-7f70c80a9ad8</uuidresource>
      <datelastmodified>Thu, 19 Apr 2012 10:26:56 GMT</datelastmodified>
      <userlastmodified>Admin</userlastmodified>
      <datecreated>Thu, 19 Apr 2012 10:26:56 GMT</datecreated>
      <usercreated>Admin</usercreated>
      <flags>0</flags>
      <properties>
        <property>
          <name>Title</name>
          <value><![CDATA[divider]]></value>
        </property>
        <property type="shared">
          <name>image.size</name>
          <value><![CDATA[w:2,h:26]]></value>
        </property>
      </properties>
      <relations/>
      <accesscontrol/>
    </file>
    <file>
      <source>system/modules/org.opencms.ade.contenteditor/resources/hallo/images/drop_left.png</source>
      <destination>system/modules/org.opencms.ade.contenteditor/resources/hallo/images/drop_left.png</destination>
      <type>image</type>
      <uuidstructure>304611b0-8a0a-11e1-ba9c-7f70c80a9ad8</uuidstructure>
      <uuidresource>304611b1-8a0a-11e1-ba9c-7f70c80a9ad8</uuidresource>
      <datelastmodified>Thu, 19 Apr 2012 10:26:56 GMT</datelastmodified>
      <userlastmodified>Admin</userlastmodified>
      <datecreated>Thu, 19 Apr 2012 10:26:56 GMT</datecreated>
      <usercreated>Admin</usercreated>
      <flags>0</flags>
      <properties>
        <property>
          <name>Title</name>
          <value><![CDATA[drop_left]]></value>
        </property>
        <property type="shared">
          <name>image.size</name>
          <value><![CDATA[w:51,h:95]]></value>
        </property>
      </properties>
      <relations/>
      <accesscontrol/>
    </file>
    <file>
      <source>system/modules/org.opencms.ade.contenteditor/resources/hallo/images/pager_arrows.png</source>
      <destination>system/modules/org.opencms.ade.contenteditor/resources/hallo/images/pager_arrows.png</destination>
      <type>image</type>
      <uuidstructure>304acca4-8a0a-11e1-ba9c-7f70c80a9ad8</uuidstructure>
      <uuidresource>304acca5-8a0a-11e1-ba9c-7f70c80a9ad8</uuidresource>
      <datelastmodified>Thu, 19 Apr 2012 10:26:56 GMT</datelastmodified>
      <userlastmodified>Admin</userlastmodified>
      <datecreated>Thu, 19 Apr 2012 10:26:56 GMT</datecreated>
      <usercreated>Admin</usercreated>
      <flags>0</flags>
      <properties>
        <property>
          <name>Title</name>
          <value><![CDATA[pager_arrows]]></value>
        </property>
        <property type="shared">
          <name>image.size</name>
          <value><![CDATA[w:37,h:45]]></value>
        </property>
      </properties>
      <relations/>
      <accesscontrol/>
    </file>
    <file>
      <source>system/modules/org.opencms.ade.contenteditor/resources/hallo/images/tabicon_search.png</source>
      <destination>system/modules/org.opencms.ade.contenteditor/resources/hallo/images/tabicon_search.png</destination>
      <type>image</type>
      <uuidstructure>304f8798-8a0a-11e1-ba9c-7f70c80a9ad8</uuidstructure>
      <uuidresource>304f8799-8a0a-11e1-ba9c-7f70c80a9ad8</uuidresource>
      <datelastmodified>Thu, 19 Apr 2012 10:26:56 GMT</datelastmodified>
      <userlastmodified>Admin</userlastmodified>
      <datecreated>Thu, 19 Apr 2012 10:26:56 GMT</datecreated>
      <usercreated>Admin</usercreated>
      <flags>0</flags>
      <properties>
        <property>
          <name>Title</name>
          <value><![CDATA[tabicon_search]]></value>
        </property>
        <property type="shared">
          <name>image.size</name>
          <value><![CDATA[w:16,h:16]]></value>
        </property>
      </properties>
      <relations/>
      <accesscontrol/>
    </file>
    <file>
      <source>system/modules/org.opencms.ade.contenteditor/resources/hallo/images/tabicon_suggestions.png</source>
      <destination>system/modules/org.opencms.ade.contenteditor/resources/hallo/images/tabicon_suggestions.png</destination>
      <type>image</type>
      <uuidstructure>3054428c-8a0a-11e1-ba9c-7f70c80a9ad8</uuidstructure>
      <uuidresource>3054428d-8a0a-11e1-ba9c-7f70c80a9ad8</uuidresource>
      <datelastmodified>Thu, 19 Apr 2012 10:26:56 GMT</datelastmodified>
      <userlastmodified>Admin</userlastmodified>
      <datecreated>Thu, 19 Apr 2012 10:26:56 GMT</datecreated>
      <usercreated>Admin</usercreated>
      <flags>0</flags>
      <properties>
        <property>
          <name>Title</name>
          <value><![CDATA[tabicon_suggestions]]></value>
        </property>
        <property type="shared">
          <name>image.size</name>
          <value><![CDATA[w:16,h:16]]></value>
        </property>
      </properties>
      <relations/>
      <accesscontrol/>
    </file>
    <file>
      <source>system/modules/org.opencms.ade.contenteditor/resources/hallo/images/tabicon_upload.png</source>
      <destination>system/modules/org.opencms.ade.contenteditor/resources/hallo/images/tabicon_upload.png</destination>
      <type>image</type>
      <uuidstructure>30592490-8a0a-11e1-ba9c-7f70c80a9ad8</uuidstructure>
      <uuidresource>30592491-8a0a-11e1-ba9c-7f70c80a9ad8</uuidresource>
      <datelastmodified>Thu, 19 Apr 2012 10:26:56 GMT</datelastmodified>
      <userlastmodified>Admin</userlastmodified>
      <datecreated>Thu, 19 Apr 2012 10:26:56 GMT</datecreated>
      <usercreated>Admin</usercreated>
      <flags>0</flags>
      <properties>
        <property>
          <name>Title</name>
          <value><![CDATA[tabicon_upload]]></value>
        </property>
        <property type="shared">
          <name>image.size</name>
          <value><![CDATA[w:16,h:16]]></value>
        </property>
      </properties>
      <relations/>
      <accesscontrol/>
    </file>
    <file>
      <source>system/modules/org.opencms.ade.contenteditor/resources/hallo/images/trash.png</source>
      <destination>system/modules/org.opencms.ade.contenteditor/resources/hallo/images/trash.png</destination>
      <type>image</type>
      <uuidstructure>305b6e84-8a0a-11e1-ba9c-7f70c80a9ad8</uuidstructure>
      <uuidresource>305b6e85-8a0a-11e1-ba9c-7f70c80a9ad8</uuidresource>
      <datelastmodified>Thu, 19 Apr 2012 10:26:56 GMT</datelastmodified>
      <userlastmodified>Admin</userlastmodified>
      <datecreated>Thu, 19 Apr 2012 10:26:56 GMT</datecreated>
      <usercreated>Admin</usercreated>
      <flags>0</flags>
      <properties>
        <property>
          <name>Title</name>
          <value><![CDATA[trash]]></value>
        </property>
        <property type="shared">
          <name>image.size</name>
          <value><![CDATA[w:25,h:25]]></value>
        </property>
      </properties>
      <relations/>
      <accesscontrol/>
    </file>
    <file>
      <destination>system/modules/org.opencms.ade.contenteditor/resources/jquery-ui-theme</destination>
      <type>folder</type>
      <uuidstructure>741c0590-f057-11e1-b5f5-15b3be0b5948</uuidstructure>
      <datelastmodified>Mon, 27 Aug 2012 14:56:59 GMT</datelastmodified>
      <userlastmodified>Admin</userlastmodified>
      <datecreated>Mon, 27 Aug 2012 14:56:59 GMT</datecreated>
      <usercreated>Admin</usercreated>
      <flags>0</flags>
      <properties/>
      <relations/>
      <accesscontrol/>
    </file>
    <file>
      <source>system/modules/org.opencms.ade.contenteditor/resources/jquery-ui-theme/jquery-ui-1.8.23.custom.css</source>
      <destination>system/modules/org.opencms.ade.contenteditor/resources/jquery-ui-theme/jquery-ui-1.8.23.custom.css</destination>
      <type>plain</type>
      <uuidstructure>7f59ad43-f057-11e1-b5f5-15b3be0b5948</uuidstructure>
      <uuidresource>7f59ad44-f057-11e1-b5f5-15b3be0b5948</uuidresource>
      <datelastmodified>Wed, 05 Sep 2012 14:15:38 GMT</datelastmodified>
      <userlastmodified>Admin</userlastmodified>
      <datecreated>Mon, 27 Aug 2012 14:57:18 GMT</datecreated>
      <usercreated>Admin</usercreated>
      <flags>0</flags>
      <properties>
        <property>
          <name>Title</name>
          <value><![CDATA[jquery-ui-1.8.23.custom]]></value>
        </property>
      </properties>
      <relations/>
      <accesscontrol/>
    </file>
    <file>
      <destination>system/modules/org.opencms.ade.contenteditor/resources/jquery-ui-theme/images</destination>
      <type>folder</type>
      <uuidstructure>8c20db26-f057-11e1-b5f5-15b3be0b5948</uuidstructure>
      <datelastmodified>Mon, 27 Aug 2012 14:57:40 GMT</datelastmodified>
      <userlastmodified>Admin</userlastmodified>
      <datecreated>Mon, 27 Aug 2012 14:57:40 GMT</datecreated>
      <usercreated>Admin</usercreated>
      <flags>0</flags>
      <properties/>
      <relations/>
      <accesscontrol/>
    </file>
    <file>
      <source>system/modules/org.opencms.ade.contenteditor/resources/jquery-ui-theme/images/ui-bg_flat_0_aaaaaa_40x100.png</source>
      <destination>system/modules/org.opencms.ade.contenteditor/resources/jquery-ui-theme/images/ui-bg_flat_0_aaaaaa_40x100.png</destination>
      <type>image</type>
      <uuidstructure>089f8e35-f764-11e1-895e-9d0ade2146a3</uuidstructure>
      <uuidresource>089f8e36-f764-11e1-895e-9d0ade2146a3</uuidresource>
      <datelastmodified>Wed, 05 Sep 2012 14:15:09 GMT</datelastmodified>
      <userlastmodified>Admin</userlastmodified>
      <datecreated>Wed, 05 Sep 2012 14:14:41 GMT</datecreated>
      <usercreated>Admin</usercreated>
      <flags>0</flags>
      <properties>
        <property>
          <name>Title</name>
          <value><![CDATA[ui-bg_flat_0_aaaaaa_40x100]]></value>
        </property>
        <property type="shared">
          <name>image.size</name>
          <value><![CDATA[w:40,h:100]]></value>
        </property>
      </properties>
      <relations/>
      <accesscontrol/>
    </file>
    <file>
      <source>system/modules/org.opencms.ade.contenteditor/resources/jquery-ui-theme/images/ui-bg_flat_75_ffffff_40x100.png</source>
      <destination>system/modules/org.opencms.ade.contenteditor/resources/jquery-ui-theme/images/ui-bg_flat_75_ffffff_40x100.png</destination>
      <type>image</type>
      <uuidstructure>08a44929-f764-11e1-895e-9d0ade2146a3</uuidstructure>
      <uuidresource>08a4492a-f764-11e1-895e-9d0ade2146a3</uuidresource>
      <datelastmodified>Wed, 05 Sep 2012 14:15:09 GMT</datelastmodified>
      <userlastmodified>Admin</userlastmodified>
      <datecreated>Wed, 05 Sep 2012 14:14:41 GMT</datecreated>
      <usercreated>Admin</usercreated>
      <flags>0</flags>
      <properties>
        <property>
          <name>Title</name>
          <value><![CDATA[ui-bg_flat_75_ffffff_40x100]]></value>
        </property>
        <property type="shared">
          <name>image.size</name>
          <value><![CDATA[w:40,h:100]]></value>
        </property>
      </properties>
      <relations/>
      <accesscontrol/>
    </file>
    <file>
      <source>system/modules/org.opencms.ade.contenteditor/resources/jquery-ui-theme/images/stateBackground.png</source>
      <destination>system/modules/org.opencms.ade.contenteditor/resources/jquery-ui-theme/images/stateBackground.png</destination>
      <type>image</type>
      <uuidstructure>08a9041d-f764-11e1-895e-9d0ade2146a3</uuidstructure>
      <uuidresource>08a9041e-f764-11e1-895e-9d0ade2146a3</uuidresource>
      <datelastmodified>Wed, 05 Sep 2012 14:15:09 GMT</datelastmodified>
      <userlastmodified>Admin</userlastmodified>
      <datecreated>Wed, 05 Sep 2012 14:14:41 GMT</datecreated>
      <usercreated>Admin</usercreated>
      <flags>0</flags>
      <properties>
        <property>
          <name>Title</name>
          <value><![CDATA[stateBackground]]></value>
        </property>
        <property type="shared">
          <name>image.size</name>
          <value><![CDATA[w:1,h:400]]></value>
        </property>
      </properties>
      <relations/>
      <accesscontrol/>
    </file>
    <file>
      <source>system/modules/org.opencms.ade.contenteditor/resources/jquery-ui-theme/images/ui-bg_glass_55_fbf9ee_1x400.png</source>
      <destination>system/modules/org.opencms.ade.contenteditor/resources/jquery-ui-theme/images/ui-bg_glass_55_fbf9ee_1x400.png</destination>
      <type>image</type>
      <uuidstructure>08ade621-f764-11e1-895e-9d0ade2146a3</uuidstructure>
      <uuidresource>08ade622-f764-11e1-895e-9d0ade2146a3</uuidresource>
      <datelastmodified>Wed, 05 Sep 2012 14:15:09 GMT</datelastmodified>
      <userlastmodified>Admin</userlastmodified>
      <datecreated>Wed, 05 Sep 2012 14:14:41 GMT</datecreated>
      <usercreated>Admin</usercreated>
      <flags>0</flags>
      <properties>
        <property>
          <name>Title</name>
          <value><![CDATA[ui-bg_glass_55_fbf9ee_1x400]]></value>
        </property>
        <property type="shared">
          <name>image.size</name>
          <value><![CDATA[w:1,h:400]]></value>
        </property>
      </properties>
      <relations/>
      <accesscontrol/>
    </file>
    <file>
      <source>system/modules/org.opencms.ade.contenteditor/resources/jquery-ui-theme/images/ui-bg_glass_95_fef1ec_1x400.png</source>
      <destination>system/modules/org.opencms.ade.contenteditor/resources/jquery-ui-theme/images/ui-bg_glass_95_fef1ec_1x400.png</destination>
      <type>image</type>
      <uuidstructure>1986cbc7-f764-11e1-895e-9d0ade2146a3</uuidstructure>
      <uuidresource>1986cbc8-f764-11e1-895e-9d0ade2146a3</uuidresource>
      <datelastmodified>Wed, 05 Sep 2012 14:15:09 GMT</datelastmodified>
      <userlastmodified>Admin</userlastmodified>
      <datecreated>Wed, 05 Sep 2012 14:15:09 GMT</datecreated>
      <usercreated>Admin</usercreated>
      <flags>0</flags>
      <properties>
        <property>
          <name>Title</name>
          <value><![CDATA[ui-bg_glass_95_fef1ec_1x400]]></value>
        </property>
        <property type="shared">
          <name>image.size</name>
          <value><![CDATA[w:1,h:400]]></value>
        </property>
      </properties>
      <relations/>
      <accesscontrol/>
    </file>
    <file>
      <source>system/modules/org.opencms.ade.contenteditor/resources/jquery-ui-theme/images/softBackground.png</source>
      <destination>system/modules/org.opencms.ade.contenteditor/resources/jquery-ui-theme/images/softBackground.png</destination>
      <type>image</type>
      <uuidstructure>19893ccb-f764-11e1-895e-9d0ade2146a3</uuidstructure>
      <uuidresource>19893ccc-f764-11e1-895e-9d0ade2146a3</uuidresource>
      <datelastmodified>Wed, 05 Sep 2012 14:15:09 GMT</datelastmodified>
      <userlastmodified>Admin</userlastmodified>
      <datecreated>Wed, 05 Sep 2012 14:15:09 GMT</datecreated>
      <usercreated>Admin</usercreated>
      <flags>0</flags>
      <properties>
        <property>
          <name>Title</name>
          <value><![CDATA[softBackground]]></value>
        </property>
        <property type="shared">
          <name>image.size</name>
          <value><![CDATA[w:1,h:100]]></value>
        </property>
      </properties>
      <relations/>
      <accesscontrol/>
    </file>
    <file>
      <source>system/modules/org.opencms.ade.contenteditor/resources/jquery-ui-theme/images/ui-bg_highlight-soft_75_cccccc_1x100.png</source>
      <destination>system/modules/org.opencms.ade.contenteditor/resources/jquery-ui-theme/images/ui-bg_highlight-soft_75_cccccc_1x100.png</destination>
      <type>image</type>
      <uuidstructure>198df7bf-f764-11e1-895e-9d0ade2146a3</uuidstructure>
      <uuidresource>198df7c0-f764-11e1-895e-9d0ade2146a3</uuidresource>
      <datelastmodified>Wed, 05 Sep 2012 14:15:09 GMT</datelastmodified>
      <userlastmodified>Admin</userlastmodified>
      <datecreated>Wed, 05 Sep 2012 14:15:09 GMT</datecreated>
      <usercreated>Admin</usercreated>
      <flags>0</flags>
      <properties>
        <property>
          <name>Title</name>
          <value><![CDATA[ui-bg_highlight-soft_75_cccccc_1x100]]></value>
        </property>
        <property type="shared">
          <name>image.size</name>
          <value><![CDATA[w:1,h:100]]></value>
        </property>
      </properties>
      <relations/>
      <accesscontrol/>
    </file>
    <file>
      <source>system/modules/org.opencms.ade.contenteditor/resources/jquery-ui-theme/images/ui-icons_222222_256x240.png</source>
      <destination>system/modules/org.opencms.ade.contenteditor/resources/jquery-ui-theme/images/ui-icons_222222_256x240.png</destination>
      <type>image</type>
      <uuidstructure>1992b2b3-f764-11e1-895e-9d0ade2146a3</uuidstructure>
      <uuidresource>1992b2b4-f764-11e1-895e-9d0ade2146a3</uuidresource>
      <datelastmodified>Wed, 05 Sep 2012 14:15:09 GMT</datelastmodified>
      <userlastmodified>Admin</userlastmodified>
      <datecreated>Wed, 05 Sep 2012 14:15:09 GMT</datecreated>
      <usercreated>Admin</usercreated>
      <flags>0</flags>
      <properties>
        <property>
          <name>Title</name>
          <value><![CDATA[ui-icons_222222_256x240]]></value>
        </property>
        <property type="shared">
          <name>image.size</name>
          <value><![CDATA[w:256,h:240]]></value>
        </property>
      </properties>
      <relations/>
      <accesscontrol/>
    </file>
    <file>
      <source>system/modules/org.opencms.ade.contenteditor/resources/jquery-ui-theme/images/ui-icons_2e83ff_256x240.png</source>
      <destination>system/modules/org.opencms.ade.contenteditor/resources/jquery-ui-theme/images/ui-icons_2e83ff_256x240.png</destination>
      <type>image</type>
      <uuidstructure>199794b7-f764-11e1-895e-9d0ade2146a3</uuidstructure>
      <uuidresource>199794b8-f764-11e1-895e-9d0ade2146a3</uuidresource>
      <datelastmodified>Wed, 05 Sep 2012 14:15:09 GMT</datelastmodified>
      <userlastmodified>Admin</userlastmodified>
      <datecreated>Wed, 05 Sep 2012 14:15:09 GMT</datecreated>
      <usercreated>Admin</usercreated>
      <flags>0</flags>
      <properties>
        <property>
          <name>Title</name>
          <value><![CDATA[ui-icons_2e83ff_256x240]]></value>
        </property>
        <property type="shared">
          <name>image.size</name>
          <value><![CDATA[w:256,h:240]]></value>
        </property>
      </properties>
      <relations/>
      <accesscontrol/>
    </file>
    <file>
      <source>system/modules/org.opencms.ade.contenteditor/resources/jquery-ui-theme/images/ui-icons_454545_256x240.png</source>
      <destination>system/modules/org.opencms.ade.contenteditor/resources/jquery-ui-theme/images/ui-icons_454545_256x240.png</destination>
      <type>image</type>
      <uuidstructure>199c4fab-f764-11e1-895e-9d0ade2146a3</uuidstructure>
      <uuidresource>199c4fac-f764-11e1-895e-9d0ade2146a3</uuidresource>
      <datelastmodified>Wed, 05 Sep 2012 14:15:09 GMT</datelastmodified>
      <userlastmodified>Admin</userlastmodified>
      <datecreated>Wed, 05 Sep 2012 14:15:09 GMT</datecreated>
      <usercreated>Admin</usercreated>
      <flags>0</flags>
      <properties>
        <property>
          <name>Title</name>
          <value><![CDATA[ui-icons_454545_256x240]]></value>
        </property>
        <property type="shared">
          <name>image.size</name>
          <value><![CDATA[w:256,h:240]]></value>
        </property>
      </properties>
      <relations/>
      <accesscontrol/>
    </file>
    <file>
      <source>system/modules/org.opencms.ade.contenteditor/resources/jquery-ui-theme/images/ui-icons_cd0a0a_256x240.png</source>
      <destination>system/modules/org.opencms.ade.contenteditor/resources/jquery-ui-theme/images/ui-icons_cd0a0a_256x240.png</destination>
      <type>image</type>
      <uuidstructure>19a10a9f-f764-11e1-895e-9d0ade2146a3</uuidstructure>
      <uuidresource>19a10aa0-f764-11e1-895e-9d0ade2146a3</uuidresource>
      <datelastmodified>Wed, 05 Sep 2012 14:15:09 GMT</datelastmodified>
      <userlastmodified>Admin</userlastmodified>
      <datecreated>Wed, 05 Sep 2012 14:15:09 GMT</datecreated>
      <usercreated>Admin</usercreated>
      <flags>0</flags>
      <properties>
        <property>
          <name>Title</name>
          <value><![CDATA[ui-icons_cd0a0a_256x240]]></value>
        </property>
        <property type="shared">
          <name>image.size</name>
          <value><![CDATA[w:256,h:240]]></value>
        </property>
      </properties>
      <relations/>
      <accesscontrol/>
    </file>
    <file>
      <destination>system/modules/org.opencms.ade.contenteditor/resources/contenteditor</destination>
      <type>folder</type>
      <uuidstructure>ce2722a1-53db-11e1-af11-e5cbe0b4d4f3</uuidstructure>
      <datelastmodified>Fri, 10 Feb 2012 11:38:51 GMT</datelastmodified>
      <userlastmodified>Admin</userlastmodified>
      <datecreated>Fri, 10 Feb 2012 11:38:51 GMT</datecreated>
      <usercreated>Admin</usercreated>
      <flags>0</flags>
      <properties/>
      <relations/>
      <accesscontrol/>
    </file>
    <file>
      <source>system/modules/org.opencms.ade.contenteditor/resources/contenteditor/0326AF455425F6065C00E0361659A798.cache.png</source>
      <destination>system/modules/org.opencms.ade.contenteditor/resources/contenteditor/0326AF455425F6065C00E0361659A798.cache.png</destination>
      <type>image</type>
      <uuidstructure>516589ed-c024-11e1-8013-6bb6a915f58e</uuidstructure>
      <uuidresource>516589ee-c024-11e1-8013-6bb6a915f58e</uuidresource>
      <datelastmodified>Wed, 27 Jun 2012 06:50:01 GMT</datelastmodified>
      <userlastmodified>Admin</userlastmodified>
      <datecreated>Wed, 27 Jun 2012 06:50:01 GMT</datecreated>
      <usercreated>Admin</usercreated>
      <flags>0</flags>
      <properties/>
      <relations/>
      <accesscontrol/>
    </file>
    <file>
      <destination>system/workplace</destination>
      <type>folder</type>
      <uuidstructure>6dbd9558-8db6-11e0-972f-8f51174189b7</uuidstructure>
      <datelastmodified>Mon, 27 Mar 2006 12:00:00 GMT</datelastmodified>
      <userlastmodified>Admin</userlastmodified>
      <datecreated>Mon, 27 Jun 2005 08:00:00 GMT</datecreated>
      <usercreated>Admin</usercreated>
      <flags>0</flags>
      <properties>
        <property>
          <name>content-encoding</name>
          <value><![CDATA[UTF-8]]></value>
        </property>
        <property>
          <name>export</name>
          <value><![CDATA[false]]></value>
        </property>
        <property>
          <name>login-form</name>
          <value><![CDATA[/system/login/index.html]]></value>
        </property>
      </properties>
      <relations/>
      <accesscontrol>
        <accessentry>
          <uuidprincipal>ALL_OTHERS</uuidprincipal>
          <flags>134</flags>
          <permissionset>
            <allowed>0</allowed>
            <denied>0</denied>
          </permissionset>
        </accessentry>
        <accessentry>
          <uuidprincipal>ROLE.WORKPLACE_USER</uuidprincipal>
          <flags>518</flags>
          <permissionset>
            <allowed>5</allowed>
            <denied>0</denied>
          </permissionset>
        </accessentry>
      </accesscontrol>
    </file>
    <file>
      <destination>system/workplace/editors</destination>
      <type>folder</type>
      <uuidstructure>896ef88a-11b7-11db-91cd-fdbae480bac9</uuidstructure>
      <datelastmodified>Mon, 27 Mar 2006 12:00:00 GMT</datelastmodified>
      <userlastmodified>Admin</userlastmodified>
      <datecreated>Mon, 27 Jun 2005 08:00:00 GMT</datecreated>
      <usercreated>Admin</usercreated>
      <flags>0</flags>
      <properties>
        <property>
          <name>cache</name>
          <value><![CDATA[false]]></value>
        </property>
      </properties>
      <relations/>
      <accesscontrol/>
    </file>
    <file>
      <destination>system/workplace/editors/acacia</destination>
      <type>folder</type>
      <uuidstructure>ad2766c6-991c-11e1-a85e-d138de4a8c16</uuidstructure>
      <datelastmodified>Tue, 08 May 2012 14:47:25 GMT</datelastmodified>
      <userlastmodified>Admin</userlastmodified>
      <datecreated>Tue, 08 May 2012 14:47:04 GMT</datecreated>
      <usercreated>Admin</usercreated>
      <flags>0</flags>
      <properties>
        <property>
          <name>Title</name>
          <value><![CDATA[Acacia Editor]]></value>
        </property>
      </properties>
      <relations/>
      <accesscontrol/>
    </file>
    <file>
      <destination>system/workplace/editors/acacia/editor.jsp</destination>
      <type>jsp</type>
      <uuidstructure>caf4cbc9-991c-11e1-a85e-d138de4a8c16</uuidstructure>
      <uuidresource>b91dbe4c-53d1-11e1-af11-e5cbe0b4d4f3</uuidresource>
      <datelastmodified>Fri, 10 Feb 2012 10:26:41 GMT</datelastmodified>
      <userlastmodified>Admin</userlastmodified>
      <datecreated>Fri, 10 Feb 2012 10:26:41 GMT</datecreated>
      <usercreated>Admin</usercreated>
      <flags>0</flags>
      <properties>
        <property type="shared">
          <name>export</name>
          <value><![CDATA[false]]></value>
        </property>
      </properties>
      <relations/>
      <accesscontrol/>
    </file>
    <file>
      <source>system/workplace/editors/acacia/editor_configuration.xml</source>
      <destination>system/workplace/editors/acacia/editor_configuration.xml</destination>
      <type>plain</type>
      <uuidstructure>07ab3efc-991d-11e1-a85e-d138de4a8c16</uuidstructure>
      <uuidresource>07ab3efd-991d-11e1-a85e-d138de4a8c16</uuidresource>
      <datelastmodified>Wed, 09 May 2012 08:16:57 GMT</datelastmodified>
      <userlastmodified>Admin</userlastmodified>
      <datecreated>Tue, 08 May 2012 14:49:35 GMT</datecreated>
      <usercreated>Admin</usercreated>
      <flags>0</flags>
      <properties/>
      <relations/>
      <accesscontrol/>
    </file>
    <file>
      <source>system/modules/org.opencms.ade.contenteditor/resources/contenteditor/07B79EDA917A4EB940EFF2814B61B238.cache.png</source>
      <destination>system/modules/org.opencms.ade.contenteditor/resources/contenteditor/07B79EDA917A4EB940EFF2814B61B238.cache.png</destination>
      <type>image</type>
      <uuidstructure>b5ea0b73-99da-11e1-ad02-c5d8aa016437</uuidstructure>
      <uuidresource>b5ec7c74-99da-11e1-ad02-c5d8aa016437</uuidresource>
      <datelastmodified>Wed, 09 May 2012 13:27:23 GMT</datelastmodified>
      <userlastmodified>Admin</userlastmodified>
      <datecreated>Wed, 09 May 2012 13:27:23 GMT</datecreated>
      <usercreated>Admin</usercreated>
      <flags>0</flags>
      <properties/>
      <relations/>
      <accesscontrol/>
    </file>
    <file>
      <source>system/modules/org.opencms.ade.contenteditor/resources/contenteditor/0C2636863EBF1B7E60FACEDA96D6E448.cache.gif</source>
      <destination>system/modules/org.opencms.ade.contenteditor/resources/contenteditor/0C2636863EBF1B7E60FACEDA96D6E448.cache.gif</destination>
      <type>image</type>
      <uuidstructure>b5f3a867-99da-11e1-ad02-c5d8aa016437</uuidstructure>
      <uuidresource>b5f3a868-99da-11e1-ad02-c5d8aa016437</uuidresource>
      <datelastmodified>Wed, 09 May 2012 13:27:23 GMT</datelastmodified>
      <userlastmodified>Admin</userlastmodified>
      <datecreated>Wed, 09 May 2012 13:27:23 GMT</datecreated>
      <usercreated>Admin</usercreated>
      <flags>0</flags>
      <properties/>
      <relations/>
      <accesscontrol/>
    </file>
    <file>
      <source>system/modules/org.opencms.ade.contenteditor/resources/contenteditor/0F89659FF3F324AE4116F700257E32BD.cache.gif</source>
      <destination>system/modules/org.opencms.ade.contenteditor/resources/contenteditor/0F89659FF3F324AE4116F700257E32BD.cache.gif</destination>
      <type>image</type>
      <uuidstructure>516a44df-c024-11e1-8013-6bb6a915f58e</uuidstructure>
      <uuidresource>516a44e0-c024-11e1-8013-6bb6a915f58e</uuidresource>
      <datelastmodified>Wed, 27 Jun 2012 06:50:01 GMT</datelastmodified>
      <userlastmodified>Admin</userlastmodified>
      <datecreated>Wed, 27 Jun 2012 06:50:01 GMT</datecreated>
      <usercreated>Admin</usercreated>
      <flags>0</flags>
      <properties/>
      <relations/>
      <accesscontrol/>
    </file>
    <file>
      <source>system/modules/org.opencms.ade.contenteditor/resources/contenteditor/124DCEE507CAB7576C003C7BAF0D9924.cache.png</source>
      <destination>system/modules/org.opencms.ade.contenteditor/resources/contenteditor/124DCEE507CAB7576C003C7BAF0D9924.cache.png</destination>
      <type>image</type>
      <uuidstructure>b5f86359-99da-11e1-ad02-c5d8aa016437</uuidstructure>
      <uuidresource>b5f8635a-99da-11e1-ad02-c5d8aa016437</uuidresource>
      <datelastmodified>Wed, 09 May 2012 13:27:23 GMT</datelastmodified>
      <userlastmodified>Admin</userlastmodified>
      <datecreated>Wed, 09 May 2012 13:27:23 GMT</datecreated>
      <usercreated>Admin</usercreated>
      <flags>0</flags>
      <properties/>
      <relations/>
      <accesscontrol/>
    </file>
    <file>
      <source>system/modules/org.opencms.ade.contenteditor/resources/contenteditor/130216F44FAF2CA3A53FBD439D3CA97A.cache.png</source>
      <destination>system/modules/org.opencms.ade.contenteditor/resources/contenteditor/130216F44FAF2CA3A53FBD439D3CA97A.cache.png</destination>
      <type>image</type>
      <uuidstructure>b5fad45b-99da-11e1-ad02-c5d8aa016437</uuidstructure>
      <uuidresource>b5fad45c-99da-11e1-ad02-c5d8aa016437</uuidresource>
      <datelastmodified>Wed, 09 May 2012 13:27:23 GMT</datelastmodified>
      <userlastmodified>Admin</userlastmodified>
      <datecreated>Wed, 09 May 2012 13:27:23 GMT</datecreated>
      <usercreated>Admin</usercreated>
      <flags>0</flags>
      <properties/>
      <relations/>
      <accesscontrol/>
    </file>
    <file>
      <source>system/modules/org.opencms.ade.contenteditor/resources/contenteditor/13D2931874E71D07F248A0CDF051CC85.cache.png</source>
      <destination>system/modules/org.opencms.ade.contenteditor/resources/contenteditor/13D2931874E71D07F248A0CDF051CC85.cache.png</destination>
      <type>image</type>
      <uuidstructure>516effd1-c024-11e1-8013-6bb6a915f58e</uuidstructure>
      <uuidresource>516effd2-c024-11e1-8013-6bb6a915f58e</uuidresource>
      <datelastmodified>Wed, 27 Jun 2012 06:50:01 GMT</datelastmodified>
      <userlastmodified>Admin</userlastmodified>
      <datecreated>Wed, 27 Jun 2012 06:50:01 GMT</datecreated>
      <usercreated>Admin</usercreated>
      <flags>0</flags>
      <properties/>
      <relations/>
      <accesscontrol/>
    </file>
    <file>
      <source>system/modules/org.opencms.ade.contenteditor/resources/contenteditor/157263C9722C7F5A5AD963F6B5594F87.cache.png</source>
      <destination>system/modules/org.opencms.ade.contenteditor/resources/contenteditor/157263C9722C7F5A5AD963F6B5594F87.cache.png</destination>
      <type>image</type>
      <uuidstructure>b5ff8f4d-99da-11e1-ad02-c5d8aa016437</uuidstructure>
      <uuidresource>b5ff8f4e-99da-11e1-ad02-c5d8aa016437</uuidresource>
      <datelastmodified>Wed, 09 May 2012 13:27:23 GMT</datelastmodified>
      <userlastmodified>Admin</userlastmodified>
      <datecreated>Wed, 09 May 2012 13:27:23 GMT</datecreated>
      <usercreated>Admin</usercreated>
      <flags>0</flags>
      <properties/>
      <relations/>
      <accesscontrol/>
    </file>
    <file>
      <source>system/modules/org.opencms.ade.contenteditor/resources/contenteditor/1BA570A78005D17EB033A5D959952436.cache.gif</source>
      <destination>system/modules/org.opencms.ade.contenteditor/resources/contenteditor/1BA570A78005D17EB033A5D959952436.cache.gif</destination>
      <type>image</type>
      <uuidstructure>b601d93f-99da-11e1-ad02-c5d8aa016437</uuidstructure>
      <uuidresource>b601d940-99da-11e1-ad02-c5d8aa016437</uuidresource>
      <datelastmodified>Wed, 09 May 2012 13:27:23 GMT</datelastmodified>
      <userlastmodified>Admin</userlastmodified>
      <datecreated>Wed, 09 May 2012 13:27:23 GMT</datecreated>
      <usercreated>Admin</usercreated>
      <flags>0</flags>
      <properties/>
      <relations/>
      <accesscontrol/>
    </file>
    <file>
      <source>system/modules/org.opencms.ade.contenteditor/resources/contenteditor/1D0A264C2E6019D983DD72D1EE01457E.cache.png</source>
      <destination>system/modules/org.opencms.ade.contenteditor/resources/contenteditor/1D0A264C2E6019D983DD72D1EE01457E.cache.png</destination>
      <type>image</type>
      <uuidstructure>b6090431-99da-11e1-ad02-c5d8aa016437</uuidstructure>
      <uuidresource>b6090432-99da-11e1-ad02-c5d8aa016437</uuidresource>
      <datelastmodified>Wed, 09 May 2012 13:27:23 GMT</datelastmodified>
      <userlastmodified>Admin</userlastmodified>
      <datecreated>Wed, 09 May 2012 13:27:23 GMT</datecreated>
      <usercreated>Admin</usercreated>
      <flags>0</flags>
      <properties/>
      <relations/>
      <accesscontrol/>
    </file>
    <file>
      <source>system/modules/org.opencms.ade.contenteditor/resources/contenteditor/21998B27314C5C5FC843A89E07E05FCF.cache.png</source>
      <destination>system/modules/org.opencms.ade.contenteditor/resources/contenteditor/21998B27314C5C5FC843A89E07E05FCF.cache.png</destination>
      <type>image</type>
      <uuidstructure>b612a127-99da-11e1-ad02-c5d8aa016437</uuidstructure>
      <uuidresource>b612a128-99da-11e1-ad02-c5d8aa016437</uuidresource>
      <datelastmodified>Wed, 09 May 2012 13:27:23 GMT</datelastmodified>
      <userlastmodified>Admin</userlastmodified>
      <datecreated>Wed, 09 May 2012 13:27:23 GMT</datecreated>
      <usercreated>Admin</usercreated>
      <flags>0</flags>
      <properties/>
      <relations/>
      <accesscontrol/>
    </file>
    <file>
      <source>system/modules/org.opencms.ade.contenteditor/resources/contenteditor/223E04DC70F69BC559571D1C0E0667E5.cache.png</source>
      <destination>system/modules/org.opencms.ade.contenteditor/resources/contenteditor/223E04DC70F69BC559571D1C0E0667E5.cache.png</destination>
      <type>image</type>
      <uuidstructure>5173e1d3-c024-11e1-8013-6bb6a915f58e</uuidstructure>
      <uuidresource>5173e1d4-c024-11e1-8013-6bb6a915f58e</uuidresource>
      <datelastmodified>Wed, 27 Jun 2012 06:50:01 GMT</datelastmodified>
      <userlastmodified>Admin</userlastmodified>
      <datecreated>Wed, 27 Jun 2012 06:50:01 GMT</datecreated>
      <usercreated>Admin</usercreated>
      <flags>0</flags>
      <properties/>
      <relations/>
      <accesscontrol/>
    </file>
    <file>
      <source>system/modules/org.opencms.ade.contenteditor/resources/contenteditor/2504A645642997C1DF7023CD97BFE880.cache.gif</source>
      <destination>system/modules/org.opencms.ade.contenteditor/resources/contenteditor/2504A645642997C1DF7023CD97BFE880.cache.gif</destination>
      <type>image</type>
      <uuidstructure>b614eb19-99da-11e1-ad02-c5d8aa016437</uuidstructure>
      <uuidresource>b6175c1a-99da-11e1-ad02-c5d8aa016437</uuidresource>
      <datelastmodified>Wed, 09 May 2012 13:27:23 GMT</datelastmodified>
      <userlastmodified>Admin</userlastmodified>
      <datecreated>Wed, 09 May 2012 13:27:23 GMT</datecreated>
      <usercreated>Admin</usercreated>
      <flags>0</flags>
      <properties/>
      <relations/>
      <accesscontrol/>
    </file>
    <file>
      <source>system/modules/org.opencms.ade.contenteditor/resources/contenteditor/28876666747FD7CF017B39F122F45BFC.cache.png</source>
      <destination>system/modules/org.opencms.ade.contenteditor/resources/contenteditor/28876666747FD7CF017B39F122F45BFC.cache.png</destination>
      <type>image</type>
      <uuidstructure>b61e880d-99da-11e1-ad02-c5d8aa016437</uuidstructure>
      <uuidresource>b61e880e-99da-11e1-ad02-c5d8aa016437</uuidresource>
      <datelastmodified>Wed, 09 May 2012 13:27:23 GMT</datelastmodified>
      <userlastmodified>Admin</userlastmodified>
      <datecreated>Wed, 09 May 2012 13:27:23 GMT</datecreated>
      <usercreated>Admin</usercreated>
      <flags>0</flags>
      <properties/>
      <relations/>
      <accesscontrol/>
    </file>
    <file>
      <source>system/modules/org.opencms.ade.contenteditor/resources/contenteditor/28900C5A986D9BEE9FC75B51403369F9.cache.png</source>
      <destination>system/modules/org.opencms.ade.contenteditor/resources/contenteditor/28900C5A986D9BEE9FC75B51403369F9.cache.png</destination>
      <type>image</type>
      <uuidstructure>b620f90f-99da-11e1-ad02-c5d8aa016437</uuidstructure>
      <uuidresource>b620f910-99da-11e1-ad02-c5d8aa016437</uuidresource>
      <datelastmodified>Wed, 09 May 2012 13:27:23 GMT</datelastmodified>
      <userlastmodified>Admin</userlastmodified>
      <datecreated>Wed, 09 May 2012 13:27:23 GMT</datecreated>
      <usercreated>Admin</usercreated>
      <flags>0</flags>
      <properties/>
      <relations/>
      <accesscontrol/>
    </file>
    <file>
      <source>system/modules/org.opencms.ade.contenteditor/resources/contenteditor/2D5DCEC84E5ECEEC13AE608620DDA715.cache.png</source>
      <destination>system/modules/org.opencms.ade.contenteditor/resources/contenteditor/2D5DCEC84E5ECEEC13AE608620DDA715.cache.png</destination>
      <type>image</type>
      <uuidstructure>b627fdf1-99da-11e1-ad02-c5d8aa016437</uuidstructure>
      <uuidresource>b627fdf2-99da-11e1-ad02-c5d8aa016437</uuidresource>
      <datelastmodified>Wed, 09 May 2012 13:27:23 GMT</datelastmodified>
      <userlastmodified>Admin</userlastmodified>
      <datecreated>Wed, 09 May 2012 13:27:23 GMT</datecreated>
      <usercreated>Admin</usercreated>
      <flags>0</flags>
      <properties/>
      <relations/>
      <accesscontrol/>
    </file>
    <file>
      <source>system/modules/org.opencms.ade.contenteditor/resources/contenteditor/2DEFE4429494EC4398B219CEADD32C22.cache.png</source>
      <destination>system/modules/org.opencms.ade.contenteditor/resources/contenteditor/2DEFE4429494EC4398B219CEADD32C22.cache.png</destination>
      <type>image</type>
      <uuidstructure>b62a6ef3-99da-11e1-ad02-c5d8aa016437</uuidstructure>
      <uuidresource>b62a6ef4-99da-11e1-ad02-c5d8aa016437</uuidresource>
      <datelastmodified>Wed, 09 May 2012 13:27:23 GMT</datelastmodified>
      <userlastmodified>Admin</userlastmodified>
      <datecreated>Wed, 09 May 2012 13:27:23 GMT</datecreated>
      <usercreated>Admin</usercreated>
      <flags>0</flags>
      <properties/>
      <relations/>
      <accesscontrol/>
    </file>
    <file>
      <source>system/modules/org.opencms.ade.contenteditor/resources/contenteditor/9C906DC5061EF532810341F791D31B86.cache.html</source>
      <destination>system/modules/org.opencms.ade.contenteditor/resources/contenteditor/9C906DC5061EF532810341F791D31B86.cache.html</destination>
      <type>plain</type>
      <uuidstructure>d979ae1c-710d-11e2-8d84-3356797c4884</uuidstructure>
      <uuidresource>d979d52d-710d-11e2-8d84-3356797c4884</uuidresource>
      <datelastmodified>Thu, 07 Feb 2013 10:05:07 GMT</datelastmodified>
      <userlastmodified>Admin</userlastmodified>
      <datecreated>Thu, 07 Feb 2013 10:05:07 GMT</datecreated>
      <usercreated>Admin</usercreated>
      <flags>0</flags>
      <properties/>
      <relations/>
      <accesscontrol/>
    </file>
    <file>
      <source>system/modules/org.opencms.ade.contenteditor/resources/contenteditor/2E9915E25840535E3FAEA0FF4FC665BA.cache.png</source>
      <destination>system/modules/org.opencms.ade.contenteditor/resources/contenteditor/2E9915E25840535E3FAEA0FF4FC665BA.cache.png</destination>
      <type>image</type>
      <uuidstructure>b62f29e5-99da-11e1-ad02-c5d8aa016437</uuidstructure>
      <uuidresource>b6319ae6-99da-11e1-ad02-c5d8aa016437</uuidresource>
      <datelastmodified>Wed, 09 May 2012 13:27:23 GMT</datelastmodified>
      <userlastmodified>Admin</userlastmodified>
      <datecreated>Wed, 09 May 2012 13:27:23 GMT</datecreated>
      <usercreated>Admin</usercreated>
      <flags>0</flags>
      <properties/>
      <relations/>
      <accesscontrol/>
    </file>
    <file>
      <source>system/modules/org.opencms.ade.contenteditor/resources/contenteditor/34DF72E9BC55C50215EC758739B146FB.gwt.rpc</source>
      <destination>system/modules/org.opencms.ade.contenteditor/resources/contenteditor/34DF72E9BC55C50215EC758739B146FB.gwt.rpc</destination>
      <type>plain</type>
      <uuidstructure>ff6af279-28d5-11e2-b03f-9316b28cdbb9</uuidstructure>
      <uuidresource>ff6af27a-28d5-11e2-b03f-9316b28cdbb9</uuidresource>
      <datelastmodified>Wed, 07 Nov 2012 12:23:55 GMT</datelastmodified>
      <userlastmodified>Admin</userlastmodified>
      <datecreated>Wed, 07 Nov 2012 12:23:55 GMT</datecreated>
      <usercreated>Admin</usercreated>
      <flags>0</flags>
      <properties/>
      <relations/>
      <accesscontrol/>
    </file>
    <file>
      <source>system/modules/org.opencms.ade.contenteditor/resources/contenteditor/3E13412DD77AE068AAF96B6978824A75.cache.png</source>
      <destination>system/modules/org.opencms.ade.contenteditor/resources/contenteditor/3E13412DD77AE068AAF96B6978824A75.cache.png</destination>
      <type>image</type>
      <uuidstructure>51789cc5-c024-11e1-8013-6bb6a915f58e</uuidstructure>
      <uuidresource>51789cc6-c024-11e1-8013-6bb6a915f58e</uuidresource>
      <datelastmodified>Wed, 27 Jun 2012 06:50:01 GMT</datelastmodified>
      <userlastmodified>Admin</userlastmodified>
      <datecreated>Wed, 27 Jun 2012 06:50:01 GMT</datecreated>
      <usercreated>Admin</usercreated>
      <flags>0</flags>
      <properties/>
      <relations/>
      <accesscontrol/>
    </file>
    <file>
      <source>system/modules/org.opencms.ade.contenteditor/resources/contenteditor/3E1B3C4D2B52FD7957DA6E43F8D5D4C9.cache.png</source>
      <destination>system/modules/org.opencms.ade.contenteditor/resources/contenteditor/3E1B3C4D2B52FD7957DA6E43F8D5D4C9.cache.png</destination>
      <type>image</type>
      <uuidstructure>b63b10c9-99da-11e1-ad02-c5d8aa016437</uuidstructure>
      <uuidresource>b63b10ca-99da-11e1-ad02-c5d8aa016437</uuidresource>
      <datelastmodified>Wed, 09 May 2012 13:27:23 GMT</datelastmodified>
      <userlastmodified>Admin</userlastmodified>
      <datecreated>Wed, 09 May 2012 13:27:23 GMT</datecreated>
      <usercreated>Admin</usercreated>
      <flags>0</flags>
      <properties/>
      <relations/>
      <accesscontrol/>
    </file>
    <file>
      <source>system/modules/org.opencms.ade.contenteditor/resources/contenteditor/4ED1C0B9BE23F2D66FC198C0FD3527D2.cache.png</source>
      <destination>system/modules/org.opencms.ade.contenteditor/resources/contenteditor/4ED1C0B9BE23F2D66FC198C0FD3527D2.cache.png</destination>
      <type>image</type>
      <uuidstructure>251e524e-fc2c-11e1-8c23-1572bf7072c6</uuidstructure>
      <uuidresource>251e524f-fc2c-11e1-8c23-1572bf7072c6</uuidresource>
      <datelastmodified>Tue, 11 Sep 2012 16:17:12 GMT</datelastmodified>
      <userlastmodified>Admin</userlastmodified>
      <datecreated>Tue, 11 Sep 2012 16:17:12 GMT</datecreated>
      <usercreated>Admin</usercreated>
      <flags>0</flags>
      <properties/>
      <relations/>
      <accesscontrol/>
    </file>
    <file>
      <source>system/modules/org.opencms.ade.contenteditor/resources/contenteditor/5134B68A54EF0AA02D7490A45E37C5B4.gwt.rpc</source>
      <destination>system/modules/org.opencms.ade.contenteditor/resources/contenteditor/5134B68A54EF0AA02D7490A45E37C5B4.gwt.rpc</destination>
      <type>plain</type>
      <uuidstructure>ff6fd47d-28d5-11e2-b03f-9316b28cdbb9</uuidstructure>
      <uuidresource>ff6fd47e-28d5-11e2-b03f-9316b28cdbb9</uuidresource>
      <datelastmodified>Wed, 07 Nov 2012 12:23:55 GMT</datelastmodified>
      <userlastmodified>Admin</userlastmodified>
      <datecreated>Wed, 07 Nov 2012 12:23:55 GMT</datecreated>
      <usercreated>Admin</usercreated>
      <flags>0</flags>
      <properties/>
      <relations/>
      <accesscontrol/>
    </file>
    <file>
      <source>system/modules/org.opencms.ade.contenteditor/resources/contenteditor/528F1389CBD23A696B89EF4D65007A96.cache.png</source>
      <destination>system/modules/org.opencms.ade.contenteditor/resources/contenteditor/528F1389CBD23A696B89EF4D65007A96.cache.png</destination>
      <type>image</type>
      <uuidstructure>b63b10cb-99da-11e1-ad02-c5d8aa016437</uuidstructure>
      <uuidresource>b63b10cc-99da-11e1-ad02-c5d8aa016437</uuidresource>
      <datelastmodified>Wed, 09 May 2012 13:27:23 GMT</datelastmodified>
      <userlastmodified>Admin</userlastmodified>
      <datecreated>Wed, 09 May 2012 13:27:23 GMT</datecreated>
      <usercreated>Admin</usercreated>
      <flags>0</flags>
      <properties/>
      <relations/>
      <accesscontrol/>
    </file>
    <file>
      <source>system/modules/org.opencms.ade.contenteditor/resources/contenteditor/55E6EF5AA7ECB5C3456D0C233F3D34A1.cache.png</source>
      <destination>system/modules/org.opencms.ade.contenteditor/resources/contenteditor/55E6EF5AA7ECB5C3456D0C233F3D34A1.cache.png</destination>
      <type>image</type>
      <uuidstructure>b63ff2cd-99da-11e1-ad02-c5d8aa016437</uuidstructure>
      <uuidresource>b63ff2ce-99da-11e1-ad02-c5d8aa016437</uuidresource>
      <datelastmodified>Wed, 09 May 2012 13:27:23 GMT</datelastmodified>
      <userlastmodified>Admin</userlastmodified>
      <datecreated>Wed, 09 May 2012 13:27:23 GMT</datecreated>
      <usercreated>Admin</usercreated>
      <flags>0</flags>
      <properties/>
      <relations/>
      <accesscontrol/>
    </file>
    <file>
      <source>system/modules/org.opencms.ade.contenteditor/resources/contenteditor/588C4DA28DB8FF451F98C17E3DB78A1B.cache.gif</source>
      <destination>system/modules/org.opencms.ade.contenteditor/resources/contenteditor/588C4DA28DB8FF451F98C17E3DB78A1B.cache.gif</destination>
      <type>image</type>
      <uuidstructure>237c0ee4-fcf7-11e1-8dfd-a9d9248102de</uuidstructure>
      <uuidresource>237c0ee5-fcf7-11e1-8dfd-a9d9248102de</uuidresource>
      <datelastmodified>Wed, 12 Sep 2012 16:30:18 GMT</datelastmodified>
      <userlastmodified>Admin</userlastmodified>
      <datecreated>Wed, 12 Sep 2012 16:30:18 GMT</datecreated>
      <usercreated>Admin</usercreated>
      <flags>0</flags>
      <properties/>
      <relations/>
      <accesscontrol/>
    </file>
    <file>
      <source>system/modules/org.opencms.ade.contenteditor/resources/contenteditor/607C234F8298753CFE48C010F4F5B7C2.cache.png</source>
      <destination>system/modules/org.opencms.ade.contenteditor/resources/contenteditor/607C234F8298753CFE48C010F4F5B7C2.cache.png</destination>
      <type>image</type>
      <uuidstructure>b6423cbf-99da-11e1-ad02-c5d8aa016437</uuidstructure>
      <uuidresource>b6423cc0-99da-11e1-ad02-c5d8aa016437</uuidresource>
      <datelastmodified>Wed, 09 May 2012 13:27:23 GMT</datelastmodified>
      <userlastmodified>Admin</userlastmodified>
      <datecreated>Wed, 09 May 2012 13:27:23 GMT</datecreated>
      <usercreated>Admin</usercreated>
      <flags>0</flags>
      <properties/>
      <relations/>
      <accesscontrol/>
    </file>
    <file>
      <source>system/modules/org.opencms.ade.contenteditor/resources/contenteditor/614A8351A28C0A4378525F849533D3FF.gwt.rpc</source>
      <destination>system/modules/org.opencms.ade.contenteditor/resources/contenteditor/614A8351A28C0A4378525F849533D3FF.gwt.rpc</destination>
      <type>plain</type>
      <uuidstructure>b6471ec1-99da-11e1-ad02-c5d8aa016437</uuidstructure>
      <uuidresource>b6471ec2-99da-11e1-ad02-c5d8aa016437</uuidresource>
      <datelastmodified>Wed, 09 May 2012 13:27:23 GMT</datelastmodified>
      <userlastmodified>Admin</userlastmodified>
      <datecreated>Wed, 09 May 2012 13:27:23 GMT</datecreated>
      <usercreated>Admin</usercreated>
      <flags>0</flags>
      <properties/>
      <relations/>
      <accesscontrol/>
    </file>
    <file>
      <source>system/modules/org.opencms.ade.contenteditor/resources/contenteditor/65B22523B8946A6D344AF2FEB3A3D3D0.gwt.rpc</source>
      <destination>system/modules/org.opencms.ade.contenteditor/resources/contenteditor/65B22523B8946A6D344AF2FEB3A3D3D0.gwt.rpc</destination>
      <type>plain</type>
      <uuidstructure>88cad6b2-609e-11e2-b0c0-d99ab7ef5390</uuidstructure>
      <uuidresource>88cad6b3-609e-11e2-b0c0-d99ab7ef5390</uuidresource>
      <datelastmodified>Thu, 17 Jan 2013 12:07:59 GMT</datelastmodified>
      <userlastmodified>Admin</userlastmodified>
      <datecreated>Thu, 17 Jan 2013 12:07:59 GMT</datecreated>
      <usercreated>Admin</usercreated>
      <flags>0</flags>
      <properties/>
      <relations/>
      <accesscontrol/>
    </file>
    <file>
      <source>system/modules/org.opencms.ade.contenteditor/resources/contenteditor/67F03376FF6E2527B53E363D94D0F88C.cache.png</source>
      <destination>system/modules/org.opencms.ade.contenteditor/resources/contenteditor/67F03376FF6E2527B53E363D94D0F88C.cache.png</destination>
      <type>image</type>
      <uuidstructure>b64bd9b3-99da-11e1-ad02-c5d8aa016437</uuidstructure>
      <uuidresource>b64bd9b4-99da-11e1-ad02-c5d8aa016437</uuidresource>
      <datelastmodified>Wed, 09 May 2012 13:27:23 GMT</datelastmodified>
      <userlastmodified>Admin</userlastmodified>
      <datecreated>Wed, 09 May 2012 13:27:23 GMT</datecreated>
      <usercreated>Admin</usercreated>
      <flags>0</flags>
      <properties/>
      <relations/>
      <accesscontrol/>
    </file>
    <file>
      <source>system/modules/org.opencms.ade.contenteditor/resources/contenteditor/68007ADE137131ED0FF40540F74FEF7C.cache.png</source>
      <destination>system/modules/org.opencms.ade.contenteditor/resources/contenteditor/68007ADE137131ED0FF40540F74FEF7C.cache.png</destination>
      <type>image</type>
      <uuidstructure>63b46873-2fc0-11e2-9fa1-b33f9d57d633</uuidstructure>
      <uuidresource>63b46874-2fc0-11e2-9fa1-b33f9d57d633</uuidresource>
      <datelastmodified>Fri, 16 Nov 2012 07:36:52 GMT</datelastmodified>
      <userlastmodified>Admin</userlastmodified>
      <datecreated>Fri, 16 Nov 2012 07:36:52 GMT</datecreated>
      <usercreated>Admin</usercreated>
      <flags>0</flags>
      <properties/>
      <relations/>
      <accesscontrol/>
    </file>
    <file>
      <destination>system/modules/org.opencms.ade.contenteditor/resources/contenteditor/6C2B5BDF0A7B5F0A11DB17A1F8A75A56.cache.ico</destination>
      <type>folder</type>
      <uuidstructure>237e58d6-fcf7-11e1-8dfd-a9d9248102de</uuidstructure>
      <uuidresource>237e58d7-fcf7-11e1-8dfd-a9d9248102de</uuidresource>
      <datelastmodified>Wed, 12 Sep 2012 16:30:18 GMT</datelastmodified>
      <userlastmodified>Admin</userlastmodified>
      <datecreated>Wed, 12 Sep 2012 16:30:18 GMT</datecreated>
      <usercreated>Admin</usercreated>
      <flags>0</flags>
      <properties/>
      <relations/>
      <accesscontrol/>
    </file>
    <file>
      <source>system/modules/org.opencms.ade.contenteditor/resources/contenteditor/6D49AA540BF48A6BC5BB40598BB369C1.cache.png</source>
      <destination>system/modules/org.opencms.ade.contenteditor/resources/contenteditor/6D49AA540BF48A6BC5BB40598BB369C1.cache.png</destination>
      <type>image</type>
      <uuidstructure>b65305a7-99da-11e1-ad02-c5d8aa016437</uuidstructure>
      <uuidresource>b65305a8-99da-11e1-ad02-c5d8aa016437</uuidresource>
      <datelastmodified>Wed, 09 May 2012 13:27:23 GMT</datelastmodified>
      <userlastmodified>Admin</userlastmodified>
      <datecreated>Wed, 09 May 2012 13:27:23 GMT</datecreated>
      <usercreated>Admin</usercreated>
      <flags>0</flags>
      <properties/>
      <relations/>
      <accesscontrol/>
    </file>
    <file>
      <source>system/modules/org.opencms.ade.contenteditor/resources/contenteditor/4B641925C5C30F1CA45F24FEC5D4CB13.cache.html</source>
      <destination>system/modules/org.opencms.ade.contenteditor/resources/contenteditor/4B641925C5C30F1CA45F24FEC5D4CB13.cache.html</destination>
      <type>plain</type>
      <uuidstructure>d96dee46-710d-11e2-8d84-3356797c4884</uuidstructure>
      <uuidresource>d96e1557-710d-11e2-8d84-3356797c4884</uuidresource>
      <datelastmodified>Thu, 07 Feb 2013 10:05:07 GMT</datelastmodified>
      <userlastmodified>Admin</userlastmodified>
      <datecreated>Thu, 07 Feb 2013 10:05:07 GMT</datecreated>
      <usercreated>Admin</usercreated>
      <flags>0</flags>
      <properties/>
      <relations/>
      <accesscontrol/>
    </file>
    <file>
      <source>system/modules/org.opencms.ade.contenteditor/resources/contenteditor/7E76FDCA9138C1F6988CF904B0281C64.cache.gif</source>
      <destination>system/modules/org.opencms.ade.contenteditor/resources/contenteditor/7E76FDCA9138C1F6988CF904B0281C64.cache.gif</destination>
      <type>image</type>
      <uuidstructure>b6554f99-99da-11e1-ad02-c5d8aa016437</uuidstructure>
      <uuidresource>b657c09a-99da-11e1-ad02-c5d8aa016437</uuidresource>
      <datelastmodified>Wed, 09 May 2012 13:27:23 GMT</datelastmodified>
      <userlastmodified>Admin</userlastmodified>
      <datecreated>Wed, 09 May 2012 13:27:23 GMT</datecreated>
      <usercreated>Admin</usercreated>
      <flags>0</flags>
      <properties/>
      <relations/>
      <accesscontrol/>
    </file>
    <file>
      <source>system/modules/org.opencms.ade.contenteditor/resources/contenteditor/F0EB5097A2D4270323FEAFA3C6D2E1AA.cache.html</source>
      <destination>system/modules/org.opencms.ade.contenteditor/resources/contenteditor/F0EB5097A2D4270323FEAFA3C6D2E1AA.cache.html</destination>
      <type>plain</type>
      <uuidstructure>d9742fd8-710d-11e2-8d84-3356797c4884</uuidstructure>
      <uuidresource>d97456e9-710d-11e2-8d84-3356797c4884</uuidresource>
      <datelastmodified>Thu, 07 Feb 2013 10:05:07 GMT</datelastmodified>
      <userlastmodified>Admin</userlastmodified>
      <datecreated>Thu, 07 Feb 2013 10:05:07 GMT</datecreated>
      <usercreated>Admin</usercreated>
      <flags>0</flags>
      <properties/>
      <relations/>
      <accesscontrol/>
    </file>
    <file>
      <source>system/modules/org.opencms.ade.contenteditor/resources/contenteditor/806F8EE738687B189D7F262612700F41.cache.gif</source>
      <destination>system/modules/org.opencms.ade.contenteditor/resources/contenteditor/806F8EE738687B189D7F262612700F41.cache.gif</destination>
      <type>image</type>
      <uuidstructure>319dce81-fd97-11e1-9bad-991063da6b19</uuidstructure>
      <uuidresource>319dce82-fd97-11e1-9bad-991063da6b19</uuidresource>
      <datelastmodified>Thu, 13 Sep 2012 11:36:01 GMT</datelastmodified>
      <userlastmodified>Admin</userlastmodified>
      <datecreated>Thu, 13 Sep 2012 11:36:01 GMT</datecreated>
      <usercreated>Admin</usercreated>
      <flags>0</flags>
      <properties/>
      <relations/>
      <accesscontrol/>
    </file>
    <file>
      <source>system/modules/org.opencms.ade.contenteditor/resources/contenteditor/846FD3C4DB495760C57444AB15F06126.cache.png</source>
      <destination>system/modules/org.opencms.ade.contenteditor/resources/contenteditor/846FD3C4DB495760C57444AB15F06126.cache.png</destination>
      <type>image</type>
      <uuidstructure>b65a319b-99da-11e1-ad02-c5d8aa016437</uuidstructure>
      <uuidresource>b65a319c-99da-11e1-ad02-c5d8aa016437</uuidresource>
      <datelastmodified>Wed, 09 May 2012 13:27:23 GMT</datelastmodified>
      <userlastmodified>Admin</userlastmodified>
      <datecreated>Wed, 09 May 2012 13:27:23 GMT</datecreated>
      <usercreated>Admin</usercreated>
      <flags>0</flags>
      <properties/>
      <relations/>
      <accesscontrol/>
    </file>
    <file>
      <source>system/modules/org.opencms.ade.contenteditor/resources/contenteditor/87ED19AD4E669155E9D7E4958154FD56.cache.png</source>
      <destination>system/modules/org.opencms.ade.contenteditor/resources/contenteditor/87ED19AD4E669155E9D7E4958154FD56.cache.png</destination>
      <type>image</type>
      <uuidstructure>518df98f-c024-11e1-8013-6bb6a915f58e</uuidstructure>
      <uuidresource>51906a90-c024-11e1-8013-6bb6a915f58e</uuidresource>
      <datelastmodified>Wed, 27 Jun 2012 06:50:01 GMT</datelastmodified>
      <userlastmodified>Admin</userlastmodified>
      <datecreated>Wed, 27 Jun 2012 06:50:01 GMT</datecreated>
      <usercreated>Admin</usercreated>
      <flags>0</flags>
      <properties/>
      <relations/>
      <accesscontrol/>
    </file>
    <file>
      <source>system/modules/org.opencms.ade.contenteditor/resources/contenteditor/8AA3C50791DF9AA6DC608FDE692C9390.cache.gif</source>
      <destination>system/modules/org.opencms.ade.contenteditor/resources/contenteditor/8AA3C50791DF9AA6DC608FDE692C9390.cache.gif</destination>
      <type>image</type>
      <uuidstructure>b65eec8d-99da-11e1-ad02-c5d8aa016437</uuidstructure>
      <uuidresource>b65eec8e-99da-11e1-ad02-c5d8aa016437</uuidresource>
      <datelastmodified>Wed, 09 May 2012 13:27:23 GMT</datelastmodified>
      <userlastmodified>Admin</userlastmodified>
      <datecreated>Wed, 09 May 2012 13:27:23 GMT</datecreated>
      <usercreated>Admin</usercreated>
      <flags>0</flags>
      <properties/>
      <relations/>
      <accesscontrol/>
    </file>
    <file>
      <source>system/modules/org.opencms.ade.contenteditor/resources/contenteditor/8FBDBF2C058ACA8C7B7681D8E5194E8B.cache.png</source>
      <destination>system/modules/org.opencms.ade.contenteditor/resources/contenteditor/8FBDBF2C058ACA8C7B7681D8E5194E8B.cache.png</destination>
      <type>image</type>
      <uuidstructure>b661367f-99da-11e1-ad02-c5d8aa016437</uuidstructure>
      <uuidresource>b6613680-99da-11e1-ad02-c5d8aa016437</uuidresource>
      <datelastmodified>Wed, 09 May 2012 13:27:23 GMT</datelastmodified>
      <userlastmodified>Admin</userlastmodified>
      <datecreated>Wed, 09 May 2012 13:27:23 GMT</datecreated>
      <usercreated>Admin</usercreated>
      <flags>0</flags>
      <properties/>
      <relations/>
      <accesscontrol/>
    </file>
    <file>
      <source>system/modules/org.opencms.ade.contenteditor/resources/contenteditor/90583D1788B44DDC496D964A8FC3C94F.cache.png</source>
      <destination>system/modules/org.opencms.ade.contenteditor/resources/contenteditor/90583D1788B44DDC496D964A8FC3C94F.cache.png</destination>
      <type>image</type>
      <uuidstructure>b6661881-99da-11e1-ad02-c5d8aa016437</uuidstructure>
      <uuidresource>b6661882-99da-11e1-ad02-c5d8aa016437</uuidresource>
      <datelastmodified>Wed, 09 May 2012 13:27:23 GMT</datelastmodified>
      <userlastmodified>Admin</userlastmodified>
      <datecreated>Wed, 09 May 2012 13:27:23 GMT</datecreated>
      <usercreated>Admin</usercreated>
      <flags>0</flags>
      <properties/>
      <relations/>
      <accesscontrol/>
    </file>
    <file>
      <source>system/modules/org.opencms.ade.contenteditor/resources/contenteditor/9B56DF4CD68CC5BCB6821A8DE7E4830C.cache.gif</source>
      <destination>system/modules/org.opencms.ade.contenteditor/resources/contenteditor/9B56DF4CD68CC5BCB6821A8DE7E4830C.cache.gif</destination>
      <type>image</type>
      <uuidstructure>b66d4475-99da-11e1-ad02-c5d8aa016437</uuidstructure>
      <uuidresource>b66d4476-99da-11e1-ad02-c5d8aa016437</uuidresource>
      <datelastmodified>Wed, 09 May 2012 13:27:24 GMT</datelastmodified>
      <userlastmodified>Admin</userlastmodified>
      <datecreated>Wed, 09 May 2012 13:27:24 GMT</datecreated>
      <usercreated>Admin</usercreated>
      <flags>0</flags>
      <properties/>
      <relations/>
      <accesscontrol/>
    </file>
    <file>
      <source>system/modules/org.opencms.ade.contenteditor/resources/contenteditor/9C084B18DE6C5D4F831AAA6137CBD5BF.gwt.rpc</source>
      <destination>system/modules/org.opencms.ade.contenteditor/resources/contenteditor/9C084B18DE6C5D4F831AAA6137CBD5BF.gwt.rpc</destination>
      <type>plain</type>
      <uuidstructure>c163b6d9-ead0-11e1-b355-cbe36df6b4b0</uuidstructure>
      <uuidresource>c163b6da-ead0-11e1-b355-cbe36df6b4b0</uuidresource>
      <datelastmodified>Mon, 20 Aug 2012 14:10:11 GMT</datelastmodified>
      <userlastmodified>Admin</userlastmodified>
      <datecreated>Mon, 20 Aug 2012 14:10:11 GMT</datecreated>
      <usercreated>Admin</usercreated>
      <flags>0</flags>
      <properties/>
      <relations/>
      <accesscontrol/>
    </file>
    <file>
      <source>system/modules/org.opencms.ade.contenteditor/resources/contenteditor/9CD9E89705393612AADC9A55D28EBC00.cache.gif</source>
      <destination>system/modules/org.opencms.ade.contenteditor/resources/contenteditor/9CD9E89705393612AADC9A55D28EBC00.cache.gif</destination>
      <type>image</type>
      <uuidstructure>b676ba59-99da-11e1-ad02-c5d8aa016437</uuidstructure>
      <uuidresource>b676ba5a-99da-11e1-ad02-c5d8aa016437</uuidresource>
      <datelastmodified>Wed, 09 May 2012 13:27:24 GMT</datelastmodified>
      <userlastmodified>Admin</userlastmodified>
      <datecreated>Wed, 09 May 2012 13:27:24 GMT</datecreated>
      <usercreated>Admin</usercreated>
      <flags>0</flags>
      <properties/>
      <relations/>
      <accesscontrol/>
    </file>
    <file>
      <source>system/modules/org.opencms.ade.contenteditor/resources/contenteditor/A3E30CCBF7AFC58EDCC069857295C9EA.cache.png</source>
      <destination>system/modules/org.opencms.ade.contenteditor/resources/contenteditor/A3E30CCBF7AFC58EDCC069857295C9EA.cache.png</destination>
      <type>image</type>
      <uuidstructure>b67b754d-99da-11e1-ad02-c5d8aa016437</uuidstructure>
      <uuidresource>b67de64e-99da-11e1-ad02-c5d8aa016437</uuidresource>
      <datelastmodified>Wed, 09 May 2012 13:27:24 GMT</datelastmodified>
      <userlastmodified>Admin</userlastmodified>
      <datecreated>Wed, 09 May 2012 13:27:24 GMT</datecreated>
      <usercreated>Admin</usercreated>
      <flags>0</flags>
      <properties/>
      <relations/>
      <accesscontrol/>
    </file>
    <file>
      <source>system/modules/org.opencms.ade.contenteditor/resources/contenteditor/872D90E9C5024084CCAA1E417B851B15.cache.html</source>
      <destination>system/modules/org.opencms.ade.contenteditor/resources/contenteditor/872D90E9C5024084CCAA1E417B851B15.cache.html</destination>
      <type>plain</type>
      <uuidstructure>d96366f4-710d-11e2-8d84-3356797c4884</uuidstructure>
      <uuidresource>d963b515-710d-11e2-8d84-3356797c4884</uuidresource>
      <datelastmodified>Thu, 07 Feb 2013 10:05:07 GMT</datelastmodified>
      <userlastmodified>Admin</userlastmodified>
      <datecreated>Thu, 07 Feb 2013 10:05:07 GMT</datecreated>
      <usercreated>Admin</usercreated>
      <flags>0</flags>
      <properties/>
      <relations/>
      <accesscontrol/>
    </file>
    <file>
      <source>system/modules/org.opencms.ade.contenteditor/resources/contenteditor/A561A3D036C6711C97A1ACB01B3E9688.cache.png</source>
      <destination>system/modules/org.opencms.ade.contenteditor/resources/contenteditor/A561A3D036C6711C97A1ACB01B3E9688.cache.png</destination>
      <type>image</type>
      <uuidstructure>b680574f-99da-11e1-ad02-c5d8aa016437</uuidstructure>
      <uuidresource>b6805750-99da-11e1-ad02-c5d8aa016437</uuidresource>
      <datelastmodified>Wed, 09 May 2012 13:27:24 GMT</datelastmodified>
      <userlastmodified>Admin</userlastmodified>
      <datecreated>Wed, 09 May 2012 13:27:24 GMT</datecreated>
      <usercreated>Admin</usercreated>
      <flags>0</flags>
      <properties/>
      <relations/>
      <accesscontrol/>
    </file>
    <file>
      <source>system/modules/org.opencms.ade.contenteditor/resources/contenteditor/AB193F88C59FE43073B7E3554AE1E4E1.cache.png</source>
      <destination>system/modules/org.opencms.ade.contenteditor/resources/contenteditor/AB193F88C59FE43073B7E3554AE1E4E1.cache.png</destination>
      <type>image</type>
      <uuidstructure>b6851241-99da-11e1-ad02-c5d8aa016437</uuidstructure>
      <uuidresource>b6851242-99da-11e1-ad02-c5d8aa016437</uuidresource>
      <datelastmodified>Wed, 09 May 2012 13:27:24 GMT</datelastmodified>
      <userlastmodified>Admin</userlastmodified>
      <datecreated>Wed, 09 May 2012 13:27:24 GMT</datecreated>
      <usercreated>Admin</usercreated>
      <flags>0</flags>
      <properties/>
      <relations/>
      <accesscontrol/>
    </file>
    <file>
      <source>system/modules/org.opencms.ade.contenteditor/resources/contenteditor/7AD27D14437EF9D65F4744163A7ECC3D.cache.html</source>
      <destination>system/modules/org.opencms.ade.contenteditor/resources/contenteditor/7AD27D14437EF9D65F4744163A7ECC3D.cache.html</destination>
      <type>plain</type>
      <uuidstructure>d977b24a-710d-11e2-8d84-3356797c4884</uuidstructure>
      <uuidresource>d977d95b-710d-11e2-8d84-3356797c4884</uuidresource>
      <datelastmodified>Thu, 07 Feb 2013 10:05:07 GMT</datelastmodified>
      <userlastmodified>Admin</userlastmodified>
      <datecreated>Thu, 07 Feb 2013 10:05:07 GMT</datecreated>
      <usercreated>Admin</usercreated>
      <flags>0</flags>
      <properties/>
      <relations/>
      <accesscontrol/>
    </file>
    <file>
      <source>system/modules/org.opencms.ade.contenteditor/resources/contenteditor/AB196D9D7834625802449A82C5811B43.cache.png</source>
      <destination>system/modules/org.opencms.ade.contenteditor/resources/contenteditor/AB196D9D7834625802449A82C5811B43.cache.png</destination>
      <type>image</type>
      <uuidstructure>51979683-c024-11e1-8013-6bb6a915f58e</uuidstructure>
      <uuidresource>519a0784-c024-11e1-8013-6bb6a915f58e</uuidresource>
      <datelastmodified>Wed, 27 Jun 2012 06:50:01 GMT</datelastmodified>
      <userlastmodified>Admin</userlastmodified>
      <datecreated>Wed, 27 Jun 2012 06:50:01 GMT</datecreated>
      <usercreated>Admin</usercreated>
      <flags>0</flags>
      <properties/>
      <relations/>
      <accesscontrol/>
    </file>
    <file>
      <source>system/modules/org.opencms.ade.contenteditor/resources/contenteditor/BBE79FE9C388A062A6B594894C4044E8.cache.png</source>
      <destination>system/modules/org.opencms.ade.contenteditor/resources/contenteditor/BBE79FE9C388A062A6B594894C4044E8.cache.png</destination>
      <type>image</type>
      <uuidstructure>b6875c33-99da-11e1-ad02-c5d8aa016437</uuidstructure>
      <uuidresource>b689cd34-99da-11e1-ad02-c5d8aa016437</uuidresource>
      <datelastmodified>Wed, 09 May 2012 13:27:24 GMT</datelastmodified>
      <userlastmodified>Admin</userlastmodified>
      <datecreated>Wed, 09 May 2012 13:27:24 GMT</datecreated>
      <usercreated>Admin</usercreated>
      <flags>0</flags>
      <properties/>
      <relations/>
      <accesscontrol/>
    </file>
    <file>
      <source>system/modules/org.opencms.ade.contenteditor/resources/contenteditor/BC31847090F12A42F8370C7772D75499.cache.gif</source>
      <destination>system/modules/org.opencms.ade.contenteditor/resources/contenteditor/BC31847090F12A42F8370C7772D75499.cache.gif</destination>
      <type>image</type>
      <uuidstructure>b68c3e35-99da-11e1-ad02-c5d8aa016437</uuidstructure>
      <uuidresource>b68c3e36-99da-11e1-ad02-c5d8aa016437</uuidresource>
      <datelastmodified>Wed, 09 May 2012 13:27:24 GMT</datelastmodified>
      <userlastmodified>Admin</userlastmodified>
      <datecreated>Wed, 09 May 2012 13:27:24 GMT</datecreated>
      <usercreated>Admin</usercreated>
      <flags>0</flags>
      <properties/>
      <relations/>
      <accesscontrol/>
    </file>
    <file>
      <source>system/modules/org.opencms.ade.contenteditor/resources/contenteditor/BC4060A672A6E9FEC3C40F408301EFC6.cache.png</source>
      <destination>system/modules/org.opencms.ade.contenteditor/resources/contenteditor/BC4060A672A6E9FEC3C40F408301EFC6.cache.png</destination>
      <type>image</type>
      <uuidstructure>b690f927-99da-11e1-ad02-c5d8aa016437</uuidstructure>
      <uuidresource>b690f928-99da-11e1-ad02-c5d8aa016437</uuidresource>
      <datelastmodified>Wed, 09 May 2012 13:27:24 GMT</datelastmodified>
      <userlastmodified>Admin</userlastmodified>
      <datecreated>Wed, 09 May 2012 13:27:24 GMT</datecreated>
      <usercreated>Admin</usercreated>
      <flags>0</flags>
      <properties/>
      <relations/>
      <accesscontrol/>
    </file>
    <file>
      <source>system/modules/org.opencms.ade.contenteditor/resources/contenteditor/C289AFE3CC9CDADB99A0AB6F0D8AA8BC.gwt.rpc</source>
      <destination>system/modules/org.opencms.ade.contenteditor/resources/contenteditor/C289AFE3CC9CDADB99A0AB6F0D8AA8BC.gwt.rpc</destination>
      <type>plain</type>
      <uuidstructure>88cf91a8-609e-11e2-b0c0-d99ab7ef5390</uuidstructure>
      <uuidresource>88d202a9-609e-11e2-b0c0-d99ab7ef5390</uuidresource>
      <datelastmodified>Thu, 17 Jan 2013 12:07:59 GMT</datelastmodified>
      <userlastmodified>Admin</userlastmodified>
      <datecreated>Thu, 17 Jan 2013 12:07:59 GMT</datecreated>
      <usercreated>Admin</usercreated>
      <flags>0</flags>
      <properties/>
      <relations/>
      <accesscontrol/>
    </file>
    <file>
      <source>system/modules/org.opencms.ade.contenteditor/resources/contenteditor/C4E7AE2AFCDCAD9F4590E02BBF69A6EA.cache.gif</source>
      <destination>system/modules/org.opencms.ade.contenteditor/resources/contenteditor/C4E7AE2AFCDCAD9F4590E02BBF69A6EA.cache.gif</destination>
      <type>image</type>
      <uuidstructure>b69ce00d-99da-11e1-ad02-c5d8aa016437</uuidstructure>
      <uuidresource>b69ce00e-99da-11e1-ad02-c5d8aa016437</uuidresource>
      <datelastmodified>Wed, 09 May 2012 13:27:24 GMT</datelastmodified>
      <userlastmodified>Admin</userlastmodified>
      <datecreated>Wed, 09 May 2012 13:27:24 GMT</datecreated>
      <usercreated>Admin</usercreated>
      <flags>0</flags>
      <properties/>
      <relations/>
      <accesscontrol/>
    </file>
    <file>
      <source>system/modules/org.opencms.ade.contenteditor/resources/contenteditor/C62A1C906AE595C56C586D0305BB6C50.cache.gif</source>
      <destination>system/modules/org.opencms.ade.contenteditor/resources/contenteditor/C62A1C906AE595C56C586D0305BB6C50.cache.gif</destination>
      <type>image</type>
      <uuidstructure>b6a19aff-99da-11e1-ad02-c5d8aa016437</uuidstructure>
      <uuidresource>b6a19b00-99da-11e1-ad02-c5d8aa016437</uuidresource>
      <datelastmodified>Wed, 09 May 2012 13:27:24 GMT</datelastmodified>
      <userlastmodified>Admin</userlastmodified>
      <datecreated>Wed, 09 May 2012 13:27:24 GMT</datecreated>
      <usercreated>Admin</usercreated>
      <flags>0</flags>
      <properties/>
      <relations/>
      <accesscontrol/>
    </file>
    <file>
      <source>system/modules/org.opencms.ade.contenteditor/resources/contenteditor/CAA394C2FA294B6F7278AAC5BA442038.gwt.rpc</source>
      <destination>system/modules/org.opencms.ade.contenteditor/resources/contenteditor/CAA394C2FA294B6F7278AAC5BA442038.gwt.rpc</destination>
      <type>plain</type>
      <uuidstructure>22ae42cf-0224-11e2-894a-d93aa7f5002a</uuidstructure>
      <uuidresource>22ae42d0-0224-11e2-894a-d93aa7f5002a</uuidresource>
      <datelastmodified>Wed, 19 Sep 2012 06:34:59 GMT</datelastmodified>
      <userlastmodified>Admin</userlastmodified>
      <datecreated>Wed, 19 Sep 2012 06:34:59 GMT</datecreated>
      <usercreated>Admin</usercreated>
      <flags>0</flags>
      <properties/>
      <relations/>
      <accesscontrol/>
    </file>
    <file>
      <source>system/modules/org.opencms.ade.contenteditor/resources/contenteditor/CD452626E44B1D27115781B923D2F971.cache.png</source>
      <destination>system/modules/org.opencms.ade.contenteditor/resources/contenteditor/CD452626E44B1D27115781B923D2F971.cache.png</destination>
      <type>image</type>
      <uuidstructure>b6a40c01-99da-11e1-ad02-c5d8aa016437</uuidstructure>
      <uuidresource>b6a67d02-99da-11e1-ad02-c5d8aa016437</uuidresource>
      <datelastmodified>Wed, 09 May 2012 13:27:24 GMT</datelastmodified>
      <userlastmodified>Admin</userlastmodified>
      <datecreated>Wed, 09 May 2012 13:27:24 GMT</datecreated>
      <usercreated>Admin</usercreated>
      <flags>0</flags>
      <properties/>
      <relations/>
      <accesscontrol/>
    </file>
    <file>
      <source>system/modules/org.opencms.ade.contenteditor/resources/contenteditor/clear.cache.gif</source>
      <destination>system/modules/org.opencms.ade.contenteditor/resources/contenteditor/clear.cache.gif</destination>
      <type>image</type>
      <uuidstructure>b6a8c6f3-99da-11e1-ad02-c5d8aa016437</uuidstructure>
      <uuidresource>b6a8c6f4-99da-11e1-ad02-c5d8aa016437</uuidresource>
      <datelastmodified>Wed, 09 May 2012 13:27:24 GMT</datelastmodified>
      <userlastmodified>Admin</userlastmodified>
      <datecreated>Wed, 09 May 2012 13:27:24 GMT</datecreated>
      <usercreated>Admin</usercreated>
      <flags>0</flags>
      <properties/>
      <relations/>
      <accesscontrol/>
    </file>
    <file>
      <source>system/modules/org.opencms.ade.contenteditor/resources/contenteditor/DF49AE4BA9A98BAC11445CA269F4AA44.cache.html</source>
      <destination>system/modules/org.opencms.ade.contenteditor/resources/contenteditor/DF49AE4BA9A98BAC11445CA269F4AA44.cache.html</destination>
      <type>plain</type>
      <uuidstructure>d9381132-710d-11e2-8d84-3356797c4884</uuidstructure>
      <uuidresource>d938ad73-710d-11e2-8d84-3356797c4884</uuidresource>
      <datelastmodified>Thu, 07 Feb 2013 10:05:06 GMT</datelastmodified>
      <userlastmodified>Admin</userlastmodified>
      <datecreated>Thu, 07 Feb 2013 10:05:06 GMT</datecreated>
      <usercreated>Admin</usercreated>
      <flags>0</flags>
      <properties/>
      <relations/>
      <accesscontrol/>
    </file>
    <file>
      <source>system/modules/org.opencms.ade.contenteditor/resources/contenteditor/contenteditor.nocache.js</source>
      <destination>system/modules/org.opencms.ade.contenteditor/resources/contenteditor/contenteditor.nocache.js</destination>
      <type>plain</type>
      <uuidstructure>b6ad81e5-99da-11e1-ad02-c5d8aa016437</uuidstructure>
      <uuidresource>b6ad81e6-99da-11e1-ad02-c5d8aa016437</uuidresource>
      <datelastmodified>Wed, 09 May 2012 13:27:24 GMT</datelastmodified>
      <userlastmodified>Admin</userlastmodified>
      <datecreated>Wed, 09 May 2012 13:27:24 GMT</datecreated>
      <usercreated>Admin</usercreated>
      <flags>0</flags>
      <properties/>
      <relations/>
      <accesscontrol/>
    </file>
    <file>
      <source>system/modules/org.opencms.ade.contenteditor/resources/contenteditor/D164AE4B2C36F7E2EC3E7B33F7880692.cache.png</source>
      <destination>system/modules/org.opencms.ade.contenteditor/resources/contenteditor/D164AE4B2C36F7E2EC3E7B33F7880692.cache.png</destination>
      <type>image</type>
      <uuidstructure>b6b4add7-99da-11e1-ad02-c5d8aa016437</uuidstructure>
      <uuidresource>b6b4add8-99da-11e1-ad02-c5d8aa016437</uuidresource>
      <datelastmodified>Wed, 09 May 2012 13:27:24 GMT</datelastmodified>
      <userlastmodified>Admin</userlastmodified>
      <datecreated>Wed, 09 May 2012 13:27:24 GMT</datecreated>
      <usercreated>Admin</usercreated>
      <flags>0</flags>
      <properties/>
      <relations/>
      <accesscontrol/>
    </file>
    <file>
      <source>system/modules/org.opencms.ade.contenteditor/resources/contenteditor/D5F586C438B34AD62B41411FC16B0579.cache.png</source>
      <destination>system/modules/org.opencms.ade.contenteditor/resources/contenteditor/D5F586C438B34AD62B41411FC16B0579.cache.png</destination>
      <type>image</type>
      <uuidstructure>b6b4add9-99da-11e1-ad02-c5d8aa016437</uuidstructure>
      <uuidresource>b6b4adda-99da-11e1-ad02-c5d8aa016437</uuidresource>
      <datelastmodified>Wed, 09 May 2012 13:27:24 GMT</datelastmodified>
      <userlastmodified>Admin</userlastmodified>
      <datecreated>Wed, 09 May 2012 13:27:24 GMT</datecreated>
      <usercreated>Admin</usercreated>
      <flags>0</flags>
      <properties/>
      <relations/>
      <accesscontrol/>
    </file>
    <file>
      <source>system/modules/org.opencms.ade.contenteditor/resources/contenteditor/DB77414A9B90F3BC2249D073D7FA8FFA.cache.png</source>
      <destination>system/modules/org.opencms.ade.contenteditor/resources/contenteditor/DB77414A9B90F3BC2249D073D7FA8FFA.cache.png</destination>
      <type>image</type>
      <uuidstructure>b6b98fdb-99da-11e1-ad02-c5d8aa016437</uuidstructure>
      <uuidresource>b6b98fdc-99da-11e1-ad02-c5d8aa016437</uuidresource>
      <datelastmodified>Wed, 09 May 2012 13:27:24 GMT</datelastmodified>
      <userlastmodified>Admin</userlastmodified>
      <datecreated>Wed, 09 May 2012 13:27:24 GMT</datecreated>
      <usercreated>Admin</usercreated>
      <flags>0</flags>
      <properties/>
      <relations/>
      <accesscontrol/>
    </file>
    <file>
      <source>system/modules/org.opencms.ade.contenteditor/resources/contenteditor/DE6D506998BC702C9DB949F7F80C8A14.cache.png</source>
      <destination>system/modules/org.opencms.ade.contenteditor/resources/contenteditor/DE6D506998BC702C9DB949F7F80C8A14.cache.png</destination>
      <type>image</type>
      <uuidstructure>b6be4acd-99da-11e1-ad02-c5d8aa016437</uuidstructure>
      <uuidresource>b6be4ace-99da-11e1-ad02-c5d8aa016437</uuidresource>
      <datelastmodified>Wed, 09 May 2012 13:27:24 GMT</datelastmodified>
      <userlastmodified>Admin</userlastmodified>
      <datecreated>Wed, 09 May 2012 13:27:24 GMT</datecreated>
      <usercreated>Admin</usercreated>
      <flags>0</flags>
      <properties/>
      <relations/>
      <accesscontrol/>
    </file>
    <file>
      <source>system/modules/org.opencms.ade.contenteditor/resources/contenteditor/E30C58794782F528AA8C1B61B8014A21.cache.png</source>
      <destination>system/modules/org.opencms.ade.contenteditor/resources/contenteditor/E30C58794782F528AA8C1B61B8014A21.cache.png</destination>
      <type>image</type>
      <uuidstructure>b6c7c0b1-99da-11e1-ad02-c5d8aa016437</uuidstructure>
      <uuidresource>b6c7c0b2-99da-11e1-ad02-c5d8aa016437</uuidresource>
      <datelastmodified>Wed, 09 May 2012 13:27:24 GMT</datelastmodified>
      <userlastmodified>Admin</userlastmodified>
      <datecreated>Wed, 09 May 2012 13:27:24 GMT</datecreated>
      <usercreated>Admin</usercreated>
      <flags>0</flags>
      <properties/>
      <relations/>
      <accesscontrol/>
    </file>
    <file>
      <source>system/modules/org.opencms.ade.contenteditor/resources/contenteditor/E5410C4FBA247FAF319663A7DFEBA0C9.cache.png</source>
      <destination>system/modules/org.opencms.ade.contenteditor/resources/contenteditor/E5410C4FBA247FAF319663A7DFEBA0C9.cache.png</destination>
      <type>image</type>
      <uuidstructure>b6ceeca5-99da-11e1-ad02-c5d8aa016437</uuidstructure>
      <uuidresource>b6d3a796-99da-11e1-ad02-c5d8aa016437</uuidresource>
      <datelastmodified>Wed, 09 May 2012 13:27:24 GMT</datelastmodified>
      <userlastmodified>Admin</userlastmodified>
      <datecreated>Wed, 09 May 2012 13:27:24 GMT</datecreated>
      <usercreated>Admin</usercreated>
      <flags>0</flags>
      <properties/>
      <relations/>
      <accesscontrol/>
    </file>
    <file>
      <source>system/modules/org.opencms.ade.contenteditor/resources/contenteditor/E0267FEB389E38FD02E5E645E654BE75.cache.html</source>
      <destination>system/modules/org.opencms.ade.contenteditor/resources/contenteditor/E0267FEB389E38FD02E5E645E654BE75.cache.html</destination>
      <type>plain</type>
      <uuidstructure>d97e901e-710d-11e2-8d84-3356797c4884</uuidstructure>
      <uuidresource>d97eb72f-710d-11e2-8d84-3356797c4884</uuidresource>
      <datelastmodified>Thu, 07 Feb 2013 10:05:07 GMT</datelastmodified>
      <userlastmodified>Admin</userlastmodified>
      <datecreated>Thu, 07 Feb 2013 10:05:07 GMT</datecreated>
      <usercreated>Admin</usercreated>
      <flags>0</flags>
      <properties/>
      <relations/>
      <accesscontrol/>
    </file>
    <file>
      <source>system/modules/org.opencms.ade.contenteditor/resources/contenteditor/FABA47515896922C62828F7194DD4D7B.cache.png</source>
      <destination>system/modules/org.opencms.ade.contenteditor/resources/contenteditor/FABA47515896922C62828F7194DD4D7B.cache.png</destination>
      <type>image</type>
      <uuidstructure>69ba402d-e530-11e1-aa5a-eb9d637e238e</uuidstructure>
      <uuidresource>69ba402e-e530-11e1-aa5a-eb9d637e238e</uuidresource>
      <datelastmodified>Mon, 13 Aug 2012 10:19:49 GMT</datelastmodified>
      <userlastmodified>Admin</userlastmodified>
      <datecreated>Mon, 13 Aug 2012 10:19:49 GMT</datecreated>
      <usercreated>Admin</usercreated>
      <flags>0</flags>
      <properties/>
      <relations/>
      <accesscontrol/>
    </file>
    <file>
      <source>system/modules/org.opencms.ade.contenteditor/resources/contenteditor/FB17FA3513A8D75A35707EEE3E8B97F8.cache.png</source>
      <destination>system/modules/org.opencms.ade.contenteditor/resources/contenteditor/FB17FA3513A8D75A35707EEE3E8B97F8.cache.png</destination>
      <type>image</type>
      <uuidstructure>faecc658-e524-11e1-801f-877e8466c61d</uuidstructure>
      <uuidresource>faecc659-e524-11e1-801f-877e8466c61d</uuidresource>
      <datelastmodified>Mon, 13 Aug 2012 08:57:58 GMT</datelastmodified>
      <userlastmodified>Admin</userlastmodified>
      <datecreated>Mon, 13 Aug 2012 08:57:58 GMT</datecreated>
      <usercreated>Admin</usercreated>
      <flags>0</flags>
      <properties/>
      <relations/>
      <accesscontrol/>
    </file>
    <file>
      <source>system/modules/org.opencms.ade.contenteditor/resources/contenteditor/hosted.html</source>
      <destination>system/modules/org.opencms.ade.contenteditor/resources/contenteditor/hosted.html</destination>
      <type>plain</type>
      <uuidstructure>b6e4707f-99da-11e1-ad02-c5d8aa016437</uuidstructure>
      <uuidresource>b6e47080-99da-11e1-ad02-c5d8aa016437</uuidresource>
      <datelastmodified>Wed, 09 May 2012 13:27:24 GMT</datelastmodified>
      <userlastmodified>Admin</userlastmodified>
      <datecreated>Wed, 09 May 2012 13:27:24 GMT</datecreated>
      <usercreated>Admin</usercreated>
      <flags>0</flags>
      <properties/>
      <relations/>
      <accesscontrol/>
    </file>
  </files>
</export>
