<?xml version="1.0" encoding="UTF-8"?>
<export>
  <info>
    <creator>Admin</creator>
    <opencms_version>8.5.0</opencms_version>
    <createdate>Tue, 19 Apr 2011 10:43:30 GMT</createdate>
    <infoproject>Offline</infoproject>
    <export_version>7</export_version>
  </info>
  <module>
    <name>org.opencms.ade.editprovider</name>
    <nicename><![CDATA[OpenCms 8 ADE toolbar direct edit provider]]></nicename>
    <group>OpenCms ADE</group>
    <class/>
    <description><![CDATA[This module contains an edit provider for the original Direct Edit which has a number of features from ADE.<br>
<i>(c) 2013 by Alkacon Software GmbH (http://www.alkacon.com).</i>]]></description>
    <version>8.5.1</version>
    <authorname><![CDATA[Alkacon Software GmbH]]></authorname>
    <authoremail><![CDATA[info@alkacon.com]]></authoremail>
    <datecreated/>
    <userinstalled/>
    <dateinstalled/>
    <dependencies>
      <dependency name="org.opencms.gwt" version="8.5.0"/>
    </dependencies>
    <exportpoints>
      <exportpoint uri="/system/modules/org.opencms.ade.editprovider/resources/" destination="resources/ade/"/>
    </exportpoints>
    <resources>
      <resource uri="/system/modules/org.opencms.ade.editprovider/"/>
    </resources>
    <parameters>
      
    <param name="gwt.buildid">20130207</param>
</parameters>
  </module>
  <files>
    <file>
      <destination>system</destination>
      <type>folder</type>
      <uuidstructure>f94b2b67-6a6c-11e0-99c4-b5cb1f655547</uuidstructure>
      <datelastmodified>Tue, 19 Apr 2011 10:08:29 GMT</datelastmodified>
      <userlastmodified>Admin</userlastmodified>
      <datecreated>Tue, 19 Apr 2011 10:08:29 GMT</datecreated>
      <usercreated>Admin</usercreated>
      <flags>0</flags>
      <properties/>
      <relations/>
      <accesscontrol>
        <accessentry>
          <uuidprincipal>ROLE.WORKPLACE_USER</uuidprincipal>
          <flags>514</flags>
          <permissionset>
            <allowed>1</allowed>
            <denied>0</denied>
          </permissionset>
        </accessentry>
      </accesscontrol>
    </file>
    <file>
      <destination>system/modules</destination>
      <type>folder</type>
      <uuidstructure>f9f48a03-6a6c-11e0-99c4-b5cb1f655547</uuidstructure>
      <datelastmodified>Tue, 19 Apr 2011 10:08:30 GMT</datelastmodified>
      <userlastmodified>Admin</userlastmodified>
      <datecreated>Tue, 19 Apr 2011 10:08:30 GMT</datecreated>
      <usercreated>Admin</usercreated>
      <flags>0</flags>
      <properties/>
      <relations/>
      <accesscontrol>
        <accessentry>
          <uuidprincipal>ROLE.WORKPLACE_USER</uuidprincipal>
          <flags>514</flags>
          <permissionset>
            <allowed>5</allowed>
            <denied>0</denied>
          </permissionset>
        </accessentry>
      </accesscontrol>
    </file>
    <file>
      <destination>system/modules/org.opencms.ade.editprovider</destination>
      <type>folder</type>
      <uuidstructure>c8b775b3-6a71-11e0-96bd-b5cb1f655547</uuidstructure>
      <datelastmodified>Tue, 19 Apr 2011 10:42:55 GMT</datelastmodified>
      <userlastmodified>Admin</userlastmodified>
      <datecreated>Tue, 19 Apr 2011 10:42:55 GMT</datecreated>
      <usercreated>Admin</usercreated>
      <flags>0</flags>
      <properties/>
      <relations/>
      <accesscontrol/>
    </file>
    <file>
      <destination>system/modules/org.opencms.ade.editprovider/elements</destination>
      <type>folder</type>
      <uuidstructure>c8b9bfa5-6a71-11e0-96bd-b5cb1f655547</uuidstructure>
      <datelastmodified>Tue, 19 Apr 2011 10:42:55 GMT</datelastmodified>
      <userlastmodified>Admin</userlastmodified>
      <datecreated>Tue, 19 Apr 2011 10:42:55 GMT</datecreated>
      <usercreated>Admin</usercreated>
      <flags>0</flags>
      <properties/>
      <relations/>
      <accesscontrol/>
    </file>
    <file>
      <source>system/modules/org.opencms.ade.editprovider/resources/</source>
      <destination>system/modules/org.opencms.ade.editprovider/resources/</destination>
      <type>folder</type>
      <uuidstructure>164a894d-910f-4489-b782-15fdad5e153f</uuidstructure>
      <datelastmodified>Tue, 19 Apr 2011 12:18:46 GMT</datelastmodified>
      <userlastmodified>Admin</userlastmodified>
      <datecreated>Tue, 19 Apr 2011 12:18:46 GMT</datecreated>
      <usercreated>Admin</usercreated>
      <flags>0</flags>
      <properties/>
      <relations/>
      <accesscontrol/>
    </file>
    <file>
      <destination>system/modules/org.opencms.ade.editprovider/resources/editprovider</destination>
      <type>folder</type>
      <uuidstructure>04d7e261-71ae-11e0-883b-cd21a79dc8d2</uuidstructure>
      <datelastmodified>Thu, 28 Apr 2011 15:41:44 GMT</datelastmodified>
      <userlastmodified>Admin</userlastmodified>
      <datecreated>Thu, 28 Apr 2011 15:41:44 GMT</datecreated>
      <usercreated>Admin</usercreated>
      <flags>0</flags>
      <properties/>
      <relations/>
      <accesscontrol/>
    </file>
    <file>
      <source>system/modules/org.opencms.ade.editprovider/resources/editprovider/0326AF455425F6065C00E0361659A798.cache.png</source>
      <destination>system/modules/org.opencms.ade.editprovider/resources/editprovider/0326AF455425F6065C00E0361659A798.cache.png</destination>
      <type>image</type>
      <uuidstructure>a2355b13-0224-11e2-894a-d93aa7f5002a</uuidstructure>
      <uuidresource>a2355b14-0224-11e2-894a-d93aa7f5002a</uuidresource>
      <datelastmodified>Wed, 19 Sep 2012 06:38:33 GMT</datelastmodified>
      <userlastmodified>Admin</userlastmodified>
      <datecreated>Wed, 19 Sep 2012 06:38:33 GMT</datecreated>
      <usercreated>Admin</usercreated>
      <flags>0</flags>
      <properties/>
      <relations/>
      <accesscontrol/>
    </file>
    <file>
      <source>system/modules/org.opencms.ade.editprovider/resources/editprovider/4A1280310FC0451EA4C8E201D470FD2A.cache.html</source>
      <destination>system/modules/org.opencms.ade.editprovider/resources/editprovider/4A1280310FC0451EA4C8E201D470FD2A.cache.html</destination>
      <type>plain</type>
      <uuidstructure>80715d6a-710e-11e2-ad6d-8ffd414561bd</uuidstructure>
      <uuidresource>8071847b-710e-11e2-ad6d-8ffd414561bd</uuidresource>
      <datelastmodified>Thu, 07 Feb 2013 10:09:47 GMT</datelastmodified>
      <userlastmodified>Admin</userlastmodified>
      <datecreated>Thu, 07 Feb 2013 10:09:47 GMT</datecreated>
      <usercreated>Admin</usercreated>
      <flags>0</flags>
      <properties/>
      <relations/>
      <accesscontrol/>
    </file>
    <file>
      <source>system/modules/org.opencms.ade.editprovider/resources/editprovider/07B79EDA917A4EB940EFF2814B61B238.cache.png</source>
      <destination>system/modules/org.opencms.ade.editprovider/resources/editprovider/07B79EDA917A4EB940EFF2814B61B238.cache.png</destination>
      <type>image</type>
      <uuidstructure>c452b28a-76ef-11e0-be8e-919f96d1d073</uuidstructure>
      <uuidresource>c452b28b-76ef-11e0-be8e-919f96d1d073</uuidresource>
      <datelastmodified>Thu, 05 May 2011 08:14:58 GMT</datelastmodified>
      <userlastmodified>Admin</userlastmodified>
      <datecreated>Thu, 05 May 2011 08:14:58 GMT</datecreated>
      <usercreated>Admin</usercreated>
      <flags>0</flags>
      <properties/>
      <relations/>
      <accesscontrol/>
    </file>
    <file>
      <source>system/modules/org.opencms.ade.editprovider/resources/editprovider/0C2636863EBF1B7E60FACEDA96D6E448.cache.gif</source>
      <destination>system/modules/org.opencms.ade.editprovider/resources/editprovider/0C2636863EBF1B7E60FACEDA96D6E448.cache.gif</destination>
      <type>image</type>
      <uuidstructure>c454fc7e-76ef-11e0-be8e-919f96d1d073</uuidstructure>
      <uuidresource>c454fc7f-76ef-11e0-be8e-919f96d1d073</uuidresource>
      <datelastmodified>Thu, 05 May 2011 08:14:58 GMT</datelastmodified>
      <userlastmodified>Admin</userlastmodified>
      <datecreated>Thu, 05 May 2011 08:14:58 GMT</datecreated>
      <usercreated>Admin</usercreated>
      <flags>0</flags>
      <properties/>
      <relations/>
      <accesscontrol/>
    </file>
    <file>
      <source>system/modules/org.opencms.ade.editprovider/resources/editprovider/0F89659FF3F324AE4116F700257E32BD.cache.gif</source>
      <destination>system/modules/org.opencms.ade.editprovider/resources/editprovider/0F89659FF3F324AE4116F700257E32BD.cache.gif</destination>
      <type>image</type>
      <uuidstructure>a2355b15-0224-11e2-894a-d93aa7f5002a</uuidstructure>
      <uuidresource>a2355b16-0224-11e2-894a-d93aa7f5002a</uuidresource>
      <datelastmodified>Wed, 19 Sep 2012 06:38:33 GMT</datelastmodified>
      <userlastmodified>Admin</userlastmodified>
      <datecreated>Wed, 19 Sep 2012 06:38:33 GMT</datecreated>
      <usercreated>Admin</usercreated>
      <flags>0</flags>
      <properties/>
      <relations/>
      <accesscontrol/>
    </file>
    <file>
      <source>system/modules/org.opencms.ade.editprovider/resources/editprovider/124DCEE507CAB7576C003C7BAF0D9924.cache.png</source>
      <destination>system/modules/org.opencms.ade.editprovider/resources/editprovider/124DCEE507CAB7576C003C7BAF0D9924.cache.png</destination>
      <type>image</type>
      <uuidstructure>c454fc80-76ef-11e0-be8e-919f96d1d073</uuidstructure>
      <uuidresource>c454fc81-76ef-11e0-be8e-919f96d1d073</uuidresource>
      <datelastmodified>Thu, 05 May 2011 08:14:58 GMT</datelastmodified>
      <userlastmodified>Admin</userlastmodified>
      <datecreated>Thu, 05 May 2011 08:14:58 GMT</datecreated>
      <usercreated>Admin</usercreated>
      <flags>0</flags>
      <properties/>
      <relations/>
      <accesscontrol/>
    </file>
    <file>
      <source>system/modules/org.opencms.ade.editprovider/resources/editprovider/130216F44FAF2CA3A53FBD439D3CA97A.cache.png</source>
      <destination>system/modules/org.opencms.ade.editprovider/resources/editprovider/130216F44FAF2CA3A53FBD439D3CA97A.cache.png</destination>
      <type>image</type>
      <uuidstructure>c454fc82-76ef-11e0-be8e-919f96d1d073</uuidstructure>
      <uuidresource>c454fc83-76ef-11e0-be8e-919f96d1d073</uuidresource>
      <datelastmodified>Thu, 05 May 2011 08:14:58 GMT</datelastmodified>
      <userlastmodified>Admin</userlastmodified>
      <datecreated>Thu, 05 May 2011 08:14:58 GMT</datecreated>
      <usercreated>Admin</usercreated>
      <flags>0</flags>
      <properties/>
      <relations/>
      <accesscontrol/>
    </file>
    <file>
      <source>system/modules/org.opencms.ade.editprovider/resources/editprovider/13D2931874E71D07F248A0CDF051CC85.cache.png</source>
      <destination>system/modules/org.opencms.ade.editprovider/resources/editprovider/13D2931874E71D07F248A0CDF051CC85.cache.png</destination>
      <type>image</type>
      <uuidstructure>a2355b17-0224-11e2-894a-d93aa7f5002a</uuidstructure>
      <uuidresource>a2355b18-0224-11e2-894a-d93aa7f5002a</uuidresource>
      <datelastmodified>Wed, 19 Sep 2012 06:38:33 GMT</datelastmodified>
      <userlastmodified>Admin</userlastmodified>
      <datecreated>Wed, 19 Sep 2012 06:38:33 GMT</datecreated>
      <usercreated>Admin</usercreated>
      <flags>0</flags>
      <properties/>
      <relations/>
      <accesscontrol/>
    </file>
    <file>
      <source>system/modules/org.opencms.ade.editprovider/resources/editprovider/157263C9722C7F5A5AD963F6B5594F87.cache.png</source>
      <destination>system/modules/org.opencms.ade.editprovider/resources/editprovider/157263C9722C7F5A5AD963F6B5594F87.cache.png</destination>
      <type>image</type>
      <uuidstructure>c454fc84-76ef-11e0-be8e-919f96d1d073</uuidstructure>
      <uuidresource>c454fc85-76ef-11e0-be8e-919f96d1d073</uuidresource>
      <datelastmodified>Thu, 05 May 2011 08:14:58 GMT</datelastmodified>
      <userlastmodified>Admin</userlastmodified>
      <datecreated>Thu, 05 May 2011 08:14:58 GMT</datecreated>
      <usercreated>Admin</usercreated>
      <flags>0</flags>
      <properties/>
      <relations/>
      <accesscontrol/>
    </file>
    <file>
      <source>system/modules/org.opencms.ade.editprovider/resources/editprovider/1BA570A78005D17EB033A5D959952436.cache.gif</source>
      <destination>system/modules/org.opencms.ade.editprovider/resources/editprovider/1BA570A78005D17EB033A5D959952436.cache.gif</destination>
      <type>image</type>
      <uuidstructure>c454fc86-76ef-11e0-be8e-919f96d1d073</uuidstructure>
      <uuidresource>c4576d87-76ef-11e0-be8e-919f96d1d073</uuidresource>
      <datelastmodified>Thu, 05 May 2011 08:14:58 GMT</datelastmodified>
      <userlastmodified>Admin</userlastmodified>
      <datecreated>Thu, 05 May 2011 08:14:58 GMT</datecreated>
      <usercreated>Admin</usercreated>
      <flags>0</flags>
      <properties/>
      <relations/>
      <accesscontrol/>
    </file>
    <file>
      <source>system/modules/org.opencms.ade.editprovider/resources/editprovider/1D0A264C2E6019D983DD72D1EE01457E.cache.png</source>
      <destination>system/modules/org.opencms.ade.editprovider/resources/editprovider/1D0A264C2E6019D983DD72D1EE01457E.cache.png</destination>
      <type>image</type>
      <uuidstructure>c4576d88-76ef-11e0-be8e-919f96d1d073</uuidstructure>
      <uuidresource>c4576d89-76ef-11e0-be8e-919f96d1d073</uuidresource>
      <datelastmodified>Thu, 05 May 2011 08:14:58 GMT</datelastmodified>
      <userlastmodified>Admin</userlastmodified>
      <datecreated>Thu, 05 May 2011 08:14:58 GMT</datecreated>
      <usercreated>Admin</usercreated>
      <flags>0</flags>
      <properties/>
      <relations/>
      <accesscontrol/>
    </file>
    <file>
      <source>system/modules/org.opencms.ade.editprovider/resources/editprovider/21998B27314C5C5FC843A89E07E05FCF.cache.png</source>
      <destination>system/modules/org.opencms.ade.editprovider/resources/editprovider/21998B27314C5C5FC843A89E07E05FCF.cache.png</destination>
      <type>image</type>
      <uuidstructure>c4576d8a-76ef-11e0-be8e-919f96d1d073</uuidstructure>
      <uuidresource>c4576d8b-76ef-11e0-be8e-919f96d1d073</uuidresource>
      <datelastmodified>Thu, 05 May 2011 08:14:58 GMT</datelastmodified>
      <userlastmodified>Admin</userlastmodified>
      <datecreated>Thu, 05 May 2011 08:14:58 GMT</datecreated>
      <usercreated>Admin</usercreated>
      <flags>0</flags>
      <properties/>
      <relations/>
      <accesscontrol/>
    </file>
    <file>
      <source>system/modules/org.opencms.ade.editprovider/resources/editprovider/223E04DC70F69BC559571D1C0E0667E5.cache.png</source>
      <destination>system/modules/org.opencms.ade.editprovider/resources/editprovider/223E04DC70F69BC559571D1C0E0667E5.cache.png</destination>
      <type>image</type>
      <uuidstructure>a237cc1b-0224-11e2-894a-d93aa7f5002a</uuidstructure>
      <uuidresource>a237cc1c-0224-11e2-894a-d93aa7f5002a</uuidresource>
      <datelastmodified>Wed, 19 Sep 2012 06:38:33 GMT</datelastmodified>
      <userlastmodified>Admin</userlastmodified>
      <datecreated>Wed, 19 Sep 2012 06:38:33 GMT</datecreated>
      <usercreated>Admin</usercreated>
      <flags>0</flags>
      <properties/>
      <relations/>
      <accesscontrol/>
    </file>
    <file>
      <source>system/modules/org.opencms.ade.editprovider/resources/editprovider/5E9357CE411BAA72DD1FDB9C12BAAE00.cache.html</source>
      <destination>system/modules/org.opencms.ade.editprovider/resources/editprovider/5E9357CE411BAA72DD1FDB9C12BAAE00.cache.html</destination>
      <type>plain</type>
      <uuidstructure>802400ae-710e-11e2-ad6d-8ffd414561bd</uuidstructure>
      <uuidresource>802475df-710e-11e2-ad6d-8ffd414561bd</uuidresource>
      <datelastmodified>Thu, 07 Feb 2013 10:09:46 GMT</datelastmodified>
      <userlastmodified>Admin</userlastmodified>
      <datecreated>Thu, 07 Feb 2013 10:09:46 GMT</datecreated>
      <usercreated>Admin</usercreated>
      <flags>0</flags>
      <properties/>
      <relations/>
      <accesscontrol/>
    </file>
    <file>
      <source>system/modules/org.opencms.ade.editprovider/resources/editprovider/2504A645642997C1DF7023CD97BFE880.cache.gif</source>
      <destination>system/modules/org.opencms.ade.editprovider/resources/editprovider/2504A645642997C1DF7023CD97BFE880.cache.gif</destination>
      <type>image</type>
      <uuidstructure>c4576d8c-76ef-11e0-be8e-919f96d1d073</uuidstructure>
      <uuidresource>c4576d8d-76ef-11e0-be8e-919f96d1d073</uuidresource>
      <datelastmodified>Thu, 05 May 2011 08:14:58 GMT</datelastmodified>
      <userlastmodified>Admin</userlastmodified>
      <datecreated>Thu, 05 May 2011 08:14:58 GMT</datecreated>
      <usercreated>Admin</usercreated>
      <flags>0</flags>
      <properties/>
      <relations/>
      <accesscontrol/>
    </file>
    <file>
      <source>system/modules/org.opencms.ade.editprovider/resources/editprovider/27246C8DD21072403777D9C61FEA16B7.gwt.rpc</source>
      <destination>system/modules/org.opencms.ade.editprovider/resources/editprovider/27246C8DD21072403777D9C61FEA16B7.gwt.rpc</destination>
      <type>plain</type>
      <uuidstructure>ca4ef2e6-66b9-11e1-9532-fdbfaa9d6f82</uuidstructure>
      <uuidresource>ca4ef2e7-66b9-11e1-9532-fdbfaa9d6f82</uuidresource>
      <datelastmodified>Mon, 05 Mar 2012 11:53:14 GMT</datelastmodified>
      <userlastmodified>Admin</userlastmodified>
      <datecreated>Mon, 05 Mar 2012 11:53:14 GMT</datecreated>
      <usercreated>Admin</usercreated>
      <flags>0</flags>
      <properties/>
      <relations/>
      <accesscontrol/>
    </file>
    <file>
      <source>system/modules/org.opencms.ade.editprovider/resources/editprovider/28876666747FD7CF017B39F122F45BFC.cache.png</source>
      <destination>system/modules/org.opencms.ade.editprovider/resources/editprovider/28876666747FD7CF017B39F122F45BFC.cache.png</destination>
      <type>image</type>
      <uuidstructure>c4576d8e-76ef-11e0-be8e-919f96d1d073</uuidstructure>
      <uuidresource>c459de8f-76ef-11e0-be8e-919f96d1d073</uuidresource>
      <datelastmodified>Thu, 05 May 2011 08:14:58 GMT</datelastmodified>
      <userlastmodified>Admin</userlastmodified>
      <datecreated>Thu, 05 May 2011 08:14:58 GMT</datecreated>
      <usercreated>Admin</usercreated>
      <flags>0</flags>
      <properties/>
      <relations/>
      <accesscontrol/>
    </file>
    <file>
      <source>system/modules/org.opencms.ade.editprovider/resources/editprovider/28900C5A986D9BEE9FC75B51403369F9.cache.png</source>
      <destination>system/modules/org.opencms.ade.editprovider/resources/editprovider/28900C5A986D9BEE9FC75B51403369F9.cache.png</destination>
      <type>image</type>
      <uuidstructure>c459de90-76ef-11e0-be8e-919f96d1d073</uuidstructure>
      <uuidresource>c459de91-76ef-11e0-be8e-919f96d1d073</uuidresource>
      <datelastmodified>Thu, 05 May 2011 08:14:58 GMT</datelastmodified>
      <userlastmodified>Admin</userlastmodified>
      <datecreated>Thu, 05 May 2011 08:14:58 GMT</datecreated>
      <usercreated>Admin</usercreated>
      <flags>0</flags>
      <properties/>
      <relations/>
      <accesscontrol/>
    </file>
    <file>
      <source>system/modules/org.opencms.ade.editprovider/resources/editprovider/2D5DCEC84E5ECEEC13AE608620DDA715.cache.png</source>
      <destination>system/modules/org.opencms.ade.editprovider/resources/editprovider/2D5DCEC84E5ECEEC13AE608620DDA715.cache.png</destination>
      <type>image</type>
      <uuidstructure>c459de94-76ef-11e0-be8e-919f96d1d073</uuidstructure>
      <uuidresource>c459de95-76ef-11e0-be8e-919f96d1d073</uuidresource>
      <datelastmodified>Thu, 05 May 2011 08:14:58 GMT</datelastmodified>
      <userlastmodified>Admin</userlastmodified>
      <datecreated>Thu, 05 May 2011 08:14:58 GMT</datecreated>
      <usercreated>Admin</usercreated>
      <flags>0</flags>
      <properties/>
      <relations/>
      <accesscontrol/>
    </file>
    <file>
      <source>system/modules/org.opencms.ade.editprovider/resources/editprovider/2DEFE4429494EC4398B219CEADD32C22.cache.png</source>
      <destination>system/modules/org.opencms.ade.editprovider/resources/editprovider/2DEFE4429494EC4398B219CEADD32C22.cache.png</destination>
      <type>image</type>
      <uuidstructure>c45c2886-76ef-11e0-be8e-919f96d1d073</uuidstructure>
      <uuidresource>c45c2887-76ef-11e0-be8e-919f96d1d073</uuidresource>
      <datelastmodified>Thu, 05 May 2011 08:14:58 GMT</datelastmodified>
      <userlastmodified>Admin</userlastmodified>
      <datecreated>Thu, 05 May 2011 08:14:58 GMT</datecreated>
      <usercreated>Admin</usercreated>
      <flags>0</flags>
      <properties/>
      <relations/>
      <accesscontrol/>
    </file>
    <file>
      <source>system/modules/org.opencms.ade.editprovider/resources/editprovider/411482A06AA8D24125DFF713C799AB41.cache.html</source>
      <destination>system/modules/org.opencms.ade.editprovider/resources/editprovider/411482A06AA8D24125DFF713C799AB41.cache.html</destination>
      <type>plain</type>
      <uuidstructure>806883c6-710e-11e2-ad6d-8ffd414561bd</uuidstructure>
      <uuidresource>8068aad7-710e-11e2-ad6d-8ffd414561bd</uuidresource>
      <datelastmodified>Thu, 07 Feb 2013 10:09:47 GMT</datelastmodified>
      <userlastmodified>Admin</userlastmodified>
      <datecreated>Thu, 07 Feb 2013 10:09:47 GMT</datecreated>
      <usercreated>Admin</usercreated>
      <flags>0</flags>
      <properties/>
      <relations/>
      <accesscontrol/>
    </file>
    <file>
      <source>system/modules/org.opencms.ade.editprovider/resources/editprovider/3E13412DD77AE068AAF96B6978824A75.cache.png</source>
      <destination>system/modules/org.opencms.ade.editprovider/resources/editprovider/3E13412DD77AE068AAF96B6978824A75.cache.png</destination>
      <type>image</type>
      <uuidstructure>a23c8713-0224-11e2-894a-d93aa7f5002a</uuidstructure>
      <uuidresource>a23c8714-0224-11e2-894a-d93aa7f5002a</uuidresource>
      <datelastmodified>Wed, 19 Sep 2012 06:38:33 GMT</datelastmodified>
      <userlastmodified>Admin</userlastmodified>
      <datecreated>Wed, 19 Sep 2012 06:38:33 GMT</datecreated>
      <usercreated>Admin</usercreated>
      <flags>0</flags>
      <properties/>
      <relations/>
      <accesscontrol/>
    </file>
    <file>
      <source>system/modules/org.opencms.ade.editprovider/resources/editprovider/3E1B3C4D2B52FD7957DA6E43F8D5D4C9.cache.png</source>
      <destination>system/modules/org.opencms.ade.editprovider/resources/editprovider/3E1B3C4D2B52FD7957DA6E43F8D5D4C9.cache.png</destination>
      <type>image</type>
      <uuidstructure>5cfab4a9-0ac3-11e1-bbd6-59b57c56cb9f</uuidstructure>
      <uuidresource>5cfab4aa-0ac3-11e1-bbd6-59b57c56cb9f</uuidresource>
      <datelastmodified>Wed, 09 Nov 2011 11:09:59 GMT</datelastmodified>
      <userlastmodified>Admin</userlastmodified>
      <datecreated>Wed, 09 Nov 2011 11:09:59 GMT</datecreated>
      <usercreated>Admin</usercreated>
      <flags>0</flags>
      <properties/>
      <relations/>
      <accesscontrol/>
    </file>
    <file>
      <source>system/modules/org.opencms.ade.editprovider/resources/editprovider/417D700D877F5E7DCC8AE5DB200F7F2A.gwt.rpc</source>
      <destination>system/modules/org.opencms.ade.editprovider/resources/editprovider/417D700D877F5E7DCC8AE5DB200F7F2A.gwt.rpc</destination>
      <type>plain</type>
      <uuidstructure>60c9b38f-28d6-11e2-b03f-9316b28cdbb9</uuidstructure>
      <uuidresource>60c9b390-28d6-11e2-b03f-9316b28cdbb9</uuidresource>
      <datelastmodified>Wed, 07 Nov 2012 12:26:38 GMT</datelastmodified>
      <userlastmodified>Admin</userlastmodified>
      <datecreated>Wed, 07 Nov 2012 12:26:38 GMT</datecreated>
      <usercreated>Admin</usercreated>
      <flags>0</flags>
      <properties/>
      <relations/>
      <accesscontrol/>
    </file>
    <file>
      <source>system/modules/org.opencms.ade.editprovider/resources/editprovider/4ED1C0B9BE23F2D66FC198C0FD3527D2.cache.png</source>
      <destination>system/modules/org.opencms.ade.editprovider/resources/editprovider/4ED1C0B9BE23F2D66FC198C0FD3527D2.cache.png</destination>
      <type>image</type>
      <uuidstructure>a23c8715-0224-11e2-894a-d93aa7f5002a</uuidstructure>
      <uuidresource>a23c8716-0224-11e2-894a-d93aa7f5002a</uuidresource>
      <datelastmodified>Wed, 19 Sep 2012 06:38:33 GMT</datelastmodified>
      <userlastmodified>Admin</userlastmodified>
      <datecreated>Wed, 19 Sep 2012 06:38:33 GMT</datecreated>
      <usercreated>Admin</usercreated>
      <flags>0</flags>
      <properties/>
      <relations/>
      <accesscontrol/>
    </file>
    <file>
      <source>system/modules/org.opencms.ade.editprovider/resources/editprovider/528F1389CBD23A696B89EF4D65007A96.cache.png</source>
      <destination>system/modules/org.opencms.ade.editprovider/resources/editprovider/528F1389CBD23A696B89EF4D65007A96.cache.png</destination>
      <type>image</type>
      <uuidstructure>c45e998e-76ef-11e0-be8e-919f96d1d073</uuidstructure>
      <uuidresource>c45e998f-76ef-11e0-be8e-919f96d1d073</uuidresource>
      <datelastmodified>Thu, 05 May 2011 08:14:58 GMT</datelastmodified>
      <userlastmodified>Admin</userlastmodified>
      <datecreated>Thu, 05 May 2011 08:14:58 GMT</datecreated>
      <usercreated>Admin</usercreated>
      <flags>0</flags>
      <properties/>
      <relations/>
      <accesscontrol/>
    </file>
    <file>
      <source>system/modules/org.opencms.ade.editprovider/resources/editprovider/55E6EF5AA7ECB5C3456D0C233F3D34A1.cache.png</source>
      <destination>system/modules/org.opencms.ade.editprovider/resources/editprovider/55E6EF5AA7ECB5C3456D0C233F3D34A1.cache.png</destination>
      <type>image</type>
      <uuidstructure>c4610a90-76ef-11e0-be8e-919f96d1d073</uuidstructure>
      <uuidresource>c4610a91-76ef-11e0-be8e-919f96d1d073</uuidresource>
      <datelastmodified>Thu, 05 May 2011 08:14:58 GMT</datelastmodified>
      <userlastmodified>Admin</userlastmodified>
      <datecreated>Thu, 05 May 2011 08:14:58 GMT</datecreated>
      <usercreated>Admin</usercreated>
      <flags>0</flags>
      <properties/>
      <relations/>
      <accesscontrol/>
    </file>
    <file>
      <source>system/modules/org.opencms.ade.editprovider/resources/editprovider/588C4DA28DB8FF451F98C17E3DB78A1B.cache.gif</source>
      <destination>system/modules/org.opencms.ade.editprovider/resources/editprovider/588C4DA28DB8FF451F98C17E3DB78A1B.cache.gif</destination>
      <type>image</type>
      <uuidstructure>60cbfd83-28d6-11e2-b03f-9316b28cdbb9</uuidstructure>
      <uuidresource>60cbfd84-28d6-11e2-b03f-9316b28cdbb9</uuidresource>
      <datelastmodified>Wed, 07 Nov 2012 12:26:38 GMT</datelastmodified>
      <userlastmodified>Admin</userlastmodified>
      <datecreated>Wed, 07 Nov 2012 12:26:38 GMT</datecreated>
      <usercreated>Admin</usercreated>
      <flags>0</flags>
      <properties/>
      <relations/>
      <accesscontrol/>
    </file>
    <file>
      <source>system/modules/org.opencms.ade.editprovider/resources/editprovider/607C234F8298753CFE48C010F4F5B7C2.cache.png</source>
      <destination>system/modules/org.opencms.ade.editprovider/resources/editprovider/607C234F8298753CFE48C010F4F5B7C2.cache.png</destination>
      <type>image</type>
      <uuidstructure>c4610a92-76ef-11e0-be8e-919f96d1d073</uuidstructure>
      <uuidresource>c4610a93-76ef-11e0-be8e-919f96d1d073</uuidresource>
      <datelastmodified>Thu, 05 May 2011 08:14:58 GMT</datelastmodified>
      <userlastmodified>Admin</userlastmodified>
      <datecreated>Thu, 05 May 2011 08:14:58 GMT</datecreated>
      <usercreated>Admin</usercreated>
      <flags>0</flags>
      <properties/>
      <relations/>
      <accesscontrol/>
    </file>
    <file>
      <source>system/modules/org.opencms.ade.editprovider/resources/editprovider/118E390C0A67C5FFA8D95D4656CACD61.cache.html</source>
      <destination>system/modules/org.opencms.ade.editprovider/resources/editprovider/118E390C0A67C5FFA8D95D4656CACD61.cache.html</destination>
      <type>plain</type>
      <uuidstructure>80395d70-710e-11e2-ad6d-8ffd414561bd</uuidstructure>
      <uuidresource>803b0b21-710e-11e2-ad6d-8ffd414561bd</uuidresource>
      <datelastmodified>Thu, 07 Feb 2013 10:09:46 GMT</datelastmodified>
      <userlastmodified>Admin</userlastmodified>
      <datecreated>Thu, 07 Feb 2013 10:09:46 GMT</datecreated>
      <usercreated>Admin</usercreated>
      <flags>0</flags>
      <properties/>
      <relations/>
      <accesscontrol/>
    </file>
    <file>
      <source>system/modules/org.opencms.ade.editprovider/resources/editprovider/614A8351A28C0A4378525F849533D3FF.gwt.rpc</source>
      <destination>system/modules/org.opencms.ade.editprovider/resources/editprovider/614A8351A28C0A4378525F849533D3FF.gwt.rpc</destination>
      <type>plain</type>
      <uuidstructure>6c9398db-92ab-11e0-9528-63a336633ac7</uuidstructure>
      <uuidresource>6c9398dc-92ab-11e0-9528-63a336633ac7</uuidresource>
      <datelastmodified>Thu, 09 Jun 2011 15:16:17 GMT</datelastmodified>
      <userlastmodified>Admin</userlastmodified>
      <datecreated>Thu, 09 Jun 2011 15:16:17 GMT</datecreated>
      <usercreated>Admin</usercreated>
      <flags>0</flags>
      <properties/>
      <relations/>
      <accesscontrol/>
    </file>
    <file>
      <source>system/modules/org.opencms.ade.editprovider/resources/editprovider/67F03376FF6E2527B53E363D94D0F88C.cache.png</source>
      <destination>system/modules/org.opencms.ade.editprovider/resources/editprovider/67F03376FF6E2527B53E363D94D0F88C.cache.png</destination>
      <type>image</type>
      <uuidstructure>c4610a96-76ef-11e0-be8e-919f96d1d073</uuidstructure>
      <uuidresource>c4610a97-76ef-11e0-be8e-919f96d1d073</uuidresource>
      <datelastmodified>Thu, 05 May 2011 08:14:58 GMT</datelastmodified>
      <userlastmodified>Admin</userlastmodified>
      <datecreated>Thu, 05 May 2011 08:14:58 GMT</datecreated>
      <usercreated>Admin</usercreated>
      <flags>0</flags>
      <properties/>
      <relations/>
      <accesscontrol/>
    </file>
    <file>
      <source>system/modules/org.opencms.ade.editprovider/resources/editprovider/68007ADE137131ED0FF40540F74FEF7C.cache.png</source>
      <destination>system/modules/org.opencms.ade.editprovider/resources/editprovider/68007ADE137131ED0FF40540F74FEF7C.cache.png</destination>
      <type>image</type>
      <uuidstructure>c8093903-2fc0-11e2-9fa1-b33f9d57d633</uuidstructure>
      <uuidresource>c8093904-2fc0-11e2-9fa1-b33f9d57d633</uuidresource>
      <datelastmodified>Fri, 16 Nov 2012 07:39:41 GMT</datelastmodified>
      <userlastmodified>Admin</userlastmodified>
      <datecreated>Fri, 16 Nov 2012 07:39:41 GMT</datecreated>
      <usercreated>Admin</usercreated>
      <flags>0</flags>
      <properties/>
      <relations/>
      <accesscontrol/>
    </file>
    <file>
      <destination>system/modules/org.opencms.ade.editprovider/resources/editprovider/6C2B5BDF0A7B5F0A11DB17A1F8A75A56.cache.ico</destination>
      <type>folder</type>
      <uuidstructure>60ce6e85-28d6-11e2-b03f-9316b28cdbb9</uuidstructure>
      <uuidresource>60ce6e86-28d6-11e2-b03f-9316b28cdbb9</uuidresource>
      <datelastmodified>Wed, 07 Nov 2012 12:26:38 GMT</datelastmodified>
      <userlastmodified>Admin</userlastmodified>
      <datecreated>Wed, 07 Nov 2012 12:26:38 GMT</datecreated>
      <usercreated>Admin</usercreated>
      <flags>0</flags>
      <properties/>
      <relations/>
      <accesscontrol/>
    </file>
    <file>
      <source>system/modules/org.opencms.ade.editprovider/resources/editprovider/969DCC69FCBAC52C483BD673F149A506.cache.html</source>
      <destination>system/modules/org.opencms.ade.editprovider/resources/editprovider/969DCC69FCBAC52C483BD673F149A506.cache.html</destination>
      <type>plain</type>
      <uuidstructure>805b1644-710e-11e2-ad6d-8ffd414561bd</uuidstructure>
      <uuidresource>805b6465-710e-11e2-ad6d-8ffd414561bd</uuidresource>
      <datelastmodified>Thu, 07 Feb 2013 10:09:47 GMT</datelastmodified>
      <userlastmodified>Admin</userlastmodified>
      <datecreated>Thu, 07 Feb 2013 10:09:47 GMT</datecreated>
      <usercreated>Admin</usercreated>
      <flags>0</flags>
      <properties/>
      <relations/>
      <accesscontrol/>
    </file>
    <file>
      <source>system/modules/org.opencms.ade.editprovider/resources/editprovider/6D49AA540BF48A6BC5BB40598BB369C1.cache.png</source>
      <destination>system/modules/org.opencms.ade.editprovider/resources/editprovider/6D49AA540BF48A6BC5BB40598BB369C1.cache.png</destination>
      <type>image</type>
      <uuidstructure>c4635488-76ef-11e0-be8e-919f96d1d073</uuidstructure>
      <uuidresource>c4635489-76ef-11e0-be8e-919f96d1d073</uuidresource>
      <datelastmodified>Thu, 05 May 2011 08:14:58 GMT</datelastmodified>
      <userlastmodified>Admin</userlastmodified>
      <datecreated>Thu, 05 May 2011 08:14:58 GMT</datecreated>
      <usercreated>Admin</usercreated>
      <flags>0</flags>
      <properties/>
      <relations/>
      <accesscontrol/>
    </file>
    <file>
      <source>system/modules/org.opencms.ade.editprovider/resources/editprovider/7E76FDCA9138C1F6988CF904B0281C64.cache.gif</source>
      <destination>system/modules/org.opencms.ade.editprovider/resources/editprovider/7E76FDCA9138C1F6988CF904B0281C64.cache.gif</destination>
      <type>image</type>
      <uuidstructure>c463548a-76ef-11e0-be8e-919f96d1d073</uuidstructure>
      <uuidresource>c463548b-76ef-11e0-be8e-919f96d1d073</uuidresource>
      <datelastmodified>Thu, 05 May 2011 08:14:58 GMT</datelastmodified>
      <userlastmodified>Admin</userlastmodified>
      <datecreated>Thu, 05 May 2011 08:14:58 GMT</datecreated>
      <usercreated>Admin</usercreated>
      <flags>0</flags>
      <properties/>
      <relations/>
      <accesscontrol/>
    </file>
    <file>
      <source>system/modules/org.opencms.ade.editprovider/resources/editprovider/806F8EE738687B189D7F262612700F41.cache.gif</source>
      <destination>system/modules/org.opencms.ade.editprovider/resources/editprovider/806F8EE738687B189D7F262612700F41.cache.gif</destination>
      <type>image</type>
      <uuidstructure>a23ed10b-0224-11e2-894a-d93aa7f5002a</uuidstructure>
      <uuidresource>a23ed10c-0224-11e2-894a-d93aa7f5002a</uuidresource>
      <datelastmodified>Wed, 19 Sep 2012 06:38:33 GMT</datelastmodified>
      <userlastmodified>Admin</userlastmodified>
      <datecreated>Wed, 19 Sep 2012 06:38:33 GMT</datecreated>
      <usercreated>Admin</usercreated>
      <flags>0</flags>
      <properties/>
      <relations/>
      <accesscontrol/>
    </file>
    <file>
      <source>system/modules/org.opencms.ade.editprovider/resources/editprovider/8AA3C50791DF9AA6DC608FDE692C9390.cache.gif</source>
      <destination>system/modules/org.opencms.ade.editprovider/resources/editprovider/8AA3C50791DF9AA6DC608FDE692C9390.cache.gif</destination>
      <type>image</type>
      <uuidstructure>c463548c-76ef-11e0-be8e-919f96d1d073</uuidstructure>
      <uuidresource>c465c58d-76ef-11e0-be8e-919f96d1d073</uuidresource>
      <datelastmodified>Thu, 05 May 2011 08:14:58 GMT</datelastmodified>
      <userlastmodified>Admin</userlastmodified>
      <datecreated>Thu, 05 May 2011 08:14:58 GMT</datecreated>
      <usercreated>Admin</usercreated>
      <flags>0</flags>
      <properties/>
      <relations/>
      <accesscontrol/>
    </file>
    <file>
      <source>system/modules/org.opencms.ade.editprovider/resources/editprovider/8FBDBF2C058ACA8C7B7681D8E5194E8B.cache.png</source>
      <destination>system/modules/org.opencms.ade.editprovider/resources/editprovider/8FBDBF2C058ACA8C7B7681D8E5194E8B.cache.png</destination>
      <type>image</type>
      <uuidstructure>c465c58e-76ef-11e0-be8e-919f96d1d073</uuidstructure>
      <uuidresource>c465c58f-76ef-11e0-be8e-919f96d1d073</uuidresource>
      <datelastmodified>Thu, 05 May 2011 08:14:58 GMT</datelastmodified>
      <userlastmodified>Admin</userlastmodified>
      <datecreated>Thu, 05 May 2011 08:14:58 GMT</datecreated>
      <usercreated>Admin</usercreated>
      <flags>0</flags>
      <properties/>
      <relations/>
      <accesscontrol/>
    </file>
    <file>
      <source>system/modules/org.opencms.ade.editprovider/resources/editprovider/90583D1788B44DDC496D964A8FC3C94F.cache.png</source>
      <destination>system/modules/org.opencms.ade.editprovider/resources/editprovider/90583D1788B44DDC496D964A8FC3C94F.cache.png</destination>
      <type>image</type>
      <uuidstructure>c465c590-76ef-11e0-be8e-919f96d1d073</uuidstructure>
      <uuidresource>c465c591-76ef-11e0-be8e-919f96d1d073</uuidresource>
      <datelastmodified>Thu, 05 May 2011 08:14:58 GMT</datelastmodified>
      <userlastmodified>Admin</userlastmodified>
      <datecreated>Thu, 05 May 2011 08:14:58 GMT</datecreated>
      <usercreated>Admin</usercreated>
      <flags>0</flags>
      <properties/>
      <relations/>
      <accesscontrol/>
    </file>
    <file>
      <source>system/modules/org.opencms.ade.editprovider/resources/editprovider/9B56DF4CD68CC5BCB6821A8DE7E4830C.cache.gif</source>
      <destination>system/modules/org.opencms.ade.editprovider/resources/editprovider/9B56DF4CD68CC5BCB6821A8DE7E4830C.cache.gif</destination>
      <type>image</type>
      <uuidstructure>c465c592-76ef-11e0-be8e-919f96d1d073</uuidstructure>
      <uuidresource>c465c593-76ef-11e0-be8e-919f96d1d073</uuidresource>
      <datelastmodified>Thu, 05 May 2011 08:14:58 GMT</datelastmodified>
      <userlastmodified>Admin</userlastmodified>
      <datecreated>Thu, 05 May 2011 08:14:58 GMT</datecreated>
      <usercreated>Admin</usercreated>
      <flags>0</flags>
      <properties/>
      <relations/>
      <accesscontrol/>
    </file>
    <file>
      <source>system/modules/org.opencms.ade.editprovider/resources/editprovider/9C084B18DE6C5D4F831AAA6137CBD5BF.gwt.rpc</source>
      <destination>system/modules/org.opencms.ade.editprovider/resources/editprovider/9C084B18DE6C5D4F831AAA6137CBD5BF.gwt.rpc</destination>
      <type>plain</type>
      <uuidstructure>a241420f-0224-11e2-894a-d93aa7f5002a</uuidstructure>
      <uuidresource>a2414210-0224-11e2-894a-d93aa7f5002a</uuidresource>
      <datelastmodified>Wed, 19 Sep 2012 06:38:33 GMT</datelastmodified>
      <userlastmodified>Admin</userlastmodified>
      <datecreated>Wed, 19 Sep 2012 06:38:33 GMT</datecreated>
      <usercreated>Admin</usercreated>
      <flags>0</flags>
      <properties/>
      <relations/>
      <accesscontrol/>
    </file>
    <file>
      <source>system/modules/org.opencms.ade.editprovider/resources/editprovider/A3E30CCBF7AFC58EDCC069857295C9EA.cache.png</source>
      <destination>system/modules/org.opencms.ade.editprovider/resources/editprovider/A3E30CCBF7AFC58EDCC069857295C9EA.cache.png</destination>
      <type>image</type>
      <uuidstructure>c4680f86-76ef-11e0-be8e-919f96d1d073</uuidstructure>
      <uuidresource>c4680f87-76ef-11e0-be8e-919f96d1d073</uuidresource>
      <datelastmodified>Thu, 05 May 2011 08:14:58 GMT</datelastmodified>
      <userlastmodified>Admin</userlastmodified>
      <datecreated>Thu, 05 May 2011 08:14:58 GMT</datecreated>
      <usercreated>Admin</usercreated>
      <flags>0</flags>
      <properties/>
      <relations/>
      <accesscontrol/>
    </file>
    <file>
      <source>system/modules/org.opencms.ade.editprovider/resources/editprovider/A561A3D036C6711C97A1ACB01B3E9688.cache.png</source>
      <destination>system/modules/org.opencms.ade.editprovider/resources/editprovider/A561A3D036C6711C97A1ACB01B3E9688.cache.png</destination>
      <type>image</type>
      <uuidstructure>c4680f88-76ef-11e0-be8e-919f96d1d073</uuidstructure>
      <uuidresource>c4680f89-76ef-11e0-be8e-919f96d1d073</uuidresource>
      <datelastmodified>Thu, 05 May 2011 08:14:58 GMT</datelastmodified>
      <userlastmodified>Admin</userlastmodified>
      <datecreated>Thu, 05 May 2011 08:14:58 GMT</datecreated>
      <usercreated>Admin</usercreated>
      <flags>0</flags>
      <properties/>
      <relations/>
      <accesscontrol/>
    </file>
    <file>
      <source>system/modules/org.opencms.ade.editprovider/resources/editprovider/AB193F88C59FE43073B7E3554AE1E4E1.cache.png</source>
      <destination>system/modules/org.opencms.ade.editprovider/resources/editprovider/AB193F88C59FE43073B7E3554AE1E4E1.cache.png</destination>
      <type>image</type>
      <uuidstructure>c46a808c-76ef-11e0-be8e-919f96d1d073</uuidstructure>
      <uuidresource>c46a808d-76ef-11e0-be8e-919f96d1d073</uuidresource>
      <datelastmodified>Thu, 05 May 2011 08:14:58 GMT</datelastmodified>
      <userlastmodified>Admin</userlastmodified>
      <datecreated>Thu, 05 May 2011 08:14:58 GMT</datecreated>
      <usercreated>Admin</usercreated>
      <flags>0</flags>
      <properties/>
      <relations/>
      <accesscontrol/>
    </file>
    <file>
      <source>system/modules/org.opencms.ade.editprovider/resources/editprovider/AB196D9D7834625802449A82C5811B43.cache.png</source>
      <destination>system/modules/org.opencms.ade.editprovider/resources/editprovider/AB196D9D7834625802449A82C5811B43.cache.png</destination>
      <type>image</type>
      <uuidstructure>a243b313-0224-11e2-894a-d93aa7f5002a</uuidstructure>
      <uuidresource>a243b314-0224-11e2-894a-d93aa7f5002a</uuidresource>
      <datelastmodified>Wed, 19 Sep 2012 06:38:33 GMT</datelastmodified>
      <userlastmodified>Admin</userlastmodified>
      <datecreated>Wed, 19 Sep 2012 06:38:33 GMT</datecreated>
      <usercreated>Admin</usercreated>
      <flags>0</flags>
      <properties/>
      <relations/>
      <accesscontrol/>
    </file>
    <file>
      <source>system/modules/org.opencms.ade.editprovider/resources/editprovider/BBE79FE9C388A062A6B594894C4044E8.cache.png</source>
      <destination>system/modules/org.opencms.ade.editprovider/resources/editprovider/BBE79FE9C388A062A6B594894C4044E8.cache.png</destination>
      <type>image</type>
      <uuidstructure>c46cf18e-76ef-11e0-be8e-919f96d1d073</uuidstructure>
      <uuidresource>c46cf18f-76ef-11e0-be8e-919f96d1d073</uuidresource>
      <datelastmodified>Thu, 05 May 2011 08:14:58 GMT</datelastmodified>
      <userlastmodified>Admin</userlastmodified>
      <datecreated>Thu, 05 May 2011 08:14:58 GMT</datecreated>
      <usercreated>Admin</usercreated>
      <flags>0</flags>
      <properties/>
      <relations/>
      <accesscontrol/>
    </file>
    <file>
      <source>system/modules/org.opencms.ade.editprovider/resources/editprovider/BC31847090F12A42F8370C7772D75499.cache.gif</source>
      <destination>system/modules/org.opencms.ade.editprovider/resources/editprovider/BC31847090F12A42F8370C7772D75499.cache.gif</destination>
      <type>image</type>
      <uuidstructure>c46cf190-76ef-11e0-be8e-919f96d1d073</uuidstructure>
      <uuidresource>c46cf191-76ef-11e0-be8e-919f96d1d073</uuidresource>
      <datelastmodified>Thu, 05 May 2011 08:14:58 GMT</datelastmodified>
      <userlastmodified>Admin</userlastmodified>
      <datecreated>Thu, 05 May 2011 08:14:58 GMT</datecreated>
      <usercreated>Admin</usercreated>
      <flags>0</flags>
      <properties/>
      <relations/>
      <accesscontrol/>
    </file>
    <file>
      <source>system/modules/org.opencms.ade.editprovider/resources/editprovider/BC4060A672A6E9FEC3C40F408301EFC6.cache.png</source>
      <destination>system/modules/org.opencms.ade.editprovider/resources/editprovider/BC4060A672A6E9FEC3C40F408301EFC6.cache.png</destination>
      <type>image</type>
      <uuidstructure>c46f3a82-76ef-11e0-be8e-919f96d1d073</uuidstructure>
      <uuidresource>c46f3a83-76ef-11e0-be8e-919f96d1d073</uuidresource>
      <datelastmodified>Thu, 05 May 2011 08:14:58 GMT</datelastmodified>
      <userlastmodified>Admin</userlastmodified>
      <datecreated>Thu, 05 May 2011 08:14:58 GMT</datecreated>
      <usercreated>Admin</usercreated>
      <flags>0</flags>
      <properties/>
      <relations/>
      <accesscontrol/>
    </file>
    <file>
      <source>system/modules/org.opencms.ade.editprovider/resources/editprovider/C4E7AE2AFCDCAD9F4590E02BBF69A6EA.cache.gif</source>
      <destination>system/modules/org.opencms.ade.editprovider/resources/editprovider/C4E7AE2AFCDCAD9F4590E02BBF69A6EA.cache.gif</destination>
      <type>image</type>
      <uuidstructure>c46f3a84-76ef-11e0-be8e-919f96d1d073</uuidstructure>
      <uuidresource>c46f3a85-76ef-11e0-be8e-919f96d1d073</uuidresource>
      <datelastmodified>Thu, 05 May 2011 08:14:58 GMT</datelastmodified>
      <userlastmodified>Admin</userlastmodified>
      <datecreated>Thu, 05 May 2011 08:14:58 GMT</datecreated>
      <usercreated>Admin</usercreated>
      <flags>0</flags>
      <properties/>
      <relations/>
      <accesscontrol/>
    </file>
    <file>
      <source>system/modules/org.opencms.ade.editprovider/resources/editprovider/968E71C41FAB313E90501BDC853883C1.cache.html</source>
      <destination>system/modules/org.opencms.ade.editprovider/resources/editprovider/968E71C41FAB313E90501BDC853883C1.cache.html</destination>
      <type>plain</type>
      <uuidstructure>804c7042-710e-11e2-ad6d-8ffd414561bd</uuidstructure>
      <uuidresource>804cbe63-710e-11e2-ad6d-8ffd414561bd</uuidresource>
      <datelastmodified>Thu, 07 Feb 2013 10:09:47 GMT</datelastmodified>
      <userlastmodified>Admin</userlastmodified>
      <datecreated>Thu, 07 Feb 2013 10:09:47 GMT</datecreated>
      <usercreated>Admin</usercreated>
      <flags>0</flags>
      <properties/>
      <relations/>
      <accesscontrol/>
    </file>
    <file>
      <source>system/modules/org.opencms.ade.editprovider/resources/editprovider/C62A1C906AE595C56C586D0305BB6C50.cache.gif</source>
      <destination>system/modules/org.opencms.ade.editprovider/resources/editprovider/C62A1C906AE595C56C586D0305BB6C50.cache.gif</destination>
      <type>image</type>
      <uuidstructure>c46f3a86-76ef-11e0-be8e-919f96d1d073</uuidstructure>
      <uuidresource>c46f3a87-76ef-11e0-be8e-919f96d1d073</uuidresource>
      <datelastmodified>Thu, 05 May 2011 08:14:58 GMT</datelastmodified>
      <userlastmodified>Admin</userlastmodified>
      <datecreated>Thu, 05 May 2011 08:14:58 GMT</datecreated>
      <usercreated>Admin</usercreated>
      <flags>0</flags>
      <properties/>
      <relations/>
      <accesscontrol/>
    </file>
    <file>
      <source>system/modules/org.opencms.ade.editprovider/resources/editprovider/CD452626E44B1D27115781B923D2F971.cache.png</source>
      <destination>system/modules/org.opencms.ade.editprovider/resources/editprovider/CD452626E44B1D27115781B923D2F971.cache.png</destination>
      <type>image</type>
      <uuidstructure>c471ab8a-76ef-11e0-be8e-919f96d1d073</uuidstructure>
      <uuidresource>c471ab8b-76ef-11e0-be8e-919f96d1d073</uuidresource>
      <datelastmodified>Thu, 05 May 2011 08:14:58 GMT</datelastmodified>
      <userlastmodified>Admin</userlastmodified>
      <datecreated>Thu, 05 May 2011 08:14:58 GMT</datecreated>
      <usercreated>Admin</usercreated>
      <flags>0</flags>
      <properties/>
      <relations/>
      <accesscontrol/>
    </file>
    <file>
      <source>system/modules/org.opencms.ade.editprovider/resources/editprovider/clear.cache.gif</source>
      <destination>system/modules/org.opencms.ade.editprovider/resources/editprovider/clear.cache.gif</destination>
      <type>image</type>
      <uuidstructure>a2079221-71b1-11e0-bb3d-7d4173ac7431</uuidstructure>
      <uuidresource>a2079222-71b1-11e0-bb3d-7d4173ac7431</uuidresource>
      <datelastmodified>Thu, 28 Apr 2011 16:07:36 GMT</datelastmodified>
      <userlastmodified>Admin</userlastmodified>
      <datecreated>Thu, 28 Apr 2011 16:07:36 GMT</datecreated>
      <usercreated>Admin</usercreated>
      <flags>0</flags>
      <properties/>
      <relations/>
      <accesscontrol/>
    </file>
    <file>
      <source>system/modules/org.opencms.ade.editprovider/resources/editprovider/D164AE4B2C36F7E2EC3E7B33F7880692.cache.png</source>
      <destination>system/modules/org.opencms.ade.editprovider/resources/editprovider/D164AE4B2C36F7E2EC3E7B33F7880692.cache.png</destination>
      <type>image</type>
      <uuidstructure>5d01e0a5-0ac3-11e1-bbd6-59b57c56cb9f</uuidstructure>
      <uuidresource>5d01e0a6-0ac3-11e1-bbd6-59b57c56cb9f</uuidresource>
      <datelastmodified>Wed, 09 Nov 2011 11:09:59 GMT</datelastmodified>
      <userlastmodified>Admin</userlastmodified>
      <datecreated>Wed, 09 Nov 2011 11:09:59 GMT</datecreated>
      <usercreated>Admin</usercreated>
      <flags>0</flags>
      <properties/>
      <relations/>
      <accesscontrol/>
    </file>
    <file>
      <source>system/modules/org.opencms.ade.editprovider/resources/editprovider/D5F586C438B34AD62B41411FC16B0579.cache.png</source>
      <destination>system/modules/org.opencms.ade.editprovider/resources/editprovider/D5F586C438B34AD62B41411FC16B0579.cache.png</destination>
      <type>image</type>
      <uuidstructure>c4741c8e-76ef-11e0-be8e-919f96d1d073</uuidstructure>
      <uuidresource>c4741c8f-76ef-11e0-be8e-919f96d1d073</uuidresource>
      <datelastmodified>Thu, 05 May 2011 08:14:58 GMT</datelastmodified>
      <userlastmodified>Admin</userlastmodified>
      <datecreated>Thu, 05 May 2011 08:14:58 GMT</datecreated>
      <usercreated>Admin</usercreated>
      <flags>0</flags>
      <properties/>
      <relations/>
      <accesscontrol/>
    </file>
    <file>
      <source>system/modules/org.opencms.ade.editprovider/resources/editprovider/DB77414A9B90F3BC2249D073D7FA8FFA.cache.png</source>
      <destination>system/modules/org.opencms.ade.editprovider/resources/editprovider/DB77414A9B90F3BC2249D073D7FA8FFA.cache.png</destination>
      <type>image</type>
      <uuidstructure>c4766682-76ef-11e0-be8e-919f96d1d073</uuidstructure>
      <uuidresource>c4766683-76ef-11e0-be8e-919f96d1d073</uuidresource>
      <datelastmodified>Thu, 05 May 2011 08:14:58 GMT</datelastmodified>
      <userlastmodified>Admin</userlastmodified>
      <datecreated>Thu, 05 May 2011 08:14:58 GMT</datecreated>
      <usercreated>Admin</usercreated>
      <flags>0</flags>
      <properties/>
      <relations/>
      <accesscontrol/>
    </file>
    <file>
      <source>system/modules/org.opencms.ade.editprovider/resources/editprovider/B87488E5B6159F65F2A8F1E884EFD07B.cache.html</source>
      <destination>system/modules/org.opencms.ade.editprovider/resources/editprovider/B87488E5B6159F65F2A8F1E884EFD07B.cache.html</destination>
      <type>plain</type>
      <uuidstructure>806d8cd8-710e-11e2-ad6d-8ffd414561bd</uuidstructure>
      <uuidresource>806db3e9-710e-11e2-ad6d-8ffd414561bd</uuidresource>
      <datelastmodified>Thu, 07 Feb 2013 10:09:47 GMT</datelastmodified>
      <userlastmodified>Admin</userlastmodified>
      <datecreated>Thu, 07 Feb 2013 10:09:47 GMT</datecreated>
      <usercreated>Admin</usercreated>
      <flags>0</flags>
      <properties/>
      <relations/>
      <accesscontrol/>
    </file>
    <file>
      <source>system/modules/org.opencms.ade.editprovider/resources/editprovider/DE6D506998BC702C9DB949F7F80C8A14.cache.png</source>
      <destination>system/modules/org.opencms.ade.editprovider/resources/editprovider/DE6D506998BC702C9DB949F7F80C8A14.cache.png</destination>
      <type>image</type>
      <uuidstructure>c4766684-76ef-11e0-be8e-919f96d1d073</uuidstructure>
      <uuidresource>c4766685-76ef-11e0-be8e-919f96d1d073</uuidresource>
      <datelastmodified>Thu, 05 May 2011 08:14:58 GMT</datelastmodified>
      <userlastmodified>Admin</userlastmodified>
      <datecreated>Thu, 05 May 2011 08:14:58 GMT</datecreated>
      <usercreated>Admin</usercreated>
      <flags>0</flags>
      <properties/>
      <relations/>
      <accesscontrol/>
    </file>
    <file>
      <source>system/modules/org.opencms.ade.editprovider/resources/editprovider/E30C58794782F528AA8C1B61B8014A21.cache.png</source>
      <destination>system/modules/org.opencms.ade.editprovider/resources/editprovider/E30C58794782F528AA8C1B61B8014A21.cache.png</destination>
      <type>image</type>
      <uuidstructure>c478d788-76ef-11e0-be8e-919f96d1d073</uuidstructure>
      <uuidresource>c478d789-76ef-11e0-be8e-919f96d1d073</uuidresource>
      <datelastmodified>Thu, 05 May 2011 08:14:58 GMT</datelastmodified>
      <userlastmodified>Admin</userlastmodified>
      <datecreated>Thu, 05 May 2011 08:14:58 GMT</datecreated>
      <usercreated>Admin</usercreated>
      <flags>0</flags>
      <properties/>
      <relations/>
      <accesscontrol/>
    </file>
    <file>
      <source>system/modules/org.opencms.ade.editprovider/resources/editprovider/E5410C4FBA247FAF319663A7DFEBA0C9.cache.png</source>
      <destination>system/modules/org.opencms.ade.editprovider/resources/editprovider/E5410C4FBA247FAF319663A7DFEBA0C9.cache.png</destination>
      <type>image</type>
      <uuidstructure>c47b217c-76ef-11e0-be8e-919f96d1d073</uuidstructure>
      <uuidresource>c47b217d-76ef-11e0-be8e-919f96d1d073</uuidresource>
      <datelastmodified>Thu, 05 May 2011 08:14:58 GMT</datelastmodified>
      <userlastmodified>Admin</userlastmodified>
      <datecreated>Thu, 05 May 2011 08:14:58 GMT</datecreated>
      <usercreated>Admin</usercreated>
      <flags>0</flags>
      <properties/>
      <relations/>
      <accesscontrol/>
    </file>
    <file>
      <source>system/modules/org.opencms.ade.editprovider/resources/editprovider/editprovider.nocache.js</source>
      <destination>system/modules/org.opencms.ade.editprovider/resources/editprovider/editprovider.nocache.js</destination>
      <type>plain</type>
      <uuidstructure>a2110813-71b1-11e0-bb3d-7d4173ac7431</uuidstructure>
      <uuidresource>a2110814-71b1-11e0-bb3d-7d4173ac7431</uuidresource>
      <datelastmodified>Thu, 28 Apr 2011 16:07:36 GMT</datelastmodified>
      <userlastmodified>Admin</userlastmodified>
      <datecreated>Thu, 28 Apr 2011 16:07:36 GMT</datecreated>
      <usercreated>Admin</usercreated>
      <flags>0</flags>
      <properties/>
      <relations/>
      <accesscontrol/>
    </file>
    <file>
      <source>system/modules/org.opencms.ade.editprovider/resources/editprovider/F5E19CF37E950AEA3856EAC6CF4E170D.gwt.rpc</source>
      <destination>system/modules/org.opencms.ade.editprovider/resources/editprovider/F5E19CF37E950AEA3856EAC6CF4E170D.gwt.rpc</destination>
      <type>plain</type>
      <uuidstructure>60d59a83-28d6-11e2-b03f-9316b28cdbb9</uuidstructure>
      <uuidresource>60d59a84-28d6-11e2-b03f-9316b28cdbb9</uuidresource>
      <datelastmodified>Wed, 07 Nov 2012 12:26:38 GMT</datelastmodified>
      <userlastmodified>Admin</userlastmodified>
      <datecreated>Wed, 07 Nov 2012 12:26:38 GMT</datecreated>
      <usercreated>Admin</usercreated>
      <flags>0</flags>
      <properties/>
      <relations/>
      <accesscontrol/>
    </file>
    <file>
      <source>system/modules/org.opencms.ade.editprovider/resources/editprovider/FABA47515896922C62828F7194DD4D7B.cache.png</source>
      <destination>system/modules/org.opencms.ade.editprovider/resources/editprovider/FABA47515896922C62828F7194DD4D7B.cache.png</destination>
      <type>image</type>
      <uuidstructure>a245fd09-0224-11e2-894a-d93aa7f5002a</uuidstructure>
      <uuidresource>a245fd0a-0224-11e2-894a-d93aa7f5002a</uuidresource>
      <datelastmodified>Wed, 19 Sep 2012 06:38:33 GMT</datelastmodified>
      <userlastmodified>Admin</userlastmodified>
      <datecreated>Wed, 19 Sep 2012 06:38:33 GMT</datecreated>
      <usercreated>Admin</usercreated>
      <flags>0</flags>
      <properties/>
      <relations/>
      <accesscontrol/>
    </file>
    <file>
      <source>system/modules/org.opencms.ade.editprovider/resources/editprovider/FB17FA3513A8D75A35707EEE3E8B97F8.cache.png</source>
      <destination>system/modules/org.opencms.ade.editprovider/resources/editprovider/FB17FA3513A8D75A35707EEE3E8B97F8.cache.png</destination>
      <type>image</type>
      <uuidstructure>a2486e0b-0224-11e2-894a-d93aa7f5002a</uuidstructure>
      <uuidresource>a2486e0c-0224-11e2-894a-d93aa7f5002a</uuidresource>
      <datelastmodified>Wed, 19 Sep 2012 06:38:33 GMT</datelastmodified>
      <userlastmodified>Admin</userlastmodified>
      <datecreated>Wed, 19 Sep 2012 06:38:33 GMT</datecreated>
      <usercreated>Admin</usercreated>
      <flags>0</flags>
      <properties/>
      <relations/>
      <accesscontrol/>
    </file>
    <file>
      <source>system/modules/org.opencms.ade.editprovider/resources/editprovider/hosted.html</source>
      <destination>system/modules/org.opencms.ade.editprovider/resources/editprovider/hosted.html</destination>
      <type>plain</type>
      <uuidstructure>a2137919-71b1-11e0-bb3d-7d4173ac7431</uuidstructure>
      <uuidresource>a213791a-71b1-11e0-bb3d-7d4173ac7431</uuidresource>
      <datelastmodified>Thu, 28 Apr 2011 16:07:36 GMT</datelastmodified>
      <userlastmodified>Admin</userlastmodified>
      <datecreated>Thu, 28 Apr 2011 16:07:36 GMT</datecreated>
      <usercreated>Admin</usercreated>
      <flags>0</flags>
      <properties/>
      <relations/>
      <accesscontrol/>
    </file>
  </files>
</export>
