<?xml version="1.0" encoding="UTF-8"?>
<export>
  <info>
    <creator>Admin</creator>
    <opencms_version>8.5.0</opencms_version>
    <createdate>Fri, 02 Nov 2012 11:33:14 GMT</createdate>
    <infoproject>Offline</infoproject>
    <export_version>7</export_version>
  </info>
  <module>
    <name>org.opencms.ade.properties</name>
    <nicename><![CDATA[ADE Property dialog]]></nicename>
    <group>OpenCms ADE</group>
    <class/>
    <description><![CDATA[This module provides the properties dialog for the workplace.<br>
<i>(c) 2013 by Alkacon Software GmbH (http://www.alkacon.com).</i>]]></description>
    <version>8.5.1</version>
    <authorname><![CDATA[Alkacon Software GmbH]]></authorname>
    <authoremail><![CDATA[sales@alkacon.com]]></authoremail>
    <datecreated/>
    <userinstalled/>
    <dateinstalled/>
    <dependencies/>
    <exportpoints>
      <exportpoint uri="/system/modules/org.opencms.ade.properties/resources/" destination="resources/ade/"/>
    </exportpoints>
    <resources>
      <resource uri="/system/modules/org.opencms.ade.properties/"/>
    </resources>
    <parameters>
      
    <param name="gwt.buildid">20130207</param>
</parameters>
  </module>
  <files>
    <file>
      <destination>system</destination>
      <type>folder</type>
      <uuidstructure>834752a9-1dbd-11e2-9701-59be2b399239</uuidstructure>
      <datelastmodified>Wed, 24 Oct 2012 09:30:56 GMT</datelastmodified>
      <userlastmodified>Admin</userlastmodified>
      <datecreated>Wed, 24 Oct 2012 09:30:56 GMT</datecreated>
      <usercreated>Admin</usercreated>
      <flags>0</flags>
      <properties/>
      <relations/>
      <accesscontrol>
        <accessentry>
          <uuidprincipal>ROLE.WORKPLACE_USER</uuidprincipal>
          <flags>514</flags>
          <permissionset>
            <allowed>1</allowed>
            <denied>0</denied>
          </permissionset>
        </accessentry>
      </accesscontrol>
    </file>
    <file>
      <destination>system/modules</destination>
      <type>folder</type>
      <uuidstructure>872e5115-1dbd-11e2-9701-59be2b399239</uuidstructure>
      <datelastmodified>Wed, 24 Oct 2012 09:31:02 GMT</datelastmodified>
      <userlastmodified>Admin</userlastmodified>
      <datecreated>Wed, 24 Oct 2012 09:31:02 GMT</datecreated>
      <usercreated>Admin</usercreated>
      <flags>0</flags>
      <properties/>
      <relations/>
      <accesscontrol>
        <accessentry>
          <uuidprincipal>ROLE.WORKPLACE_USER</uuidprincipal>
          <flags>514</flags>
          <permissionset>
            <allowed>5</allowed>
            <denied>0</denied>
          </permissionset>
        </accessentry>
      </accesscontrol>
    </file>
    <file>
      <destination>system/modules/org.opencms.ade.properties</destination>
      <type>folder</type>
      <uuidstructure>88327b4d-24e0-11e2-8f24-59be2b399239</uuidstructure>
      <datelastmodified>Fri, 02 Nov 2012 11:29:15 GMT</datelastmodified>
      <userlastmodified>Admin</userlastmodified>
      <datecreated>Fri, 02 Nov 2012 11:29:15 GMT</datecreated>
      <usercreated>Admin</usercreated>
      <flags>0</flags>
      <properties/>
      <relations/>
      <accesscontrol/>
    </file>
    <file>
      <destination>system/modules/org.opencms.ade.properties/pages</destination>
      <type>folder</type>
      <uuidstructure>8853e5ff-24e0-11e2-8f24-59be2b399239</uuidstructure>
      <datelastmodified>Fri, 02 Nov 2012 11:29:15 GMT</datelastmodified>
      <userlastmodified>Admin</userlastmodified>
      <datecreated>Fri, 02 Nov 2012 11:29:15 GMT</datecreated>
      <usercreated>Admin</usercreated>
      <flags>0</flags>
      <properties/>
      <relations/>
      <accesscontrol/>
    </file>
    <file>
      <source>system/modules/org.opencms.ade.properties/pages/properties.jsp</source>
      <destination>system/modules/org.opencms.ade.properties/pages/properties.jsp</destination>
      <type>jsp</type>
      <uuidstructure>dd359570-c6cd-4493-8921-158890608979</uuidstructure>
      <uuidresource>c71d3a56-233e-4bd0-9016-78299aa1181e</uuidresource>
      <datelastmodified>Fri, 02 Nov 2012 11:48:07 GMT</datelastmodified>
      <userlastmodified>Admin</userlastmodified>
      <datecreated>Fri, 02 Nov 2012 11:48:07 GMT</datecreated>
      <usercreated>Admin</usercreated>
      <flags>0</flags>
      <properties/>
      <relations/>
      <accesscontrol/>
    </file>
    <file>
      <destination>system/modules/org.opencms.ade.properties/resources</destination>
      <type>folder</type>
      <uuidstructure>db779ed6-24e0-11e2-8f24-59be2b399239</uuidstructure>
      <datelastmodified>Fri, 02 Nov 2012 11:31:34 GMT</datelastmodified>
      <userlastmodified>Admin</userlastmodified>
      <datecreated>Fri, 02 Nov 2012 11:31:34 GMT</datecreated>
      <usercreated>Admin</usercreated>
      <flags>0</flags>
      <properties/>
      <relations/>
      <accesscontrol/>
    </file>
    <file>
      <destination>system/modules/org.opencms.ade.properties/resources/properties</destination>
      <type>folder</type>
      <uuidstructure>710686a0-b4a0-4761-8445-2ff526b9aa00</uuidstructure>
      <uuidresource>419b8cb1-4db9-4408-a9cd-9c0a5b1b6134</uuidresource>
      <datelastmodified>Fri, 02 Nov 2012 11:48:07 GMT</datelastmodified>
      <userlastmodified>Admin</userlastmodified>
      <datecreated>Fri, 02 Nov 2012 11:48:07 GMT</datecreated>
      <usercreated>Admin</usercreated>
      <flags>0</flags>
      <properties/>
      <relations/>
      <accesscontrol/>
    </file>
    <file>
      <source>system/modules/org.opencms.ade.properties/resources/properties/4B5C32AA9FB1CFF15D174CD024E06021.cache.html</source>
      <destination>system/modules/org.opencms.ade.properties/resources/properties/4B5C32AA9FB1CFF15D174CD024E06021.cache.html</destination>
      <type>plain</type>
      <uuidstructure>de06d00a-7110-11e2-96dc-a16c1a0a8fb9</uuidstructure>
      <uuidresource>de076c4b-7110-11e2-96dc-a16c1a0a8fb9</uuidresource>
      <datelastmodified>Thu, 07 Feb 2013 10:26:43 GMT</datelastmodified>
      <userlastmodified>Admin</userlastmodified>
      <datecreated>Thu, 07 Feb 2013 10:26:43 GMT</datecreated>
      <usercreated>Admin</usercreated>
      <flags>0</flags>
      <properties/>
      <relations/>
      <accesscontrol/>
    </file>
    <file>
      <source>system/modules/org.opencms.ade.properties/resources/properties/0326AF455425F6065C00E0361659A798.cache.png</source>
      <destination>system/modules/org.opencms.ade.properties/resources/properties/0326AF455425F6065C00E0361659A798.cache.png</destination>
      <type>image</type>
      <uuidstructure>dce8af31-250f-11e2-a40d-6d0c194fe229</uuidstructure>
      <uuidresource>dce8af32-250f-11e2-a40d-6d0c194fe229</uuidresource>
      <datelastmodified>Fri, 02 Nov 2012 17:08:03 GMT</datelastmodified>
      <userlastmodified>Admin</userlastmodified>
      <datecreated>Fri, 02 Nov 2012 17:08:03 GMT</datecreated>
      <usercreated>Admin</usercreated>
      <flags>0</flags>
      <properties/>
      <relations/>
      <accesscontrol/>
    </file>
    <file>
      <source>system/modules/org.opencms.ade.properties/resources/properties/8C1AB04035AC474DF8A09ED1F9A49004.cache.html</source>
      <destination>system/modules/org.opencms.ade.properties/resources/properties/8C1AB04035AC474DF8A09ED1F9A49004.cache.html</destination>
      <type>plain</type>
      <uuidstructure>de57af34-7110-11e2-96dc-a16c1a0a8fb9</uuidstructure>
      <uuidresource>de57d645-7110-11e2-96dc-a16c1a0a8fb9</uuidresource>
      <datelastmodified>Thu, 07 Feb 2013 10:26:43 GMT</datelastmodified>
      <userlastmodified>Admin</userlastmodified>
      <datecreated>Thu, 07 Feb 2013 10:26:43 GMT</datecreated>
      <usercreated>Admin</usercreated>
      <flags>0</flags>
      <properties/>
      <relations/>
      <accesscontrol/>
    </file>
    <file>
      <source>system/modules/org.opencms.ade.properties/resources/properties/07B79EDA917A4EB940EFF2814B61B238.cache.png</source>
      <destination>system/modules/org.opencms.ade.properties/resources/properties/07B79EDA917A4EB940EFF2814B61B238.cache.png</destination>
      <type>image</type>
      <uuidstructure>dab9533c-250c-11e2-98b5-a52d8ec80b54</uuidstructure>
      <uuidresource>dab9533d-250c-11e2-98b5-a52d8ec80b54</uuidresource>
      <datelastmodified>Fri, 02 Nov 2012 16:46:31 GMT</datelastmodified>
      <userlastmodified>Admin</userlastmodified>
      <datecreated>Fri, 02 Nov 2012 16:46:31 GMT</datecreated>
      <usercreated>Admin</usercreated>
      <flags>0</flags>
      <properties/>
      <relations/>
      <accesscontrol/>
    </file>
    <file>
      <source>system/modules/org.opencms.ade.properties/resources/properties/D24CD8558543B844E4B4B3E98522709A.cache.html</source>
      <destination>system/modules/org.opencms.ade.properties/resources/properties/D24CD8558543B844E4B4B3E98522709A.cache.html</destination>
      <type>plain</type>
      <uuidstructure>de50f872-7110-11e2-96dc-a16c1a0a8fb9</uuidstructure>
      <uuidresource>de511f83-7110-11e2-96dc-a16c1a0a8fb9</uuidresource>
      <datelastmodified>Thu, 07 Feb 2013 10:26:43 GMT</datelastmodified>
      <userlastmodified>Admin</userlastmodified>
      <datecreated>Thu, 07 Feb 2013 10:26:43 GMT</datecreated>
      <usercreated>Admin</usercreated>
      <flags>0</flags>
      <properties/>
      <relations/>
      <accesscontrol/>
    </file>
    <file>
      <source>system/modules/org.opencms.ade.properties/resources/properties/0C2636863EBF1B7E60FACEDA96D6E448.cache.gif</source>
      <destination>system/modules/org.opencms.ade.properties/resources/properties/0C2636863EBF1B7E60FACEDA96D6E448.cache.gif</destination>
      <type>image</type>
      <uuidstructure>dabbc43e-250c-11e2-98b5-a52d8ec80b54</uuidstructure>
      <uuidresource>dabbc43f-250c-11e2-98b5-a52d8ec80b54</uuidresource>
      <datelastmodified>Fri, 02 Nov 2012 16:46:31 GMT</datelastmodified>
      <userlastmodified>Admin</userlastmodified>
      <datecreated>Fri, 02 Nov 2012 16:46:31 GMT</datecreated>
      <usercreated>Admin</usercreated>
      <flags>0</flags>
      <properties/>
      <relations/>
      <accesscontrol/>
    </file>
    <file>
      <source>system/modules/org.opencms.ade.properties/resources/properties/0F89659FF3F324AE4116F700257E32BD.cache.gif</source>
      <destination>system/modules/org.opencms.ade.properties/resources/properties/0F89659FF3F324AE4116F700257E32BD.cache.gif</destination>
      <type>image</type>
      <uuidstructure>dceb2033-250f-11e2-a40d-6d0c194fe229</uuidstructure>
      <uuidresource>dceb2034-250f-11e2-a40d-6d0c194fe229</uuidresource>
      <datelastmodified>Fri, 02 Nov 2012 17:08:03 GMT</datelastmodified>
      <userlastmodified>Admin</userlastmodified>
      <datecreated>Fri, 02 Nov 2012 17:08:03 GMT</datecreated>
      <usercreated>Admin</usercreated>
      <flags>0</flags>
      <properties/>
      <relations/>
      <accesscontrol/>
    </file>
    <file>
      <source>system/modules/org.opencms.ade.properties/resources/properties/124DCEE507CAB7576C003C7BAF0D9924.cache.png</source>
      <destination>system/modules/org.opencms.ade.properties/resources/properties/124DCEE507CAB7576C003C7BAF0D9924.cache.png</destination>
      <type>image</type>
      <uuidstructure>dabe0e30-250c-11e2-98b5-a52d8ec80b54</uuidstructure>
      <uuidresource>dabe0e31-250c-11e2-98b5-a52d8ec80b54</uuidresource>
      <datelastmodified>Fri, 02 Nov 2012 16:46:31 GMT</datelastmodified>
      <userlastmodified>Admin</userlastmodified>
      <datecreated>Fri, 02 Nov 2012 16:46:31 GMT</datecreated>
      <usercreated>Admin</usercreated>
      <flags>0</flags>
      <properties/>
      <relations/>
      <accesscontrol/>
    </file>
    <file>
      <source>system/modules/org.opencms.ade.properties/resources/properties/8FBEEE4B0566261B777C5799A84AE4B5.cache.html</source>
      <destination>system/modules/org.opencms.ade.properties/resources/properties/8FBEEE4B0566261B777C5799A84AE4B5.cache.html</destination>
      <type>plain</type>
      <uuidstructure>de407db0-7110-11e2-96dc-a16c1a0a8fb9</uuidstructure>
      <uuidresource>de416811-7110-11e2-96dc-a16c1a0a8fb9</uuidresource>
      <datelastmodified>Thu, 07 Feb 2013 10:26:43 GMT</datelastmodified>
      <userlastmodified>Admin</userlastmodified>
      <datecreated>Thu, 07 Feb 2013 10:26:43 GMT</datecreated>
      <usercreated>Admin</usercreated>
      <flags>0</flags>
      <properties/>
      <relations/>
      <accesscontrol/>
    </file>
    <file>
      <source>system/modules/org.opencms.ade.properties/resources/properties/130216F44FAF2CA3A53FBD439D3CA97A.cache.png</source>
      <destination>system/modules/org.opencms.ade.properties/resources/properties/130216F44FAF2CA3A53FBD439D3CA97A.cache.png</destination>
      <type>image</type>
      <uuidstructure>dabe0e32-250c-11e2-98b5-a52d8ec80b54</uuidstructure>
      <uuidresource>dabe0e33-250c-11e2-98b5-a52d8ec80b54</uuidresource>
      <datelastmodified>Fri, 02 Nov 2012 16:46:31 GMT</datelastmodified>
      <userlastmodified>Admin</userlastmodified>
      <datecreated>Fri, 02 Nov 2012 16:46:31 GMT</datecreated>
      <usercreated>Admin</usercreated>
      <flags>0</flags>
      <properties/>
      <relations/>
      <accesscontrol/>
    </file>
    <file>
      <source>system/modules/org.opencms.ade.properties/resources/properties/13D2931874E71D07F248A0CDF051CC85.cache.png</source>
      <destination>system/modules/org.opencms.ade.properties/resources/properties/13D2931874E71D07F248A0CDF051CC85.cache.png</destination>
      <type>image</type>
      <uuidstructure>dced6a25-250f-11e2-a40d-6d0c194fe229</uuidstructure>
      <uuidresource>dced6a26-250f-11e2-a40d-6d0c194fe229</uuidresource>
      <datelastmodified>Fri, 02 Nov 2012 17:08:03 GMT</datelastmodified>
      <userlastmodified>Admin</userlastmodified>
      <datecreated>Fri, 02 Nov 2012 17:08:03 GMT</datecreated>
      <usercreated>Admin</usercreated>
      <flags>0</flags>
      <properties/>
      <relations/>
      <accesscontrol/>
    </file>
    <file>
      <source>system/modules/org.opencms.ade.properties/resources/properties/157263C9722C7F5A5AD963F6B5594F87.cache.png</source>
      <destination>system/modules/org.opencms.ade.properties/resources/properties/157263C9722C7F5A5AD963F6B5594F87.cache.png</destination>
      <type>image</type>
      <uuidstructure>dac07f34-250c-11e2-98b5-a52d8ec80b54</uuidstructure>
      <uuidresource>dac07f35-250c-11e2-98b5-a52d8ec80b54</uuidresource>
      <datelastmodified>Fri, 02 Nov 2012 16:46:31 GMT</datelastmodified>
      <userlastmodified>Admin</userlastmodified>
      <datecreated>Fri, 02 Nov 2012 16:46:31 GMT</datecreated>
      <usercreated>Admin</usercreated>
      <flags>0</flags>
      <properties/>
      <relations/>
      <accesscontrol/>
    </file>
    <file>
      <source>system/modules/org.opencms.ade.properties/resources/properties/1BA570A78005D17EB033A5D959952436.cache.gif</source>
      <destination>system/modules/org.opencms.ade.properties/resources/properties/1BA570A78005D17EB033A5D959952436.cache.gif</destination>
      <type>image</type>
      <uuidstructure>dac07f36-250c-11e2-98b5-a52d8ec80b54</uuidstructure>
      <uuidresource>dac07f37-250c-11e2-98b5-a52d8ec80b54</uuidresource>
      <datelastmodified>Fri, 02 Nov 2012 16:46:31 GMT</datelastmodified>
      <userlastmodified>Admin</userlastmodified>
      <datecreated>Fri, 02 Nov 2012 16:46:31 GMT</datecreated>
      <usercreated>Admin</usercreated>
      <flags>0</flags>
      <properties/>
      <relations/>
      <accesscontrol/>
    </file>
    <file>
      <source>system/modules/org.opencms.ade.properties/resources/properties/1D0A264C2E6019D983DD72D1EE01457E.cache.png</source>
      <destination>system/modules/org.opencms.ade.properties/resources/properties/1D0A264C2E6019D983DD72D1EE01457E.cache.png</destination>
      <type>image</type>
      <uuidstructure>dac07f38-250c-11e2-98b5-a52d8ec80b54</uuidstructure>
      <uuidresource>dac07f39-250c-11e2-98b5-a52d8ec80b54</uuidresource>
      <datelastmodified>Fri, 02 Nov 2012 16:46:31 GMT</datelastmodified>
      <userlastmodified>Admin</userlastmodified>
      <datecreated>Fri, 02 Nov 2012 16:46:31 GMT</datecreated>
      <usercreated>Admin</usercreated>
      <flags>0</flags>
      <properties/>
      <relations/>
      <accesscontrol/>
    </file>
    <file>
      <source>system/modules/org.opencms.ade.properties/resources/properties/21998B27314C5C5FC843A89E07E05FCF.cache.png</source>
      <destination>system/modules/org.opencms.ade.properties/resources/properties/21998B27314C5C5FC843A89E07E05FCF.cache.png</destination>
      <type>image</type>
      <uuidstructure>dac2c92a-250c-11e2-98b5-a52d8ec80b54</uuidstructure>
      <uuidresource>dac2c92b-250c-11e2-98b5-a52d8ec80b54</uuidresource>
      <datelastmodified>Fri, 02 Nov 2012 16:46:31 GMT</datelastmodified>
      <userlastmodified>Admin</userlastmodified>
      <datecreated>Fri, 02 Nov 2012 16:46:31 GMT</datecreated>
      <usercreated>Admin</usercreated>
      <flags>0</flags>
      <properties/>
      <relations/>
      <accesscontrol/>
    </file>
    <file>
      <source>system/modules/org.opencms.ade.properties/resources/properties/223E04DC70F69BC559571D1C0E0667E5.cache.png</source>
      <destination>system/modules/org.opencms.ade.properties/resources/properties/223E04DC70F69BC559571D1C0E0667E5.cache.png</destination>
      <type>image</type>
      <uuidstructure>dcefdb29-250f-11e2-a40d-6d0c194fe229</uuidstructure>
      <uuidresource>dcefdb2a-250f-11e2-a40d-6d0c194fe229</uuidresource>
      <datelastmodified>Fri, 02 Nov 2012 17:08:03 GMT</datelastmodified>
      <userlastmodified>Admin</userlastmodified>
      <datecreated>Fri, 02 Nov 2012 17:08:03 GMT</datecreated>
      <usercreated>Admin</usercreated>
      <flags>0</flags>
      <properties/>
      <relations/>
      <accesscontrol/>
    </file>
    <file>
      <source>system/modules/org.opencms.ade.properties/resources/properties/8D1F77FBA7106D5F0B7C97B84F093ED7.cache.html</source>
      <destination>system/modules/org.opencms.ade.properties/resources/properties/8D1F77FBA7106D5F0B7C97B84F093ED7.cache.html</destination>
      <type>plain</type>
      <uuidstructure>de148bac-7110-11e2-96dc-a16c1a0a8fb9</uuidstructure>
      <uuidresource>de16877d-7110-11e2-96dc-a16c1a0a8fb9</uuidresource>
      <datelastmodified>Thu, 07 Feb 2013 10:26:43 GMT</datelastmodified>
      <userlastmodified>Admin</userlastmodified>
      <datecreated>Thu, 07 Feb 2013 10:26:43 GMT</datecreated>
      <usercreated>Admin</usercreated>
      <flags>0</flags>
      <properties/>
      <relations/>
      <accesscontrol/>
    </file>
    <file>
      <source>system/modules/org.opencms.ade.properties/resources/properties/2504A645642997C1DF7023CD97BFE880.cache.gif</source>
      <destination>system/modules/org.opencms.ade.properties/resources/properties/2504A645642997C1DF7023CD97BFE880.cache.gif</destination>
      <type>image</type>
      <uuidstructure>dac2c92c-250c-11e2-98b5-a52d8ec80b54</uuidstructure>
      <uuidresource>dac2c92d-250c-11e2-98b5-a52d8ec80b54</uuidresource>
      <datelastmodified>Fri, 02 Nov 2012 16:46:31 GMT</datelastmodified>
      <userlastmodified>Admin</userlastmodified>
      <datecreated>Fri, 02 Nov 2012 16:46:31 GMT</datecreated>
      <usercreated>Admin</usercreated>
      <flags>0</flags>
      <properties/>
      <relations/>
      <accesscontrol/>
    </file>
    <file>
      <source>system/modules/org.opencms.ade.properties/resources/properties/28876666747FD7CF017B39F122F45BFC.cache.png</source>
      <destination>system/modules/org.opencms.ade.properties/resources/properties/28876666747FD7CF017B39F122F45BFC.cache.png</destination>
      <type>image</type>
      <uuidstructure>dac2c92e-250c-11e2-98b5-a52d8ec80b54</uuidstructure>
      <uuidresource>dac2c92f-250c-11e2-98b5-a52d8ec80b54</uuidresource>
      <datelastmodified>Fri, 02 Nov 2012 16:46:31 GMT</datelastmodified>
      <userlastmodified>Admin</userlastmodified>
      <datecreated>Fri, 02 Nov 2012 16:46:31 GMT</datecreated>
      <usercreated>Admin</usercreated>
      <flags>0</flags>
      <properties/>
      <relations/>
      <accesscontrol/>
    </file>
    <file>
      <source>system/modules/org.opencms.ade.properties/resources/properties/28900C5A986D9BEE9FC75B51403369F9.cache.png</source>
      <destination>system/modules/org.opencms.ade.properties/resources/properties/28900C5A986D9BEE9FC75B51403369F9.cache.png</destination>
      <type>image</type>
      <uuidstructure>dac53a30-250c-11e2-98b5-a52d8ec80b54</uuidstructure>
      <uuidresource>dac53a31-250c-11e2-98b5-a52d8ec80b54</uuidresource>
      <datelastmodified>Fri, 02 Nov 2012 16:46:31 GMT</datelastmodified>
      <userlastmodified>Admin</userlastmodified>
      <datecreated>Fri, 02 Nov 2012 16:46:31 GMT</datecreated>
      <usercreated>Admin</usercreated>
      <flags>0</flags>
      <properties/>
      <relations/>
      <accesscontrol/>
    </file>
    <file>
      <source>system/modules/org.opencms.ade.properties/resources/properties/2D5DCEC84E5ECEEC13AE608620DDA715.cache.png</source>
      <destination>system/modules/org.opencms.ade.properties/resources/properties/2D5DCEC84E5ECEEC13AE608620DDA715.cache.png</destination>
      <type>image</type>
      <uuidstructure>dac53a32-250c-11e2-98b5-a52d8ec80b54</uuidstructure>
      <uuidresource>dac53a33-250c-11e2-98b5-a52d8ec80b54</uuidresource>
      <datelastmodified>Fri, 02 Nov 2012 16:46:31 GMT</datelastmodified>
      <userlastmodified>Admin</userlastmodified>
      <datecreated>Fri, 02 Nov 2012 16:46:31 GMT</datecreated>
      <usercreated>Admin</usercreated>
      <flags>0</flags>
      <properties/>
      <relations/>
      <accesscontrol/>
    </file>
    <file>
      <source>system/modules/org.opencms.ade.properties/resources/properties/2DEFE4429494EC4398B219CEADD32C22.cache.png</source>
      <destination>system/modules/org.opencms.ade.properties/resources/properties/2DEFE4429494EC4398B219CEADD32C22.cache.png</destination>
      <type>image</type>
      <uuidstructure>dac7ab34-250c-11e2-98b5-a52d8ec80b54</uuidstructure>
      <uuidresource>dac7ab35-250c-11e2-98b5-a52d8ec80b54</uuidresource>
      <datelastmodified>Fri, 02 Nov 2012 16:46:31 GMT</datelastmodified>
      <userlastmodified>Admin</userlastmodified>
      <datecreated>Fri, 02 Nov 2012 16:46:31 GMT</datecreated>
      <usercreated>Admin</usercreated>
      <flags>0</flags>
      <properties/>
      <relations/>
      <accesscontrol/>
    </file>
    <file>
      <source>system/modules/org.opencms.ade.properties/resources/properties/3E13412DD77AE068AAF96B6978824A75.cache.png</source>
      <destination>system/modules/org.opencms.ade.properties/resources/properties/3E13412DD77AE068AAF96B6978824A75.cache.png</destination>
      <type>image</type>
      <uuidstructure>dcf24c2b-250f-11e2-a40d-6d0c194fe229</uuidstructure>
      <uuidresource>dcf24c2c-250f-11e2-a40d-6d0c194fe229</uuidresource>
      <datelastmodified>Fri, 02 Nov 2012 17:08:03 GMT</datelastmodified>
      <userlastmodified>Admin</userlastmodified>
      <datecreated>Fri, 02 Nov 2012 17:08:03 GMT</datecreated>
      <usercreated>Admin</usercreated>
      <flags>0</flags>
      <properties/>
      <relations/>
      <accesscontrol/>
    </file>
    <file>
      <source>system/modules/org.opencms.ade.properties/resources/properties/3E1B3C4D2B52FD7957DA6E43F8D5D4C9.cache.png</source>
      <destination>system/modules/org.opencms.ade.properties/resources/properties/3E1B3C4D2B52FD7957DA6E43F8D5D4C9.cache.png</destination>
      <type>image</type>
      <uuidstructure>dac7ab36-250c-11e2-98b5-a52d8ec80b54</uuidstructure>
      <uuidresource>dac7ab37-250c-11e2-98b5-a52d8ec80b54</uuidresource>
      <datelastmodified>Fri, 02 Nov 2012 16:46:31 GMT</datelastmodified>
      <userlastmodified>Admin</userlastmodified>
      <datecreated>Fri, 02 Nov 2012 16:46:31 GMT</datecreated>
      <usercreated>Admin</usercreated>
      <flags>0</flags>
      <properties/>
      <relations/>
      <accesscontrol/>
    </file>
    <file>
      <source>system/modules/org.opencms.ade.properties/resources/properties/417D700D877F5E7DCC8AE5DB200F7F2A.gwt.rpc</source>
      <destination>system/modules/org.opencms.ade.properties/resources/properties/417D700D877F5E7DCC8AE5DB200F7F2A.gwt.rpc</destination>
      <type>plain</type>
      <uuidstructure>a442b17d-28d7-11e2-b03f-9316b28cdbb9</uuidstructure>
      <uuidresource>a442b17e-28d7-11e2-b03f-9316b28cdbb9</uuidresource>
      <datelastmodified>Wed, 07 Nov 2012 12:35:41 GMT</datelastmodified>
      <userlastmodified>Admin</userlastmodified>
      <datecreated>Wed, 07 Nov 2012 12:35:41 GMT</datecreated>
      <usercreated>Admin</usercreated>
      <flags>0</flags>
      <properties/>
      <relations/>
      <accesscontrol/>
    </file>
    <file>
      <source>system/modules/org.opencms.ade.properties/resources/properties/4ED1C0B9BE23F2D66FC198C0FD3527D2.cache.png</source>
      <destination>system/modules/org.opencms.ade.properties/resources/properties/4ED1C0B9BE23F2D66FC198C0FD3527D2.cache.png</destination>
      <type>image</type>
      <uuidstructure>dac7ab38-250c-11e2-98b5-a52d8ec80b54</uuidstructure>
      <uuidresource>dac7ab39-250c-11e2-98b5-a52d8ec80b54</uuidresource>
      <datelastmodified>Fri, 02 Nov 2012 16:46:31 GMT</datelastmodified>
      <userlastmodified>Admin</userlastmodified>
      <datecreated>Fri, 02 Nov 2012 16:46:31 GMT</datecreated>
      <usercreated>Admin</usercreated>
      <flags>0</flags>
      <properties/>
      <relations/>
      <accesscontrol/>
    </file>
    <file>
      <source>system/modules/org.opencms.ade.properties/resources/properties/528F1389CBD23A696B89EF4D65007A96.cache.png</source>
      <destination>system/modules/org.opencms.ade.properties/resources/properties/528F1389CBD23A696B89EF4D65007A96.cache.png</destination>
      <type>image</type>
      <uuidstructure>dac7ab3a-250c-11e2-98b5-a52d8ec80b54</uuidstructure>
      <uuidresource>dac7ab3b-250c-11e2-98b5-a52d8ec80b54</uuidresource>
      <datelastmodified>Fri, 02 Nov 2012 16:46:31 GMT</datelastmodified>
      <userlastmodified>Admin</userlastmodified>
      <datecreated>Fri, 02 Nov 2012 16:46:31 GMT</datecreated>
      <usercreated>Admin</usercreated>
      <flags>0</flags>
      <properties/>
      <relations/>
      <accesscontrol/>
    </file>
    <file>
      <source>system/modules/org.opencms.ade.properties/resources/properties/55E6EF5AA7ECB5C3456D0C233F3D34A1.cache.png</source>
      <destination>system/modules/org.opencms.ade.properties/resources/properties/55E6EF5AA7ECB5C3456D0C233F3D34A1.cache.png</destination>
      <type>image</type>
      <uuidstructure>dac9f52c-250c-11e2-98b5-a52d8ec80b54</uuidstructure>
      <uuidresource>dac9f52d-250c-11e2-98b5-a52d8ec80b54</uuidresource>
      <datelastmodified>Fri, 02 Nov 2012 16:46:31 GMT</datelastmodified>
      <userlastmodified>Admin</userlastmodified>
      <datecreated>Fri, 02 Nov 2012 16:46:31 GMT</datecreated>
      <usercreated>Admin</usercreated>
      <flags>0</flags>
      <properties/>
      <relations/>
      <accesscontrol/>
    </file>
    <file>
      <source>system/modules/org.opencms.ade.properties/resources/properties/588C4DA28DB8FF451F98C17E3DB78A1B.cache.gif</source>
      <destination>system/modules/org.opencms.ade.properties/resources/properties/588C4DA28DB8FF451F98C17E3DB78A1B.cache.gif</destination>
      <type>image</type>
      <uuidstructure>dac9f52e-250c-11e2-98b5-a52d8ec80b54</uuidstructure>
      <uuidresource>dac9f52f-250c-11e2-98b5-a52d8ec80b54</uuidresource>
      <datelastmodified>Fri, 02 Nov 2012 16:46:31 GMT</datelastmodified>
      <userlastmodified>Admin</userlastmodified>
      <datecreated>Fri, 02 Nov 2012 16:46:31 GMT</datecreated>
      <usercreated>Admin</usercreated>
      <flags>0</flags>
      <properties/>
      <relations/>
      <accesscontrol/>
    </file>
    <file>
      <source>system/modules/org.opencms.ade.properties/resources/properties/607C234F8298753CFE48C010F4F5B7C2.cache.png</source>
      <destination>system/modules/org.opencms.ade.properties/resources/properties/607C234F8298753CFE48C010F4F5B7C2.cache.png</destination>
      <type>image</type>
      <uuidstructure>dac9f530-250c-11e2-98b5-a52d8ec80b54</uuidstructure>
      <uuidresource>dac9f531-250c-11e2-98b5-a52d8ec80b54</uuidresource>
      <datelastmodified>Fri, 02 Nov 2012 16:46:31 GMT</datelastmodified>
      <userlastmodified>Admin</userlastmodified>
      <datecreated>Fri, 02 Nov 2012 16:46:31 GMT</datecreated>
      <usercreated>Admin</usercreated>
      <flags>0</flags>
      <properties/>
      <relations/>
      <accesscontrol/>
    </file>
    <file>
      <source>system/modules/org.opencms.ade.properties/resources/properties/614A8351A28C0A4378525F849533D3FF.gwt.rpc</source>
      <destination>system/modules/org.opencms.ade.properties/resources/properties/614A8351A28C0A4378525F849533D3FF.gwt.rpc</destination>
      <type>plain</type>
      <uuidstructure>dacc6632-250c-11e2-98b5-a52d8ec80b54</uuidstructure>
      <uuidresource>dacc6633-250c-11e2-98b5-a52d8ec80b54</uuidresource>
      <datelastmodified>Fri, 02 Nov 2012 16:46:31 GMT</datelastmodified>
      <userlastmodified>Admin</userlastmodified>
      <datecreated>Fri, 02 Nov 2012 16:46:31 GMT</datecreated>
      <usercreated>Admin</usercreated>
      <flags>0</flags>
      <properties/>
      <relations/>
      <accesscontrol/>
    </file>
    <file>
      <source>system/modules/org.opencms.ade.properties/resources/properties/67F03376FF6E2527B53E363D94D0F88C.cache.png</source>
      <destination>system/modules/org.opencms.ade.properties/resources/properties/67F03376FF6E2527B53E363D94D0F88C.cache.png</destination>
      <type>image</type>
      <uuidstructure>dacc6634-250c-11e2-98b5-a52d8ec80b54</uuidstructure>
      <uuidresource>dacc6635-250c-11e2-98b5-a52d8ec80b54</uuidresource>
      <datelastmodified>Fri, 02 Nov 2012 16:46:31 GMT</datelastmodified>
      <userlastmodified>Admin</userlastmodified>
      <datecreated>Fri, 02 Nov 2012 16:46:31 GMT</datecreated>
      <usercreated>Admin</usercreated>
      <flags>0</flags>
      <properties/>
      <relations/>
      <accesscontrol/>
    </file>
    <file>
      <source>system/modules/org.opencms.ade.properties/resources/properties/68007ADE137131ED0FF40540F74FEF7C.cache.png</source>
      <destination>system/modules/org.opencms.ade.properties/resources/properties/68007ADE137131ED0FF40540F74FEF7C.cache.png</destination>
      <type>image</type>
      <uuidstructure>ff5d8a81-2fc1-11e2-9fa1-b33f9d57d633</uuidstructure>
      <uuidresource>ff5d8a82-2fc1-11e2-9fa1-b33f9d57d633</uuidresource>
      <datelastmodified>Fri, 16 Nov 2012 07:48:23 GMT</datelastmodified>
      <userlastmodified>Admin</userlastmodified>
      <datecreated>Fri, 16 Nov 2012 07:48:23 GMT</datecreated>
      <usercreated>Admin</usercreated>
      <flags>0</flags>
      <properties/>
      <relations/>
      <accesscontrol/>
    </file>
    <file>
      <destination>system/modules/org.opencms.ade.properties/resources/properties/6C2B5BDF0A7B5F0A11DB17A1F8A75A56.cache.ico</destination>
      <type>folder</type>
      <uuidstructure>daced736-250c-11e2-98b5-a52d8ec80b54</uuidstructure>
      <uuidresource>daced737-250c-11e2-98b5-a52d8ec80b54</uuidresource>
      <datelastmodified>Fri, 02 Nov 2012 16:46:31 GMT</datelastmodified>
      <userlastmodified>Admin</userlastmodified>
      <datecreated>Fri, 02 Nov 2012 16:46:31 GMT</datecreated>
      <usercreated>Admin</usercreated>
      <flags>0</flags>
      <properties/>
      <relations/>
      <accesscontrol/>
    </file>
    <file>
      <source>system/modules/org.opencms.ade.properties/resources/properties/6D49AA540BF48A6BC5BB40598BB369C1.cache.png</source>
      <destination>system/modules/org.opencms.ade.properties/resources/properties/6D49AA540BF48A6BC5BB40598BB369C1.cache.png</destination>
      <type>image</type>
      <uuidstructure>daced738-250c-11e2-98b5-a52d8ec80b54</uuidstructure>
      <uuidresource>daced739-250c-11e2-98b5-a52d8ec80b54</uuidresource>
      <datelastmodified>Fri, 02 Nov 2012 16:46:31 GMT</datelastmodified>
      <userlastmodified>Admin</userlastmodified>
      <datecreated>Fri, 02 Nov 2012 16:46:31 GMT</datecreated>
      <usercreated>Admin</usercreated>
      <flags>0</flags>
      <properties/>
      <relations/>
      <accesscontrol/>
    </file>
    <file>
      <source>system/modules/org.opencms.ade.properties/resources/properties/7E76FDCA9138C1F6988CF904B0281C64.cache.gif</source>
      <destination>system/modules/org.opencms.ade.properties/resources/properties/7E76FDCA9138C1F6988CF904B0281C64.cache.gif</destination>
      <type>image</type>
      <uuidstructure>dad1212c-250c-11e2-98b5-a52d8ec80b54</uuidstructure>
      <uuidresource>dad1212d-250c-11e2-98b5-a52d8ec80b54</uuidresource>
      <datelastmodified>Fri, 02 Nov 2012 16:46:31 GMT</datelastmodified>
      <userlastmodified>Admin</userlastmodified>
      <datecreated>Fri, 02 Nov 2012 16:46:31 GMT</datecreated>
      <usercreated>Admin</usercreated>
      <flags>0</flags>
      <properties/>
      <relations/>
      <accesscontrol/>
    </file>
    <file>
      <source>system/modules/org.opencms.ade.properties/resources/properties/806F8EE738687B189D7F262612700F41.cache.gif</source>
      <destination>system/modules/org.opencms.ade.properties/resources/properties/806F8EE738687B189D7F262612700F41.cache.gif</destination>
      <type>image</type>
      <uuidstructure>dad1212e-250c-11e2-98b5-a52d8ec80b54</uuidstructure>
      <uuidresource>dad1212f-250c-11e2-98b5-a52d8ec80b54</uuidresource>
      <datelastmodified>Fri, 02 Nov 2012 16:46:31 GMT</datelastmodified>
      <userlastmodified>Admin</userlastmodified>
      <datecreated>Fri, 02 Nov 2012 16:46:31 GMT</datecreated>
      <usercreated>Admin</usercreated>
      <flags>0</flags>
      <properties/>
      <relations/>
      <accesscontrol/>
    </file>
    <file>
      <source>system/modules/org.opencms.ade.properties/resources/properties/8AA3C50791DF9AA6DC608FDE692C9390.cache.gif</source>
      <destination>system/modules/org.opencms.ade.properties/resources/properties/8AA3C50791DF9AA6DC608FDE692C9390.cache.gif</destination>
      <type>image</type>
      <uuidstructure>dad39234-250c-11e2-98b5-a52d8ec80b54</uuidstructure>
      <uuidresource>dad39235-250c-11e2-98b5-a52d8ec80b54</uuidresource>
      <datelastmodified>Fri, 02 Nov 2012 16:46:31 GMT</datelastmodified>
      <userlastmodified>Admin</userlastmodified>
      <datecreated>Fri, 02 Nov 2012 16:46:31 GMT</datecreated>
      <usercreated>Admin</usercreated>
      <flags>0</flags>
      <properties/>
      <relations/>
      <accesscontrol/>
    </file>
    <file>
      <source>system/modules/org.opencms.ade.properties/resources/properties/8FBDBF2C058ACA8C7B7681D8E5194E8B.cache.png</source>
      <destination>system/modules/org.opencms.ade.properties/resources/properties/8FBDBF2C058ACA8C7B7681D8E5194E8B.cache.png</destination>
      <type>image</type>
      <uuidstructure>dad39236-250c-11e2-98b5-a52d8ec80b54</uuidstructure>
      <uuidresource>dad39237-250c-11e2-98b5-a52d8ec80b54</uuidresource>
      <datelastmodified>Fri, 02 Nov 2012 16:46:31 GMT</datelastmodified>
      <userlastmodified>Admin</userlastmodified>
      <datecreated>Fri, 02 Nov 2012 16:46:31 GMT</datecreated>
      <usercreated>Admin</usercreated>
      <flags>0</flags>
      <properties/>
      <relations/>
      <accesscontrol/>
    </file>
    <file>
      <source>system/modules/org.opencms.ade.properties/resources/properties/90583D1788B44DDC496D964A8FC3C94F.cache.png</source>
      <destination>system/modules/org.opencms.ade.properties/resources/properties/90583D1788B44DDC496D964A8FC3C94F.cache.png</destination>
      <type>image</type>
      <uuidstructure>dad5dc28-250c-11e2-98b5-a52d8ec80b54</uuidstructure>
      <uuidresource>dad5dc29-250c-11e2-98b5-a52d8ec80b54</uuidresource>
      <datelastmodified>Fri, 02 Nov 2012 16:46:31 GMT</datelastmodified>
      <userlastmodified>Admin</userlastmodified>
      <datecreated>Fri, 02 Nov 2012 16:46:31 GMT</datecreated>
      <usercreated>Admin</usercreated>
      <flags>0</flags>
      <properties/>
      <relations/>
      <accesscontrol/>
    </file>
    <file>
      <source>system/modules/org.opencms.ade.properties/resources/properties/9B56DF4CD68CC5BCB6821A8DE7E4830C.cache.gif</source>
      <destination>system/modules/org.opencms.ade.properties/resources/properties/9B56DF4CD68CC5BCB6821A8DE7E4830C.cache.gif</destination>
      <type>image</type>
      <uuidstructure>dad5dc2a-250c-11e2-98b5-a52d8ec80b54</uuidstructure>
      <uuidresource>dad5dc2b-250c-11e2-98b5-a52d8ec80b54</uuidresource>
      <datelastmodified>Fri, 02 Nov 2012 16:46:31 GMT</datelastmodified>
      <userlastmodified>Admin</userlastmodified>
      <datecreated>Fri, 02 Nov 2012 16:46:31 GMT</datecreated>
      <usercreated>Admin</usercreated>
      <flags>0</flags>
      <properties/>
      <relations/>
      <accesscontrol/>
    </file>
    <file>
      <source>system/modules/org.opencms.ade.properties/resources/properties/A3E30CCBF7AFC58EDCC069857295C9EA.cache.png</source>
      <destination>system/modules/org.opencms.ade.properties/resources/properties/A3E30CCBF7AFC58EDCC069857295C9EA.cache.png</destination>
      <type>image</type>
      <uuidstructure>dad84d2e-250c-11e2-98b5-a52d8ec80b54</uuidstructure>
      <uuidresource>dad84d2f-250c-11e2-98b5-a52d8ec80b54</uuidresource>
      <datelastmodified>Fri, 02 Nov 2012 16:46:31 GMT</datelastmodified>
      <userlastmodified>Admin</userlastmodified>
      <datecreated>Fri, 02 Nov 2012 16:46:31 GMT</datecreated>
      <usercreated>Admin</usercreated>
      <flags>0</flags>
      <properties/>
      <relations/>
      <accesscontrol/>
    </file>
    <file>
      <source>system/modules/org.opencms.ade.properties/resources/properties/C2E5D88AD5BD8A96E18D0F28E227F2FA.cache.html</source>
      <destination>system/modules/org.opencms.ade.properties/resources/properties/C2E5D88AD5BD8A96E18D0F28E227F2FA.cache.html</destination>
      <type>plain</type>
      <uuidstructure>de2f8dbe-7110-11e2-96dc-a16c1a0a8fb9</uuidstructure>
      <uuidresource>de30510f-7110-11e2-96dc-a16c1a0a8fb9</uuidresource>
      <datelastmodified>Thu, 07 Feb 2013 10:26:43 GMT</datelastmodified>
      <userlastmodified>Admin</userlastmodified>
      <datecreated>Thu, 07 Feb 2013 10:26:43 GMT</datecreated>
      <usercreated>Admin</usercreated>
      <flags>0</flags>
      <properties/>
      <relations/>
      <accesscontrol/>
    </file>
    <file>
      <source>system/modules/org.opencms.ade.properties/resources/properties/A561A3D036C6711C97A1ACB01B3E9688.cache.png</source>
      <destination>system/modules/org.opencms.ade.properties/resources/properties/A561A3D036C6711C97A1ACB01B3E9688.cache.png</destination>
      <type>image</type>
      <uuidstructure>dad84d30-250c-11e2-98b5-a52d8ec80b54</uuidstructure>
      <uuidresource>dad84d31-250c-11e2-98b5-a52d8ec80b54</uuidresource>
      <datelastmodified>Fri, 02 Nov 2012 16:46:31 GMT</datelastmodified>
      <userlastmodified>Admin</userlastmodified>
      <datecreated>Fri, 02 Nov 2012 16:46:31 GMT</datecreated>
      <usercreated>Admin</usercreated>
      <flags>0</flags>
      <properties/>
      <relations/>
      <accesscontrol/>
    </file>
    <file>
      <source>system/modules/org.opencms.ade.properties/resources/properties/AB193F88C59FE43073B7E3554AE1E4E1.cache.png</source>
      <destination>system/modules/org.opencms.ade.properties/resources/properties/AB193F88C59FE43073B7E3554AE1E4E1.cache.png</destination>
      <type>image</type>
      <uuidstructure>dadabe34-250c-11e2-98b5-a52d8ec80b54</uuidstructure>
      <uuidresource>dadabe35-250c-11e2-98b5-a52d8ec80b54</uuidresource>
      <datelastmodified>Fri, 02 Nov 2012 16:46:31 GMT</datelastmodified>
      <userlastmodified>Admin</userlastmodified>
      <datecreated>Fri, 02 Nov 2012 16:46:31 GMT</datecreated>
      <usercreated>Admin</usercreated>
      <flags>0</flags>
      <properties/>
      <relations/>
      <accesscontrol/>
    </file>
    <file>
      <source>system/modules/org.opencms.ade.properties/resources/properties/AB196D9D7834625802449A82C5811B43.cache.png</source>
      <destination>system/modules/org.opencms.ade.properties/resources/properties/AB196D9D7834625802449A82C5811B43.cache.png</destination>
      <type>image</type>
      <uuidstructure>dcf97823-250f-11e2-a40d-6d0c194fe229</uuidstructure>
      <uuidresource>dcf97824-250f-11e2-a40d-6d0c194fe229</uuidresource>
      <datelastmodified>Fri, 02 Nov 2012 17:08:03 GMT</datelastmodified>
      <userlastmodified>Admin</userlastmodified>
      <datecreated>Fri, 02 Nov 2012 17:08:03 GMT</datecreated>
      <usercreated>Admin</usercreated>
      <flags>0</flags>
      <properties/>
      <relations/>
      <accesscontrol/>
    </file>
    <file>
      <source>system/modules/org.opencms.ade.properties/resources/properties/BBE79FE9C388A062A6B594894C4044E8.cache.png</source>
      <destination>system/modules/org.opencms.ade.properties/resources/properties/BBE79FE9C388A062A6B594894C4044E8.cache.png</destination>
      <type>image</type>
      <uuidstructure>dadd0826-250c-11e2-98b5-a52d8ec80b54</uuidstructure>
      <uuidresource>dadd0827-250c-11e2-98b5-a52d8ec80b54</uuidresource>
      <datelastmodified>Fri, 02 Nov 2012 16:46:31 GMT</datelastmodified>
      <userlastmodified>Admin</userlastmodified>
      <datecreated>Fri, 02 Nov 2012 16:46:31 GMT</datecreated>
      <usercreated>Admin</usercreated>
      <flags>0</flags>
      <properties/>
      <relations/>
      <accesscontrol/>
    </file>
    <file>
      <source>system/modules/org.opencms.ade.properties/resources/properties/BC31847090F12A42F8370C7772D75499.cache.gif</source>
      <destination>system/modules/org.opencms.ade.properties/resources/properties/BC31847090F12A42F8370C7772D75499.cache.gif</destination>
      <type>image</type>
      <uuidstructure>dadd0828-250c-11e2-98b5-a52d8ec80b54</uuidstructure>
      <uuidresource>dadd0829-250c-11e2-98b5-a52d8ec80b54</uuidresource>
      <datelastmodified>Fri, 02 Nov 2012 16:46:31 GMT</datelastmodified>
      <userlastmodified>Admin</userlastmodified>
      <datecreated>Fri, 02 Nov 2012 16:46:31 GMT</datecreated>
      <usercreated>Admin</usercreated>
      <flags>0</flags>
      <properties/>
      <relations/>
      <accesscontrol/>
    </file>
    <file>
      <source>system/modules/org.opencms.ade.properties/resources/properties/BC4060A672A6E9FEC3C40F408301EFC6.cache.png</source>
      <destination>system/modules/org.opencms.ade.properties/resources/properties/BC4060A672A6E9FEC3C40F408301EFC6.cache.png</destination>
      <type>image</type>
      <uuidstructure>dadd082a-250c-11e2-98b5-a52d8ec80b54</uuidstructure>
      <uuidresource>dadd082b-250c-11e2-98b5-a52d8ec80b54</uuidresource>
      <datelastmodified>Fri, 02 Nov 2012 16:46:31 GMT</datelastmodified>
      <userlastmodified>Admin</userlastmodified>
      <datecreated>Fri, 02 Nov 2012 16:46:31 GMT</datecreated>
      <usercreated>Admin</usercreated>
      <flags>0</flags>
      <properties/>
      <relations/>
      <accesscontrol/>
    </file>
    <file>
      <source>system/modules/org.opencms.ade.properties/resources/properties/C4E7AE2AFCDCAD9F4590E02BBF69A6EA.cache.gif</source>
      <destination>system/modules/org.opencms.ade.properties/resources/properties/C4E7AE2AFCDCAD9F4590E02BBF69A6EA.cache.gif</destination>
      <type>image</type>
      <uuidstructure>dadf792e-250c-11e2-98b5-a52d8ec80b54</uuidstructure>
      <uuidresource>dadf792f-250c-11e2-98b5-a52d8ec80b54</uuidresource>
      <datelastmodified>Fri, 02 Nov 2012 16:46:31 GMT</datelastmodified>
      <userlastmodified>Admin</userlastmodified>
      <datecreated>Fri, 02 Nov 2012 16:46:31 GMT</datecreated>
      <usercreated>Admin</usercreated>
      <flags>0</flags>
      <properties/>
      <relations/>
      <accesscontrol/>
    </file>
    <file>
      <source>system/modules/org.opencms.ade.properties/resources/properties/C62A1C906AE595C56C586D0305BB6C50.cache.gif</source>
      <destination>system/modules/org.opencms.ade.properties/resources/properties/C62A1C906AE595C56C586D0305BB6C50.cache.gif</destination>
      <type>image</type>
      <uuidstructure>dae43420-250c-11e2-98b5-a52d8ec80b54</uuidstructure>
      <uuidresource>dae43421-250c-11e2-98b5-a52d8ec80b54</uuidresource>
      <datelastmodified>Fri, 02 Nov 2012 16:46:31 GMT</datelastmodified>
      <userlastmodified>Admin</userlastmodified>
      <datecreated>Fri, 02 Nov 2012 16:46:31 GMT</datecreated>
      <usercreated>Admin</usercreated>
      <flags>0</flags>
      <properties/>
      <relations/>
      <accesscontrol/>
    </file>
    <file>
      <source>system/modules/org.opencms.ade.properties/resources/properties/CD452626E44B1D27115781B923D2F971.cache.png</source>
      <destination>system/modules/org.opencms.ade.properties/resources/properties/CD452626E44B1D27115781B923D2F971.cache.png</destination>
      <type>image</type>
      <uuidstructure>dae8ef16-250c-11e2-98b5-a52d8ec80b54</uuidstructure>
      <uuidresource>dae8ef17-250c-11e2-98b5-a52d8ec80b54</uuidresource>
      <datelastmodified>Fri, 02 Nov 2012 16:46:31 GMT</datelastmodified>
      <userlastmodified>Admin</userlastmodified>
      <datecreated>Fri, 02 Nov 2012 16:46:31 GMT</datecreated>
      <usercreated>Admin</usercreated>
      <flags>0</flags>
      <properties/>
      <relations/>
      <accesscontrol/>
    </file>
    <file>
      <source>system/modules/org.opencms.ade.properties/resources/properties/clear.cache.gif</source>
      <destination>system/modules/org.opencms.ade.properties/resources/properties/clear.cache.gif</destination>
      <type>image</type>
      <uuidstructure>2afa5146-24e3-11e2-b812-a159028e073e</uuidstructure>
      <uuidresource>2afa5147-24e3-11e2-b812-a159028e073e</uuidresource>
      <datelastmodified>Fri, 02 Nov 2012 11:48:07 GMT</datelastmodified>
      <userlastmodified>Admin</userlastmodified>
      <datecreated>Fri, 02 Nov 2012 11:48:07 GMT</datecreated>
      <usercreated>Admin</usercreated>
      <flags>0</flags>
      <properties/>
      <relations/>
      <accesscontrol/>
    </file>
    <file>
      <source>system/modules/org.opencms.ade.properties/resources/properties/D164AE4B2C36F7E2EC3E7B33F7880692.cache.png</source>
      <destination>system/modules/org.opencms.ade.properties/resources/properties/D164AE4B2C36F7E2EC3E7B33F7880692.cache.png</destination>
      <type>image</type>
      <uuidstructure>dae8ef18-250c-11e2-98b5-a52d8ec80b54</uuidstructure>
      <uuidresource>dae8ef19-250c-11e2-98b5-a52d8ec80b54</uuidresource>
      <datelastmodified>Fri, 02 Nov 2012 16:46:31 GMT</datelastmodified>
      <userlastmodified>Admin</userlastmodified>
      <datecreated>Fri, 02 Nov 2012 16:46:31 GMT</datecreated>
      <usercreated>Admin</usercreated>
      <flags>0</flags>
      <properties/>
      <relations/>
      <accesscontrol/>
    </file>
    <file>
      <source>system/modules/org.opencms.ade.properties/resources/properties/D5F586C438B34AD62B41411FC16B0579.cache.png</source>
      <destination>system/modules/org.opencms.ade.properties/resources/properties/D5F586C438B34AD62B41411FC16B0579.cache.png</destination>
      <type>image</type>
      <uuidstructure>daeb601a-250c-11e2-98b5-a52d8ec80b54</uuidstructure>
      <uuidresource>daeb601b-250c-11e2-98b5-a52d8ec80b54</uuidresource>
      <datelastmodified>Fri, 02 Nov 2012 16:46:31 GMT</datelastmodified>
      <userlastmodified>Admin</userlastmodified>
      <datecreated>Fri, 02 Nov 2012 16:46:31 GMT</datecreated>
      <usercreated>Admin</usercreated>
      <flags>0</flags>
      <properties/>
      <relations/>
      <accesscontrol/>
    </file>
    <file>
      <source>system/modules/org.opencms.ade.properties/resources/properties/DB77414A9B90F3BC2249D073D7FA8FFA.cache.png</source>
      <destination>system/modules/org.opencms.ade.properties/resources/properties/DB77414A9B90F3BC2249D073D7FA8FFA.cache.png</destination>
      <type>image</type>
      <uuidstructure>daeb601c-250c-11e2-98b5-a52d8ec80b54</uuidstructure>
      <uuidresource>daeb601d-250c-11e2-98b5-a52d8ec80b54</uuidresource>
      <datelastmodified>Fri, 02 Nov 2012 16:46:31 GMT</datelastmodified>
      <userlastmodified>Admin</userlastmodified>
      <datecreated>Fri, 02 Nov 2012 16:46:31 GMT</datecreated>
      <usercreated>Admin</usercreated>
      <flags>0</flags>
      <properties/>
      <relations/>
      <accesscontrol/>
    </file>
    <file>
      <source>system/modules/org.opencms.ade.properties/resources/properties/DE6D506998BC702C9DB949F7F80C8A14.cache.png</source>
      <destination>system/modules/org.opencms.ade.properties/resources/properties/DE6D506998BC702C9DB949F7F80C8A14.cache.png</destination>
      <type>image</type>
      <uuidstructure>daedd11e-250c-11e2-98b5-a52d8ec80b54</uuidstructure>
      <uuidresource>daedd11f-250c-11e2-98b5-a52d8ec80b54</uuidresource>
      <datelastmodified>Fri, 02 Nov 2012 16:46:31 GMT</datelastmodified>
      <userlastmodified>Admin</userlastmodified>
      <datecreated>Fri, 02 Nov 2012 16:46:31 GMT</datecreated>
      <usercreated>Admin</usercreated>
      <flags>0</flags>
      <properties/>
      <relations/>
      <accesscontrol/>
    </file>
    <file>
      <source>system/modules/org.opencms.ade.properties/resources/properties/E30C58794782F528AA8C1B61B8014A21.cache.png</source>
      <destination>system/modules/org.opencms.ade.properties/resources/properties/E30C58794782F528AA8C1B61B8014A21.cache.png</destination>
      <type>image</type>
      <uuidstructure>daedd120-250c-11e2-98b5-a52d8ec80b54</uuidstructure>
      <uuidresource>daedd121-250c-11e2-98b5-a52d8ec80b54</uuidresource>
      <datelastmodified>Fri, 02 Nov 2012 16:46:31 GMT</datelastmodified>
      <userlastmodified>Admin</userlastmodified>
      <datecreated>Fri, 02 Nov 2012 16:46:31 GMT</datecreated>
      <usercreated>Admin</usercreated>
      <flags>0</flags>
      <properties/>
      <relations/>
      <accesscontrol/>
    </file>
    <file>
      <source>system/modules/org.opencms.ade.properties/resources/properties/E5410C4FBA247FAF319663A7DFEBA0C9.cache.png</source>
      <destination>system/modules/org.opencms.ade.properties/resources/properties/E5410C4FBA247FAF319663A7DFEBA0C9.cache.png</destination>
      <type>image</type>
      <uuidstructure>daf01b12-250c-11e2-98b5-a52d8ec80b54</uuidstructure>
      <uuidresource>daf01b13-250c-11e2-98b5-a52d8ec80b54</uuidresource>
      <datelastmodified>Fri, 02 Nov 2012 16:46:31 GMT</datelastmodified>
      <userlastmodified>Admin</userlastmodified>
      <datecreated>Fri, 02 Nov 2012 16:46:31 GMT</datecreated>
      <usercreated>Admin</usercreated>
      <flags>0</flags>
      <properties/>
      <relations/>
      <accesscontrol/>
    </file>
    <file>
      <source>system/modules/org.opencms.ade.properties/resources/properties/F5E19CF37E950AEA3856EAC6CF4E170D.gwt.rpc</source>
      <destination>system/modules/org.opencms.ade.properties/resources/properties/F5E19CF37E950AEA3856EAC6CF4E170D.gwt.rpc</destination>
      <type>plain</type>
      <uuidstructure>a449dd79-28d7-11e2-b03f-9316b28cdbb9</uuidstructure>
      <uuidresource>a449dd7a-28d7-11e2-b03f-9316b28cdbb9</uuidresource>
      <datelastmodified>Wed, 07 Nov 2012 12:35:41 GMT</datelastmodified>
      <userlastmodified>Admin</userlastmodified>
      <datecreated>Wed, 07 Nov 2012 12:35:41 GMT</datecreated>
      <usercreated>Admin</usercreated>
      <flags>0</flags>
      <properties/>
      <relations/>
      <accesscontrol/>
    </file>
    <file>
      <source>system/modules/org.opencms.ade.properties/resources/properties/FABA47515896922C62828F7194DD4D7B.cache.png</source>
      <destination>system/modules/org.opencms.ade.properties/resources/properties/FABA47515896922C62828F7194DD4D7B.cache.png</destination>
      <type>image</type>
      <uuidstructure>daf28c16-250c-11e2-98b5-a52d8ec80b54</uuidstructure>
      <uuidresource>daf28c17-250c-11e2-98b5-a52d8ec80b54</uuidresource>
      <datelastmodified>Fri, 02 Nov 2012 16:46:31 GMT</datelastmodified>
      <userlastmodified>Admin</userlastmodified>
      <datecreated>Fri, 02 Nov 2012 16:46:31 GMT</datecreated>
      <usercreated>Admin</usercreated>
      <flags>0</flags>
      <properties/>
      <relations/>
      <accesscontrol/>
    </file>
    <file>
      <source>system/modules/org.opencms.ade.properties/resources/properties/FB17FA3513A8D75A35707EEE3E8B97F8.cache.png</source>
      <destination>system/modules/org.opencms.ade.properties/resources/properties/FB17FA3513A8D75A35707EEE3E8B97F8.cache.png</destination>
      <type>image</type>
      <uuidstructure>dcfe3319-250f-11e2-a40d-6d0c194fe229</uuidstructure>
      <uuidresource>dcfe331a-250f-11e2-a40d-6d0c194fe229</uuidresource>
      <datelastmodified>Fri, 02 Nov 2012 17:08:03 GMT</datelastmodified>
      <userlastmodified>Admin</userlastmodified>
      <datecreated>Fri, 02 Nov 2012 17:08:03 GMT</datecreated>
      <usercreated>Admin</usercreated>
      <flags>0</flags>
      <properties/>
      <relations/>
      <accesscontrol/>
    </file>
    <file>
      <source>system/modules/org.opencms.ade.properties/resources/properties/hosted.html</source>
      <destination>system/modules/org.opencms.ade.properties/resources/properties/hosted.html</destination>
      <type>plain</type>
      <uuidstructure>2aff0c40-24e3-11e2-b812-a159028e073e</uuidstructure>
      <uuidresource>2aff0c41-24e3-11e2-b812-a159028e073e</uuidresource>
      <datelastmodified>Fri, 02 Nov 2012 11:48:07 GMT</datelastmodified>
      <userlastmodified>Admin</userlastmodified>
      <datecreated>Fri, 02 Nov 2012 11:48:07 GMT</datecreated>
      <usercreated>Admin</usercreated>
      <flags>0</flags>
      <properties/>
      <relations/>
      <accesscontrol/>
    </file>
    <file>
      <source>system/modules/org.opencms.ade.properties/resources/properties/properties.nocache.js</source>
      <destination>system/modules/org.opencms.ade.properties/resources/properties/properties.nocache.js</destination>
      <type>plain</type>
      <uuidstructure>2aff0c42-24e3-11e2-b812-a159028e073e</uuidstructure>
      <uuidresource>2aff0c43-24e3-11e2-b812-a159028e073e</uuidresource>
      <datelastmodified>Fri, 02 Nov 2012 11:48:07 GMT</datelastmodified>
      <userlastmodified>Admin</userlastmodified>
      <datecreated>Fri, 02 Nov 2012 11:48:07 GMT</datecreated>
      <usercreated>Admin</usercreated>
      <flags>0</flags>
      <properties/>
      <relations/>
      <accesscontrol/>
    </file>
  </files>
</export>
