<?xml version="1.0" encoding="UTF-8"?>

<export>
	<info>
		<creator>Admin</creator>
		<opencms_version>8.5.0</opencms_version>
		<createdate>Thu, 23 Feb 2012 13:17:44 GMT</createdate>
		<infoproject>Offline</infoproject>
		<export_version>7</export_version>
	</info>
	<module>
		<name>org.opencms.workplace.tools.workplace</name>
		<nicename><![CDATA[OpenCms 8 Workplace management tools]]></nicename>
		<group>OpenCms Workplace</group>
		<class/>
		<description><![CDATA[<p>This module contains the OpenCms Workplace maintenance tools.</p>
<p><i>&copy; 2013 by Alkacon Software GmbH (http://www.alkacon.com).</i></p>]]></description>
		<version>8.5.0</version>
		<authorname><![CDATA[Alkacon Software GmbH]]></authorname>
		<authoremail><![CDATA[info@alkacon.com]]></authoremail>
		<datecreated>Mon, 27 Jun 2005 08:00:00 GMT</datecreated>
		<userinstalled/>
		<dateinstalled/>
		<dependencies>
			<dependency name="org.opencms.workplace.administration" version="1.0.0"/>
		</dependencies>
		<exportpoints>
			<exportpoint uri="/system/modules/org.opencms.workplace.tools.workplace/lib/" destination="WEB-INF/lib/"/>
		</exportpoints>
		<resources>
			<resource uri="/system/workplace/admin/workplace/broadcast_message.jsp"/>
			<resource uri="/system/workplace/admin/workplace/broadcast_message_all.jsp"/>
			<resource uri="/system/workplace/admin/workplace/groups_send_email.jsp"/>
			<resource uri="/system/workplace/admin/workplace/groups_send_popup.jsp"/>
			<resource uri="/system/workplace/admin/workplace/loginmessage.jsp"/>
			<resource uri="/system/workplace/admin/workplace/reinitialize.jsp"/>
			<resource uri="/system/workplace/admin/workplace/send_email.jsp"/>
			<resource uri="/system/workplace/admin/workplace/send_email_all.jsp"/>
			<resource uri="/system/workplace/admin/workplace/send_mail_groups.jsp"/>
			<resource uri="/system/workplace/admin/workplace/send_popup_groups.jsp"/>
			<resource uri="/system/workplace/admin/workplace/sessions.jsp"/>
			<resource uri="/system/workplace/admin/workplace/synchronize.jsp"/>
			<resource uri="/system/workplace/admin/workplace/logfileview/dodownload.jsp"/>
			<resource uri="/system/workplace/admin/workplace/logfileview/download.jsp"/>
			<resource uri="/system/workplace/admin/workplace/logfileview/downloadTrigger.jsp"/>
			<resource uri="/system/workplace/admin/workplace/logfileview/index.jsp"/>
			<resource uri="/system/workplace/admin/workplace/logfileview/logfileViewSettings.jsp"/>
			<resource uri="/system/workplace/resources/tools/workplace/buttons/message_notpending.png"/>
			<resource uri="/system/workplace/resources/tools/workplace/buttons/message_pending.png"/>
			<resource uri="/system/workplace/resources/tools/workplace/buttons/multi_send_email.png"/>
			<resource uri="/system/workplace/resources/tools/workplace/buttons/multi_send_message.png"/>
			<resource uri="/system/workplace/resources/tools/workplace/buttons/send_message.png"/>
			<resource uri="/system/workplace/resources/tools/workplace/icons/big/fileview_download.png"/>
			<resource uri="/system/workplace/resources/tools/workplace/icons/big/fileview_settings.png"/>
			<resource uri="/system/workplace/resources/tools/workplace/icons/big/fileview_view.png"/>
			<resource uri="/system/workplace/resources/tools/workplace/icons/big/folder_refresh.png"/>
			<resource uri="/system/workplace/resources/tools/workplace/icons/big/send_email.png"/>
			<resource uri="/system/workplace/resources/tools/workplace/icons/big/send_email_groups.png"/>
			<resource uri="/system/workplace/resources/tools/workplace/icons/big/send_message.png"/>
			<resource uri="/system/workplace/resources/tools/workplace/icons/big/send_popup_groups.png"/>
			<resource uri="/system/workplace/resources/tools/workplace/icons/big/workplace.png"/>
			<resource uri="/system/workplace/resources/tools/workplace/icons/big/workplace_broadcast.png"/>
			<resource uri="/system/workplace/resources/tools/workplace/icons/big/workplace_loginmessage.png"/>
			<resource uri="/system/workplace/resources/tools/workplace/icons/big/workplace_reload.png"/>
			<resource uri="/system/workplace/resources/tools/workplace/icons/small/workplace.png"/>
			<resource uri="/system/modules/org.opencms.workplace.tools.workplace/"/>
			<resource uri="/system/workplace/resources/buttons/log_button_debug_a_2.png"/>
			<resource uri="/system/workplace/resources/buttons/log_button_debug_i_2.png"/>
			<resource uri="/system/workplace/resources/buttons/log_button_error_a_2.png"/>
			<resource uri="/system/workplace/resources/buttons/log_button_error_i_2.png"/>
			<resource uri="/system/workplace/resources/buttons/log_button_fatal_a_2.png"/>
			<resource uri="/system/workplace/resources/buttons/log_button_fatal_i_2.png"/>
			<resource uri="/system/workplace/resources/buttons/log_button_file_off_2.png"/>
			<resource uri="/system/workplace/resources/buttons/log_button_file_on_2.png"/>
			<resource uri="/system/workplace/resources/buttons/log_button_info_a_2.png"/>
			<resource uri="/system/workplace/resources/buttons/log_button_info_i_2.png"/>
			<resource uri="/system/workplace/resources/buttons/log_button_off_a_2.png"/>
			<resource uri="/system/workplace/resources/buttons/log_button_off_i_2.png"/>
			<resource uri="/system/workplace/resources/buttons/log_button_warn_a_2.png"/>
			<resource uri="/system/workplace/resources/buttons/log_button_warn_i_2.png"/>
			<resource uri="/system/workplace/admin/workplace/logging/index.jsp"/>
			<resource uri="/system/workplace/resources/tools/workplace/icons/big/log_preferences.png"/>
		</resources>
		<parameters/>
	</module>
	<files>
		<file>
			<destination>system</destination>
			<type>folder</type>
			<uuidstructure>b235abf6-5262-11e1-ba62-e7aa6134161f</uuidstructure>
			<datelastmodified>Thu, 09 Feb 2012 15:13:37 GMT</datelastmodified>
			<userlastmodified>Admin</userlastmodified>
			<datecreated>Wed, 08 Feb 2012 14:39:25 GMT</datecreated>
			<usercreated>Admin</usercreated>
			<flags>0</flags>
			<properties/>
			<relations/>
			<accesscontrol>
				<accessentry>
					<uuidprincipal>GROUP.Users</uuidprincipal>
					<flags>34</flags>
					<permissionset>
						<allowed>1</allowed>
						<denied>0</denied>
					</permissionset>
				</accessentry>
			</accesscontrol>
		</file>
		<file>
			<destination>system/modules</destination>
			<type>folder</type>
			<uuidstructure>b38117f2-5262-11e1-ba62-e7aa6134161f</uuidstructure>
			<datelastmodified>Wed, 08 Feb 2012 14:39:26 GMT</datelastmodified>
			<userlastmodified>Admin</userlastmodified>
			<datecreated>Wed, 08 Feb 2012 14:39:26 GMT</datecreated>
			<usercreated>Admin</usercreated>
			<flags>0</flags>
			<properties/>
			<relations/>
			<accesscontrol>
				<accessentry>
					<uuidprincipal>ROLE.WORKPLACE_USER</uuidprincipal>
					<flags>514</flags>
					<permissionset>
						<allowed>5</allowed>
						<denied>0</denied>
					</permissionset>
				</accessentry>
			</accesscontrol>
		</file>
		<file>
			<destination>system/modules/org.opencms.workplace.tools.workplace</destination>
			<type>folder</type>
			<uuidstructure>c35a1668-11b7-11db-91cd-fdbae480bac9</uuidstructure>
			<datelastmodified>Mon, 27 Mar 2006 12:00:00 GMT</datelastmodified>
			<userlastmodified>Admin</userlastmodified>
			<datecreated>Mon, 10 Oct 2005 08:10:10 GMT</datecreated>
			<usercreated>Admin</usercreated>
			<flags>0</flags>
			<properties/>
			<relations/>
			<accesscontrol/>
		</file>
		<file>
			<destination>system/modules/org.opencms.workplace.tools.workplace/lib</destination>
			<type>folder</type>
			<uuidstructure>c35c876a-11b7-11db-91cd-fdbae480bac9</uuidstructure>
			<datelastmodified>Mon, 27 Mar 2006 12:00:00 GMT</datelastmodified>
			<userlastmodified>Admin</userlastmodified>
			<datecreated>Mon, 10 Oct 2005 08:10:10 GMT</datecreated>
			<usercreated>Admin</usercreated>
			<flags>0</flags>
			<properties/>
			<relations/>
			<accesscontrol/>
		</file>
		<file>
			<source>system/modules/org.opencms.workplace.tools.workplace/lib/org.opencms.workplace.tools.workplace.jar</source>
			<destination>system/modules/org.opencms.workplace.tools.workplace/lib/org.opencms.workplace.tools.workplace.jar</destination>
			<type>binary</type>
			<uuidstructure>c361425b-11b7-11db-91cd-fdbae480bac9</uuidstructure>
			<uuidresource>936fac3c-3b2c-11da-8883-df763b25cc68</uuidresource>
			<datelastmodified>Mon, 27 Mar 2006 12:00:00 GMT</datelastmodified>
			<userlastmodified>Admin</userlastmodified>
			<datecreated>Mon, 10 Oct 2005 08:10:10 GMT</datecreated>
			<usercreated>Admin</usercreated>
			<flags>0</flags>
			<properties/>
			<relations/>
			<accesscontrol/>
		</file>
		<file>
			<destination>system/workplace</destination>
			<type>folder</type>
			<uuidstructure>440448d6-8a90-11e0-ad6c-bff56146ac12</uuidstructure>
			<datelastmodified>Mon, 27 Mar 2006 12:00:00 GMT</datelastmodified>
			<userlastmodified>Admin</userlastmodified>
			<datecreated>Mon, 27 Jun 2005 08:00:00 GMT</datecreated>
			<usercreated>Admin</usercreated>
			<flags>0</flags>
			<properties>
				<property>
					<name>content-encoding</name>
					<value><![CDATA[UTF-8]]></value>
				</property>
				<property>
					<name>export</name>
					<value><![CDATA[false]]></value>
				</property>
				<property>
					<name>login-form</name>
					<value><![CDATA[/system/login/index.html]]></value>
				</property>
			</properties>
			<relations/>
			<accesscontrol>
				<accessentry>
					<uuidprincipal>ALL_OTHERS</uuidprincipal>
					<flags>134</flags>
					<permissionset>
						<allowed>0</allowed>
						<denied>0</denied>
					</permissionset>
				</accessentry>
				<accessentry>
					<uuidprincipal>ROLE.WORKPLACE_USER</uuidprincipal>
					<flags>518</flags>
					<permissionset>
						<allowed>5</allowed>
						<denied>0</denied>
					</permissionset>
				</accessentry>
			</accesscontrol>
		</file>
		<file>
			<destination>system/workplace/admin</destination>
			<type>folder</type>
			<uuidstructure>825fb7db-11b7-11db-91cd-fdbae480bac9</uuidstructure>
			<datelastmodified>Mon, 27 Mar 2006 12:00:00 GMT</datelastmodified>
			<userlastmodified>Admin</userlastmodified>
			<datecreated>Mon, 27 Jun 2005 08:00:00 GMT</datecreated>
			<usercreated>Admin</usercreated>
			<flags>0</flags>
			<properties>
				<property>
					<name>Title</name>
					<value><![CDATA[Administration View]]></value>
				</property>
				<property>
					<name>cache</name>
					<value><![CDATA[bypass]]></value>
				</property>
			</properties>
			<relations/>
			<accesscontrol/>
		</file>
		<file>
			<destination>system/workplace/admin/workplace</destination>
			<type>folder</type>
			<uuidstructure>c366245e-11b7-11db-91cd-fdbae480bac9</uuidstructure>
			<datelastmodified>Mon, 27 Mar 2006 12:00:00 GMT</datelastmodified>
			<userlastmodified>Admin</userlastmodified>
			<datecreated>Mon, 27 Jun 2005 08:00:00 GMT</datecreated>
			<usercreated>Admin</usercreated>
			<flags>0</flags>
			<properties>
				<property>
					<name>Description</name>
					<value><![CDATA[${key.GUI_WORKPLACE_TOOL_HELP_0}]]></value>
				</property>
				<property>
					<name>NavImage</name>
					<value><![CDATA[tools/workplace/icons/big/workplace.png:tools/workplace/icons/small/workplace.png]]></value>
				</property>
				<property>
					<name>NavInfo</name>
					<value><![CDATA[${key.GUI_WORKPLACE_TOOL_GROUP_0}]]></value>
				</property>
				<property>
					<name>NavPos</name>
					<value><![CDATA[120.0]]></value>
				</property>
				<property>
					<name>NavText</name>
					<value><![CDATA[${key.GUI_WORKPLACE_TOOL_NAME_0}]]></value>
				</property>
				<property>
					<name>Title</name>
					<value><![CDATA[Workplace management tools]]></value>
				</property>
				<property>
					<name>admintoolhandler-class</name>
					<value><![CDATA[org.opencms.workplace.tools.workplace.CmsWorkplaceToolHandler]]></value>
				</property>
			</properties>
			<relations/>
			<accesscontrol/>
		</file>
		<file>
			<source>system/workplace/admin/workplace/broadcast_message.jsp</source>
			<destination>system/workplace/admin/workplace/broadcast_message.jsp</destination>
			<type>jsp</type>
			<uuidstructure>c36f9a4f-11b7-11db-91cd-fdbae480bac9</uuidstructure>
			<uuidresource>7c202038-dd81-11d9-a3c8-efaaea26ed93</uuidresource>
			<datelastmodified>Mon, 27 Mar 2006 12:00:00 GMT</datelastmodified>
			<userlastmodified>Admin</userlastmodified>
			<datecreated>Mon, 27 Jun 2005 08:00:00 GMT</datecreated>
			<usercreated>Admin</usercreated>
			<flags>0</flags>
			<properties>
				<property>
					<name>Description</name>
					<value><![CDATA[${key.GUI_WORKPLACE_MESSAGE_ADMIN_TOOL_HELP_0}]]></value>
				</property>
				<property>
					<name>NavImage</name>
					<value><![CDATA[tools/workplace/icons/big/send_message.png]]></value>
				</property>
				<property>
					<name>NavInfo</name>
					<value><![CDATA[${key.GUI_WORKPLACE_MESSAGE_ADMIN_TOOL_GROUP_0}]]></value>
				</property>
				<property>
					<name>NavPos</name>
					<value><![CDATA[1]]></value>
				</property>
				<property>
					<name>NavText</name>
					<value><![CDATA[${key.GUI_WORKPLACE_MESSAGE_ADMIN_TOOL_NAME_0}]]></value>
				</property>
				<property>
					<name>Title</name>
					<value><![CDATA[Edit Message to Broadcast]]></value>
				</property>
				<property>
					<name>admintoolhandler-args</name>
					<value><![CDATA[path:/workplace/broadcast/message]]></value>
				</property>
				<property>
					<name>admintoolhandler-class</name>
					<value><![CDATA[org.opencms.workplace.tools.CmsInvisibleToolHandler]]></value>
				</property>
				<property type="shared">
					<name>export</name>
					<value><![CDATA[false]]></value>
				</property>
			</properties>
			<relations/>
			<accesscontrol/>
		</file>
		<file>
			<destination>system/workplace/admin/workplace/broadcast_message_all.jsp</destination>
			<type>jsp</type>
			<uuidstructure>c37b813d-11b7-11db-91cd-fdbae480bac9</uuidstructure>
			<uuidresource>7c202038-dd81-11d9-a3c8-efaaea26ed93</uuidresource>
			<datelastmodified>Mon, 27 Mar 2006 12:00:00 GMT</datelastmodified>
			<userlastmodified>Admin</userlastmodified>
			<datecreated>Mon, 27 Jun 2005 08:00:00 GMT</datecreated>
			<usercreated>Admin</usercreated>
			<flags>0</flags>
			<properties>
				<property>
					<name>Description</name>
					<value><![CDATA[${key.GUI_WORKPLACE_MESSAGE_ALL_ADMIN_TOOL_HELP_0}]]></value>
				</property>
				<property>
					<name>NavImage</name>
					<value><![CDATA[tools/workplace/icons/big/send_message.png]]></value>
				</property>
				<property>
					<name>NavInfo</name>
					<value><![CDATA[${key.GUI_WORKPLACE_MESSAGE_ALL_ADMIN_TOOL_GROUP_0}]]></value>
				</property>
				<property>
					<name>NavPos</name>
					<value><![CDATA[3]]></value>
				</property>
				<property>
					<name>NavText</name>
					<value><![CDATA[${key.GUI_WORKPLACE_MESSAGE_ALL_ADMIN_TOOL_NAME_0}]]></value>
				</property>
				<property>
					<name>Title</name>
					<value><![CDATA[Edit Message to Broadcast to All]]></value>
				</property>
				<property>
					<name>admintoolhandler-args</name>
					<value><![CDATA[path:/workplace/broadcast/messageall]]></value>
				</property>
				<property>
					<name>admintoolhandler-class</name>
					<value><![CDATA[org.opencms.workplace.tools.workplace.CmsWorkplaceToolHandler]]></value>
				</property>
				<property type="shared">
					<name>export</name>
					<value><![CDATA[false]]></value>
				</property>
			</properties>
			<relations/>
			<accesscontrol/>
		</file>
		<file>
			<source>system/workplace/admin/workplace/groups_send_email.jsp</source>
			<destination>system/workplace/admin/workplace/groups_send_email.jsp</destination>
			<type>jsp</type>
			<uuidstructure>132398a4-c27a-11db-a7d7-d1e27da85d64</uuidstructure>
			<uuidresource>132398a5-c27a-11db-a7d7-d1e27da85d64</uuidresource>
			<datelastmodified>Thu, 22 Feb 2007 15:18:15 GMT</datelastmodified>
			<userlastmodified>Admin</userlastmodified>
			<datecreated>Thu, 22 Feb 2007 13:39:10 GMT</datecreated>
			<usercreated>Admin</usercreated>
			<flags>0</flags>
			<properties>
				<property type="shared">
					<name>export</name>
					<value><![CDATA[false]]></value>
				</property>
			</properties>
			<relations/>
			<accesscontrol/>
		</file>
		<file>
			<source>system/workplace/admin/workplace/groups_send_popup.jsp</source>
			<destination>system/workplace/admin/workplace/groups_send_popup.jsp</destination>
			<type>jsp</type>
			<uuidstructure>fd9a686f-c287-11db-92ef-d1e27da85d64</uuidstructure>
			<uuidresource>fd9a6870-c287-11db-92ef-d1e27da85d64</uuidresource>
			<datelastmodified>Thu, 22 Feb 2007 15:19:06 GMT</datelastmodified>
			<userlastmodified>Admin</userlastmodified>
			<datecreated>Thu, 22 Feb 2007 15:18:46 GMT</datecreated>
			<usercreated>Admin</usercreated>
			<flags>0</flags>
			<properties>
				<property type="shared">
					<name>export</name>
					<value><![CDATA[false]]></value>
				</property>
			</properties>
			<relations/>
			<accesscontrol/>
		</file>
		<file>
			<destination>system/workplace/admin/workplace/logfileview</destination>
			<type>folder</type>
			<uuidstructure>c395c044-11b7-11db-91cd-fdbae480bac9</uuidstructure>
			<datelastmodified>Mon, 27 Mar 2006 12:00:00 GMT</datelastmodified>
			<userlastmodified>Admin</userlastmodified>
			<datecreated>Mon, 27 Jun 2005 08:00:00 GMT</datecreated>
			<usercreated>Admin</usercreated>
			<flags>0</flags>
			<properties>
				<property>
					<name>Description</name>
					<value><![CDATA[${key.GUI_WORKPLACE_LOGVIEW_HELP_0}]]></value>
				</property>
				<property>
					<name>NavImage</name>
					<value><![CDATA[tools/workplace/icons/big/fileview_view.png]]></value>
				</property>
				<property>
					<name>NavInfo</name>
					<value><![CDATA[${key.GUI_WORKPLACE_BASIC_GROUP_0}]]></value>
				</property>
				<property>
					<name>NavPos</name>
					<value><![CDATA[3]]></value>
				</property>
				<property>
					<name>NavText</name>
					<value><![CDATA[${key.GUI_WORKPLACE_LOGVIEW_NAME_0}]]></value>
				</property>
				<property>
					<name>Title</name>
					<value><![CDATA[View log file]]></value>
				</property>
				<property>
					<name>admintoolhandler-class</name>
					<value><![CDATA[org.opencms.workplace.tools.workplace.CmsWorkplaceToolHandler]]></value>
				</property>
				<property>
					<name>default-file</name>
					<value><![CDATA[index.jsp]]></value>
				</property>
			</properties>
			<relations/>
			<accesscontrol/>
		</file>
		<file>
			<source>system/workplace/admin/workplace/logfileview/dodownload.jsp</source>
			<destination>system/workplace/admin/workplace/logfileview/dodownload.jsp</destination>
			<type>jsp</type>
			<uuidstructure>c398314d-11b7-11db-91cd-fdbae480bac9</uuidstructure>
			<uuidresource>e39dfee5-e61e-11d9-85f0-ad0f10d5214f</uuidresource>
			<datelastmodified>Thu, 22 Feb 2007 08:33:08 GMT</datelastmodified>
			<userlastmodified>Admin</userlastmodified>
			<datecreated>Mon, 27 Jun 2005 08:00:00 GMT</datecreated>
			<usercreated>Admin</usercreated>
			<flags>0</flags>
			<properties>
				<property>
					<name>Title</name>
					<value><![CDATA[Download popup]]></value>
				</property>
				<property type="shared">
					<name>export</name>
					<value><![CDATA[false]]></value>
				</property>
			</properties>
			<relations/>
			<accesscontrol/>
		</file>
		<file>
			<source>system/workplace/admin/workplace/logfileview/download.jsp</source>
			<destination>system/workplace/admin/workplace/logfileview/download.jsp</destination>
			<type>jsp</type>
			<uuidstructure>c39a7b41-11b7-11db-91cd-fdbae480bac9</uuidstructure>
			<uuidresource>50614038-d8f8-11d9-b518-ef342b994563</uuidresource>
			<datelastmodified>Thu, 22 Feb 2007 08:33:08 GMT</datelastmodified>
			<userlastmodified>Admin</userlastmodified>
			<datecreated>Mon, 27 Jun 2005 08:00:00 GMT</datecreated>
			<usercreated>Admin</usercreated>
			<flags>0</flags>
			<properties>
				<property>
					<name>Description</name>
					<value><![CDATA[${key.GUI_WORKPLACE_LOGVIEW_DOWNLOAD_HELP_0}]]></value>
				</property>
				<property>
					<name>NavImage</name>
					<value><![CDATA[tools/workplace/icons/big/fileview_download.png]]></value>
				</property>
				<property>
					<name>NavInfo</name>
					<value><![CDATA[${key.GUI_WORKPLACE_LOGVIEW_GROUP_0}]]></value>
				</property>
				<property>
					<name>NavText</name>
					<value><![CDATA[${key.GUI_WORKPLACE_LOGVIEW_DOWNLOAD_NAME_0}]]></value>
				</property>
				<property>
					<name>Title</name>
					<value><![CDATA[Download file]]></value>
				</property>
				<property>
					<name>admintoolhandler-class</name>
					<value><![CDATA[org.opencms.workplace.tools.workplace.CmsWorkplaceToolHandler]]></value>
				</property>
				<property type="shared">
					<name>export</name>
					<value><![CDATA[false]]></value>
				</property>
			</properties>
			<relations/>
			<accesscontrol/>
		</file>
		<file>
			<source>system/workplace/admin/workplace/logfileview/downloadTrigger.jsp</source>
			<destination>system/workplace/admin/workplace/logfileview/downloadTrigger.jsp</destination>
			<type>jsp</type>
			<uuidstructure>c39f5d4a-11b7-11db-91cd-fdbae480bac9</uuidstructure>
			<uuidresource>9567518c-d8fa-11d9-b518-ef342b994563</uuidresource>
			<datelastmodified>Thu, 22 Feb 2007 08:33:08 GMT</datelastmodified>
			<userlastmodified>Admin</userlastmodified>
			<datecreated>Mon, 27 Jun 2005 08:00:00 GMT</datecreated>
			<usercreated>Admin</usercreated>
			<flags>0</flags>
			<properties>
				<property>
					<name>Title</name>
					<value><![CDATA[Download-Trigger]]></value>
				</property>
			</properties>
			<relations/>
			<accesscontrol/>
		</file>
		<file>
			<source>system/workplace/admin/workplace/logfileview/index.jsp</source>
			<destination>system/workplace/admin/workplace/logfileview/index.jsp</destination>
			<type>jsp</type>
			<uuidstructure>c3a1a73d-11b7-11db-91cd-fdbae480bac9</uuidstructure>
			<uuidresource>d91a12fd-d8f2-11d9-9822-ef342b994563</uuidresource>
			<datelastmodified>Thu, 22 Feb 2007 08:33:08 GMT</datelastmodified>
			<userlastmodified>Admin</userlastmodified>
			<datecreated>Mon, 27 Jun 2005 08:00:00 GMT</datecreated>
			<usercreated>Admin</usercreated>
			<flags>0</flags>
			<properties>
				<property>
					<name>Description</name>
					<value><![CDATA[${key.GUI_WORKPLACE_LOGVIEW_HELP_0}]]></value>
				</property>
				<property>
					<name>Title</name>
					<value><![CDATA[Logfile view]]></value>
				</property>
				<property type="shared">
					<name>export</name>
					<value><![CDATA[false]]></value>
				</property>
			</properties>
			<relations/>
			<accesscontrol/>
		</file>
		<file>
			<source>system/workplace/admin/workplace/logfileview/logfileViewSettings.jsp</source>
			<destination>system/workplace/admin/workplace/logfileview/logfileViewSettings.jsp</destination>
			<type>jsp</type>
			<uuidstructure>c3a41842-11b7-11db-91cd-fdbae480bac9</uuidstructure>
			<uuidresource>330f4a74-d8f4-11d9-9822-ef342b994563</uuidresource>
			<datelastmodified>Thu, 22 Feb 2007 08:33:08 GMT</datelastmodified>
			<userlastmodified>Admin</userlastmodified>
			<datecreated>Mon, 27 Jun 2005 08:00:00 GMT</datecreated>
			<usercreated>Admin</usercreated>
			<flags>0</flags>
			<properties>
				<property>
					<name>Description</name>
					<value><![CDATA[${key.GUI_WORKPLACE_LOGVIEW_SETTINGS_HELP_0}]]></value>
				</property>
				<property>
					<name>NavImage</name>
					<value><![CDATA[tools/workplace/icons/big/fileview_settings.png]]></value>
				</property>
				<property>
					<name>NavInfo</name>
					<value><![CDATA[${key.GUI_WORKPLACE_LOGVIEW_GROUP_0}]]></value>
				</property>
				<property>
					<name>NavText</name>
					<value><![CDATA[${key.GUI_WORKPLACE_LOGVIEW_SETTINGS_NAME_0}]]></value>
				</property>
				<property>
					<name>Title</name>
					<value><![CDATA[Edit the logfile view settings]]></value>
				</property>
				<property>
					<name>admintoolhandler-class</name>
					<value><![CDATA[org.opencms.workplace.tools.workplace.CmsWorkplaceToolHandler]]></value>
				</property>
				<property type="shared">
					<name>export</name>
					<value><![CDATA[false]]></value>
				</property>
			</properties>
			<relations/>
			<accesscontrol/>
		</file>
		<file>
			<destination>system/workplace/admin/workplace/logging</destination>
			<type>folder</type>
			<uuidstructure>b598a639-5265-11e1-ba62-e7aa6134161f</uuidstructure>
			<datelastmodified>Thu, 09 Feb 2012 11:42:31 GMT</datelastmodified>
			<userlastmodified>Admin</userlastmodified>
			<datecreated>Wed, 08 Feb 2012 15:00:58 GMT</datecreated>
			<usercreated>Admin</usercreated>
			<flags>0</flags>
			<properties>
				<property>
					<name>Description</name>
					<value><![CDATA[${key.GUI_WORKPLACE_LOGGING_HELP_0}]]></value>
				</property>
				<property>
					<name>NavImage</name>
					<value><![CDATA[tools/workplace/icons/big/log_preferences.png]]></value>
				</property>
				<property>
					<name>NavInfo</name>
					<value><![CDATA[${key.GUI_WORKPLACE_BASIC_GROUP_0}]]></value>
				</property>
				<property>
					<name>NavPos</name>
					<value><![CDATA[4]]></value>
				</property>
				<property>
					<name>NavText</name>
					<value><![CDATA[${key.GUI_WORKPLACE_LOGGING_NAME_0}]]></value>
				</property>
				<property>
					<name>Title</name>
					<value><![CDATA[View log set]]></value>
				</property>
				<property>
					<name>admintoolhandler-class</name>
					<value><![CDATA[org.opencms.workplace.tools.workplace.CmsWorkplaceToolHandler]]></value>
				</property>
				<property>
					<name>default-file</name>
					<value><![CDATA[index.jsp]]></value>
				</property>
			</properties>
			<relations/>
			<accesscontrol/>
		</file>
		<file>
			<source>system/workplace/admin/workplace/logging/index.jsp</source>
			<destination>system/workplace/admin/workplace/logging/index.jsp</destination>
			<type>jsp</type>
			<uuidstructure>b5b55613-5265-11e1-ba62-e7aa6134161f</uuidstructure>
			<uuidresource>b5b55614-5265-11e1-ba62-e7aa6134161f</uuidresource>
			<datelastmodified>Thu, 09 Feb 2012 09:11:15 GMT</datelastmodified>
			<userlastmodified>Admin</userlastmodified>
			<datecreated>Wed, 08 Feb 2012 15:00:59 GMT</datecreated>
			<usercreated>Admin</usercreated>
			<flags>0</flags>
			<properties>
				<property>
					<name>Title</name>
					<value><![CDATA[Logfile view]]></value>
				</property>
				<property type="shared">
					<name>export</name>
					<value><![CDATA[false]]></value>
				</property>
			</properties>
			<relations/>
			<accesscontrol/>
		</file>
		<file>
			<source>system/workplace/admin/workplace/loginmessage.jsp</source>
			<destination>system/workplace/admin/workplace/loginmessage.jsp</destination>
			<type>jsp</type>
			<uuidstructure>c3803c36-11b7-11db-91cd-fdbae480bac9</uuidstructure>
			<uuidresource>371943a9-d59b-11d9-87df-0b1cee3a7f49</uuidresource>
			<datelastmodified>Thu, 22 Feb 2007 08:33:08 GMT</datelastmodified>
			<userlastmodified>Admin</userlastmodified>
			<datecreated>Mon, 27 Jun 2005 08:00:00 GMT</datecreated>
			<usercreated>Admin</usercreated>
			<flags>0</flags>
			<properties>
				<property>
					<name>Description</name>
					<value><![CDATA[${key.GUI_WORKPLACE_LOGINMESSAGE_HELP_0}]]></value>
				</property>
				<property>
					<name>NavImage</name>
					<value><![CDATA[tools/workplace/icons/big/workplace_loginmessage.png]]></value>
				</property>
				<property>
					<name>NavInfo</name>
					<value><![CDATA[${key.GUI_WORKPLACE_BASIC_GROUP_0}]]></value>
				</property>
				<property>
					<name>NavPos</name>
					<value><![CDATA[1]]></value>
				</property>
				<property>
					<name>NavText</name>
					<value><![CDATA[${key.GUI_WORKPLACE_LOGINMESSAGE_NAME_0}]]></value>
				</property>
				<property>
					<name>Title</name>
					<value><![CDATA[Manage login message]]></value>
				</property>
				<property>
					<name>admintoolhandler-class</name>
					<value><![CDATA[org.opencms.workplace.tools.workplace.CmsWorkplaceToolHandler]]></value>
				</property>
				<property type="shared">
					<name>export</name>
					<value><![CDATA[false]]></value>
				</property>
			</properties>
			<relations/>
			<accesscontrol/>
		</file>
		<file>
			<source>system/workplace/admin/workplace/reinitialize.jsp</source>
			<destination>system/workplace/admin/workplace/reinitialize.jsp</destination>
			<type>jsp</type>
			<uuidstructure>c382ad40-11b7-11db-91cd-fdbae480bac9</uuidstructure>
			<uuidresource>48eeffce-d59b-11d9-87df-0b1cee3a7f49</uuidresource>
			<datelastmodified>Thu, 22 Feb 2007 08:33:08 GMT</datelastmodified>
			<userlastmodified>Admin</userlastmodified>
			<datecreated>Mon, 27 Jun 2005 08:00:00 GMT</datecreated>
			<usercreated>Admin</usercreated>
			<flags>0</flags>
			<properties>
				<property>
					<name>Description</name>
					<value><![CDATA[${key.GUI_WORKPLACE_REINIT_HELP_0}]]></value>
				</property>
				<property>
					<name>NavImage</name>
					<value><![CDATA[tools/workplace/icons/big/workplace_reload.png]]></value>
				</property>
				<property>
					<name>NavInfo</name>
					<value><![CDATA[${key.GUI_WORKPLACE_BASIC_GROUP_0}]]></value>
				</property>
				<property>
					<name>NavPos</name>
					<value><![CDATA[2]]></value>
				</property>
				<property>
					<name>NavText</name>
					<value><![CDATA[${key.GUI_WORKPLACE_REINIT_NAME_0}]]></value>
				</property>
				<property>
					<name>Title</name>
					<value><![CDATA[Re-Initialize Workplace]]></value>
				</property>
				<property>
					<name>admintoolhandler-class</name>
					<value><![CDATA[org.opencms.workplace.tools.workplace.CmsWorkplaceToolHandler]]></value>
				</property>
				<property type="shared">
					<name>export</name>
					<value><![CDATA[false]]></value>
				</property>
			</properties>
			<relations/>
			<accesscontrol/>
		</file>
		<file>
			<source>system/workplace/admin/workplace/send_email.jsp</source>
			<destination>system/workplace/admin/workplace/send_email.jsp</destination>
			<type>jsp</type>
			<uuidstructure>c387683a-11b7-11db-91cd-fdbae480bac9</uuidstructure>
			<uuidresource>b803e8d3-dda0-11d9-8944-efaaea26ed93</uuidresource>
			<datelastmodified>Thu, 22 Feb 2007 08:33:08 GMT</datelastmodified>
			<userlastmodified>Admin</userlastmodified>
			<datecreated>Mon, 27 Jun 2005 08:00:00 GMT</datecreated>
			<usercreated>Admin</usercreated>
			<flags>0</flags>
			<properties>
				<property>
					<name>Description</name>
					<value><![CDATA[${key.GUI_WORKPLACE_EMAIL_ADMIN_TOOL_HELP_0}]]></value>
				</property>
				<property>
					<name>NavImage</name>
					<value><![CDATA[tools/workplace/icons/big/send_email.png]]></value>
				</property>
				<property>
					<name>NavInfo</name>
					<value><![CDATA[${key.GUI_WORKPLACE_EMAIL_ADMIN_TOOL_GROUP_0}]]></value>
				</property>
				<property>
					<name>NavPos</name>
					<value><![CDATA[1]]></value>
				</property>
				<property>
					<name>NavText</name>
					<value><![CDATA[${key.GUI_WORKPLACE_EMAIL_ADMIN_TOOL_NAME_0}]]></value>
				</property>
				<property>
					<name>Title</name>
					<value><![CDATA[Edit Email to Send]]></value>
				</property>
				<property>
					<name>admintoolhandler-args</name>
					<value><![CDATA[path:/workplace/broadcast/email]]></value>
				</property>
				<property>
					<name>admintoolhandler-class</name>
					<value><![CDATA[org.opencms.workplace.tools.CmsInvisibleToolHandler]]></value>
				</property>
				<property type="shared">
					<name>export</name>
					<value><![CDATA[false]]></value>
				</property>
			</properties>
			<relations/>
			<accesscontrol/>
		</file>
		<file>
			<destination>system/workplace/admin/workplace/send_email_all.jsp</destination>
			<type>jsp</type>
			<uuidstructure>c389d945-11b7-11db-91cd-fdbae480bac9</uuidstructure>
			<uuidresource>b803e8d3-dda0-11d9-8944-efaaea26ed93</uuidresource>
			<datelastmodified>Thu, 22 Feb 2007 08:33:08 GMT</datelastmodified>
			<userlastmodified>Admin</userlastmodified>
			<datecreated>Mon, 27 Jun 2005 08:00:00 GMT</datecreated>
			<usercreated>Admin</usercreated>
			<flags>0</flags>
			<properties>
				<property>
					<name>Description</name>
					<value><![CDATA[${key.GUI_WORKPLACE_EMAIL_ALL_ADMIN_TOOL_HELP_0}]]></value>
				</property>
				<property>
					<name>NavImage</name>
					<value><![CDATA[tools/workplace/icons/big/send_email.png]]></value>
				</property>
				<property>
					<name>NavInfo</name>
					<value><![CDATA[${key.GUI_WORKPLACE_EMAIL_ALL_ADMIN_TOOL_GROUP_0}]]></value>
				</property>
				<property>
					<name>NavPos</name>
					<value><![CDATA[1]]></value>
				</property>
				<property>
					<name>NavText</name>
					<value><![CDATA[${key.GUI_WORKPLACE_EMAIL_ALL_ADMIN_TOOL_NAME_0}]]></value>
				</property>
				<property>
					<name>Title</name>
					<value><![CDATA[Edit Email to Send to All]]></value>
				</property>
				<property>
					<name>admintoolhandler-args</name>
					<value><![CDATA[path:/workplace/broadcast/emailall]]></value>
				</property>
				<property>
					<name>admintoolhandler-class</name>
					<value><![CDATA[org.opencms.workplace.tools.workplace.CmsWorkplaceToolHandler]]></value>
				</property>
				<property type="shared">
					<name>export</name>
					<value><![CDATA[false]]></value>
				</property>
			</properties>
			<relations/>
			<accesscontrol/>
		</file>
		<file>
			<source>system/workplace/admin/workplace/send_mail_groups.jsp</source>
			<destination>system/workplace/admin/workplace/send_mail_groups.jsp</destination>
			<type>jsp</type>
			<uuidstructure>b4dfd395-c263-11db-882a-d1e27da85d64</uuidstructure>
			<uuidresource>b4dfd396-c263-11db-882a-d1e27da85d64</uuidresource>
			<datelastmodified>Fri, 23 Feb 2007 12:31:00 GMT</datelastmodified>
			<userlastmodified>Admin</userlastmodified>
			<datecreated>Thu, 22 Feb 2007 10:59:02 GMT</datecreated>
			<usercreated>Admin</usercreated>
			<flags>0</flags>
			<properties>
				<property>
					<name>Description</name>
					<value><![CDATA[${key.GUI_WORKPLACE_EMAIL_GROUPS_ADMIN_TOOL_HELP_0}]]></value>
				</property>
				<property>
					<name>NavImage</name>
					<value><![CDATA[tools/workplace/icons/big/send_email_groups.png]]></value>
				</property>
				<property>
					<name>NavInfo</name>
					<value><![CDATA[${key.GUI_WORKPLACE_EMAIL_GROUPS_ADMIN_TOOL_GROUP_0}]]></value>
				</property>
				<property>
					<name>NavPos</name>
					<value><![CDATA[2]]></value>
				</property>
				<property>
					<name>NavText</name>
					<value><![CDATA[${key.GUI_WORKPLACE_EMAIL_GROUPS_ADMIN_TOOL_NAME_0}]]></value>
				</property>
				<property>
					<name>Title</name>
					<value><![CDATA[Edit Email to send to selected groups]]></value>
				</property>
				<property>
					<name>admintoolhandler-args</name>
					<value><![CDATA[path:/workplace/broadcast/emailgroups|params:msgtype=email]]></value>
				</property>
				<property>
					<name>admintoolhandler-class</name>
					<value><![CDATA[org.opencms.workplace.tools.workplace.CmsWorkplaceToolHandler]]></value>
				</property>
				<property type="shared">
					<name>export</name>
					<value><![CDATA[false]]></value>
				</property>
			</properties>
			<relations/>
			<accesscontrol/>
		</file>
		<file>
			<destination>system/workplace/admin/workplace/send_popup_groups.jsp</destination>
			<type>jsp</type>
			<uuidstructure>65bbc6ad-c287-11db-92ef-d1e27da85d64</uuidstructure>
			<uuidresource>b4dfd396-c263-11db-882a-d1e27da85d64</uuidresource>
			<datelastmodified>Fri, 23 Feb 2007 12:31:00 GMT</datelastmodified>
			<userlastmodified>Admin</userlastmodified>
			<datecreated>Thu, 22 Feb 2007 10:59:02 GMT</datecreated>
			<usercreated>Admin</usercreated>
			<flags>0</flags>
			<properties>
				<property>
					<name>Description</name>
					<value><![CDATA[${key.GUI_WORKPLACE_POPUP_GROUPS_ADMIN_TOOL_HELP_0}]]></value>
				</property>
				<property>
					<name>NavImage</name>
					<value><![CDATA[tools/workplace/icons/big/send_popup_groups.png]]></value>
				</property>
				<property>
					<name>NavInfo</name>
					<value><![CDATA[${key.GUI_WORKPLACE_POPUP_GROUPS_ADMIN_TOOL_GROUP_0}]]></value>
				</property>
				<property>
					<name>NavPos</name>
					<value><![CDATA[4]]></value>
				</property>
				<property>
					<name>NavText</name>
					<value><![CDATA[${key.GUI_WORKPLACE_POPUP_GROUPS_ADMIN_TOOL_NAME_0}]]></value>
				</property>
				<property>
					<name>Title</name>
					<value><![CDATA[Edit Broadcast Message to send to selected groups]]></value>
				</property>
				<property>
					<name>admintoolhandler-args</name>
					<value><![CDATA[path:/workplace/broadcast/popupgroups|params:msgtype=popup]]></value>
				</property>
				<property>
					<name>admintoolhandler-class</name>
					<value><![CDATA[org.opencms.workplace.tools.workplace.CmsWorkplaceToolHandler]]></value>
				</property>
				<property type="shared">
					<name>export</name>
					<value><![CDATA[false]]></value>
				</property>
			</properties>
			<relations/>
			<accesscontrol/>
		</file>
		<file>
			<source>system/workplace/admin/workplace/sessions.jsp</source>
			<destination>system/workplace/admin/workplace/sessions.jsp</destination>
			<type>jsp</type>
			<uuidstructure>c38e943e-11b7-11db-91cd-fdbae480bac9</uuidstructure>
			<uuidresource>7566ef2b-dd81-11d9-a3c8-efaaea26ed93</uuidresource>
			<datelastmodified>Thu, 22 Feb 2007 08:33:08 GMT</datelastmodified>
			<userlastmodified>Admin</userlastmodified>
			<datecreated>Mon, 27 Jun 2005 08:00:00 GMT</datecreated>
			<usercreated>Admin</usercreated>
			<flags>0</flags>
			<properties>
				<property>
					<name>Description</name>
					<value><![CDATA[${key.GUI_WORKPLACE_SESSIONS_ADMIN_TOOL_HELP_0}]]></value>
				</property>
				<property>
					<name>NavImage</name>
					<value><![CDATA[tools/workplace/icons/big/workplace_broadcast.png]]></value>
				</property>
				<property>
					<name>NavInfo</name>
					<value><![CDATA[${key.GUI_WORKPLACE_SESSIONS_ADMIN_TOOL_GROUP_0}]]></value>
				</property>
				<property>
					<name>NavPos</name>
					<value><![CDATA[3]]></value>
				</property>
				<property>
					<name>NavText</name>
					<value><![CDATA[${key.GUI_WORKPLACE_SESSIONS_ADMIN_TOOL_NAME_0}]]></value>
				</property>
				<property>
					<name>Title</name>
					<value><![CDATA[List of current active OpenCms Sessions]]></value>
				</property>
				<property>
					<name>admintoolhandler-args</name>
					<value><![CDATA[path:/workplace/broadcast]]></value>
				</property>
				<property>
					<name>admintoolhandler-class</name>
					<value><![CDATA[org.opencms.workplace.tools.workplace.CmsWorkplaceToolHandler]]></value>
				</property>
				<property type="shared">
					<name>export</name>
					<value><![CDATA[false]]></value>
				</property>
			</properties>
			<relations/>
			<accesscontrol/>
		</file>
		<file>
			<source>system/workplace/admin/workplace/synchronize.jsp</source>
			<destination>system/workplace/admin/workplace/synchronize.jsp</destination>
			<type>jsp</type>
			<uuidstructure>c3910549-11b7-11db-91cd-fdbae480bac9</uuidstructure>
			<uuidresource>4778d1a5-d8c4-11d9-98f8-516c3c2775b1</uuidresource>
			<datelastmodified>Thu, 22 Feb 2007 08:33:08 GMT</datelastmodified>
			<userlastmodified>Admin</userlastmodified>
			<datecreated>Mon, 27 Jun 2005 08:00:00 GMT</datecreated>
			<usercreated>Admin</usercreated>
			<flags>0</flags>
			<properties>
				<property>
					<name>Description</name>
					<value><![CDATA[${key.GUI_WORKPLACE_SYNC_HELP_0}]]></value>
				</property>
				<property>
					<name>NavImage</name>
					<value><![CDATA[tools/workplace/icons/big/folder_refresh.png]]></value>
				</property>
				<property>
					<name>NavInfo</name>
					<value><![CDATA[${key.GUI_WORKPLACE_BASIC_GROUP_0}]]></value>
				</property>
				<property>
					<name>NavPos</name>
					<value><![CDATA[3]]></value>
				</property>
				<property>
					<name>NavText</name>
					<value><![CDATA[${key.GUI_WORKPLACE_SYNC_NAME_0}]]></value>
				</property>
				<property>
					<name>Title</name>
					<value><![CDATA[Manage synchronize settings]]></value>
				</property>
				<property>
					<name>admintoolhandler-class</name>
					<value><![CDATA[org.opencms.workplace.tools.workplace.CmsWorkplaceToolHandler]]></value>
				</property>
				<property type="shared">
					<name>export</name>
					<value><![CDATA[false]]></value>
				</property>
			</properties>
			<relations/>
			<accesscontrol/>
		</file>
		<file>
			<destination>system/workplace/resources</destination>
			<type>folder</type>
			<uuidstructure>440692ce-8a90-11e0-ad6c-bff56146ac12</uuidstructure>
			<datelastmodified>Mon, 27 Mar 2006 12:00:00 GMT</datelastmodified>
			<userlastmodified>Admin</userlastmodified>
			<datecreated>Mon, 27 Jun 2005 08:00:00 GMT</datecreated>
			<usercreated>Admin</usercreated>
			<flags>0</flags>
			<properties/>
			<relations/>
			<accesscontrol/>
		</file>
		<file>
			<destination>system/workplace/resources/buttons</destination>
			<type>folder</type>
			<uuidstructure>82c3d154-11b7-11db-91cd-fdbae480bac9</uuidstructure>
			<datelastmodified>Mon, 27 Mar 2006 12:00:00 GMT</datelastmodified>
			<userlastmodified>Admin</userlastmodified>
			<datecreated>Mon, 27 Jun 2005 08:00:00 GMT</datecreated>
			<usercreated>Admin</usercreated>
			<flags>0</flags>
			<properties/>
			<relations/>
			<accesscontrol/>
		</file>
		<file>
			<source>system/workplace/resources/buttons/log_button_debug_a_2.png</source>
			<destination>system/workplace/resources/buttons/log_button_debug_a_2.png</destination>
			<type>image</type>
			<uuidstructure>4384fdaf-5945-11e1-8ad4-e7aa6134161f</uuidstructure>
			<uuidresource>4384fdb0-5945-11e1-8ad4-e7aa6134161f</uuidresource>
			<datelastmodified>Thu, 23 Feb 2012 11:03:40 GMT</datelastmodified>
			<userlastmodified>Admin</userlastmodified>
			<datecreated>Fri, 17 Feb 2012 08:56:21 GMT</datecreated>
			<usercreated>Admin</usercreated>
			<flags>0</flags>
			<properties>
				<property>
					<name>Title</name>
					<value><![CDATA[log_button_debug_a_2]]></value>
				</property>
				<property type="shared">
					<name>image.size</name>
					<value><![CDATA[w:50,h:20]]></value>
				</property>
			</properties>
			<relations/>
			<accesscontrol/>
		</file>
		<file>
			<source>system/workplace/resources/buttons/log_button_debug_i_2.png</source>
			<destination>system/workplace/resources/buttons/log_button_debug_i_2.png</destination>
			<type>image</type>
			<uuidstructure>43b4c043-5945-11e1-8ad4-e7aa6134161f</uuidstructure>
			<uuidresource>43b4c044-5945-11e1-8ad4-e7aa6134161f</uuidresource>
			<datelastmodified>Thu, 23 Feb 2012 11:03:40 GMT</datelastmodified>
			<userlastmodified>Admin</userlastmodified>
			<datecreated>Fri, 17 Feb 2012 08:56:22 GMT</datecreated>
			<usercreated>Admin</usercreated>
			<flags>0</flags>
			<properties>
				<property>
					<name>Title</name>
					<value><![CDATA[log_button_debug_i_2]]></value>
				</property>
				<property type="shared">
					<name>image.size</name>
					<value><![CDATA[w:50,h:20]]></value>
				</property>
			</properties>
			<relations/>
			<accesscontrol/>
		</file>
		<file>
			<source>system/workplace/resources/buttons/log_button_error_a_2.png</source>
			<destination>system/workplace/resources/buttons/log_button_error_a_2.png</destination>
			<type>image</type>
			<uuidstructure>43b97b37-5945-11e1-8ad4-e7aa6134161f</uuidstructure>
			<uuidresource>43b97b38-5945-11e1-8ad4-e7aa6134161f</uuidresource>
			<datelastmodified>Thu, 23 Feb 2012 11:03:40 GMT</datelastmodified>
			<userlastmodified>Admin</userlastmodified>
			<datecreated>Fri, 17 Feb 2012 08:56:22 GMT</datecreated>
			<usercreated>Admin</usercreated>
			<flags>0</flags>
			<properties>
				<property>
					<name>Title</name>
					<value><![CDATA[log_button_error_a_2]]></value>
				</property>
				<property type="shared">
					<name>image.size</name>
					<value><![CDATA[w:50,h:20]]></value>
				</property>
			</properties>
			<relations/>
			<accesscontrol/>
		</file>
		<file>
			<source>system/workplace/resources/buttons/log_button_error_i_2.png</source>
			<destination>system/workplace/resources/buttons/log_button_error_i_2.png</destination>
			<type>image</type>
			<uuidstructure>43be362b-5945-11e1-8ad4-e7aa6134161f</uuidstructure>
			<uuidresource>43be362c-5945-11e1-8ad4-e7aa6134161f</uuidresource>
			<datelastmodified>Thu, 23 Feb 2012 11:03:40 GMT</datelastmodified>
			<userlastmodified>Admin</userlastmodified>
			<datecreated>Fri, 17 Feb 2012 08:56:22 GMT</datecreated>
			<usercreated>Admin</usercreated>
			<flags>0</flags>
			<properties>
				<property>
					<name>Title</name>
					<value><![CDATA[log_button_error_i_2]]></value>
				</property>
				<property type="shared">
					<name>image.size</name>
					<value><![CDATA[w:50,h:20]]></value>
				</property>
			</properties>
			<relations/>
			<accesscontrol/>
		</file>
		<file>
			<source>system/workplace/resources/buttons/log_button_fatal_a_2.png</source>
			<destination>system/workplace/resources/buttons/log_button_fatal_a_2.png</destination>
			<type>image</type>
			<uuidstructure>43c0a72f-5945-11e1-8ad4-e7aa6134161f</uuidstructure>
			<uuidresource>43c0a730-5945-11e1-8ad4-e7aa6134161f</uuidresource>
			<datelastmodified>Thu, 23 Feb 2012 11:03:40 GMT</datelastmodified>
			<userlastmodified>Admin</userlastmodified>
			<datecreated>Fri, 17 Feb 2012 08:56:22 GMT</datecreated>
			<usercreated>Admin</usercreated>
			<flags>0</flags>
			<properties>
				<property>
					<name>Title</name>
					<value><![CDATA[log_button_fatal_a_2]]></value>
				</property>
				<property type="shared">
					<name>image.size</name>
					<value><![CDATA[w:50,h:20]]></value>
				</property>
			</properties>
			<relations/>
			<accesscontrol/>
		</file>
		<file>
			<source>system/workplace/resources/buttons/log_button_fatal_i_2.png</source>
			<destination>system/workplace/resources/buttons/log_button_fatal_i_2.png</destination>
			<type>image</type>
			<uuidstructure>43c56223-5945-11e1-8ad4-e7aa6134161f</uuidstructure>
			<uuidresource>43c56224-5945-11e1-8ad4-e7aa6134161f</uuidresource>
			<datelastmodified>Thu, 23 Feb 2012 11:03:40 GMT</datelastmodified>
			<userlastmodified>Admin</userlastmodified>
			<datecreated>Fri, 17 Feb 2012 08:56:22 GMT</datecreated>
			<usercreated>Admin</usercreated>
			<flags>0</flags>
			<properties>
				<property>
					<name>Title</name>
					<value><![CDATA[log_button_fatal_i_2]]></value>
				</property>
				<property type="shared">
					<name>image.size</name>
					<value><![CDATA[w:50,h:20]]></value>
				</property>
			</properties>
			<relations/>
			<accesscontrol/>
		</file>
		<file>
			<source>system/workplace/resources/buttons/log_button_file_off_2.png</source>
			<destination>system/workplace/resources/buttons/log_button_file_off_2.png</destination>
			<type>image</type>
			<uuidstructure>2bcbe7a5-5d6c-11e1-980f-e7aa6134161f</uuidstructure>
			<uuidresource>2bcbe7a6-5d6c-11e1-980f-e7aa6134161f</uuidresource>
			<datelastmodified>Thu, 23 Feb 2012 11:03:40 GMT</datelastmodified>
			<userlastmodified>Admin</userlastmodified>
			<datecreated>Wed, 22 Feb 2012 15:44:57 GMT</datecreated>
			<usercreated>Admin</usercreated>
			<flags>0</flags>
			<properties>
				<property>
					<name>Title</name>
					<value><![CDATA[log_button_file_off_2]]></value>
				</property>
				<property type="shared">
					<name>image.size</name>
					<value><![CDATA[w:50,h:20]]></value>
				</property>
			</properties>
			<relations/>
			<accesscontrol/>
		</file>
		<file>
			<source>system/workplace/resources/buttons/log_button_file_on_2.png</source>
			<destination>system/workplace/resources/buttons/log_button_file_on_2.png</destination>
			<type>image</type>
			<uuidstructure>2c516b59-5d6c-11e1-980f-e7aa6134161f</uuidstructure>
			<uuidresource>2c516b5a-5d6c-11e1-980f-e7aa6134161f</uuidresource>
			<datelastmodified>Thu, 23 Feb 2012 11:03:40 GMT</datelastmodified>
			<userlastmodified>Admin</userlastmodified>
			<datecreated>Wed, 22 Feb 2012 15:44:57 GMT</datecreated>
			<usercreated>Admin</usercreated>
			<flags>0</flags>
			<properties>
				<property>
					<name>Title</name>
					<value><![CDATA[log_button_file_on_2]]></value>
				</property>
				<property type="shared">
					<name>image.size</name>
					<value><![CDATA[w:50,h:20]]></value>
				</property>
			</properties>
			<relations/>
			<accesscontrol/>
		</file>
		<file>
			<source>system/workplace/resources/buttons/log_button_info_a_2.png</source>
			<destination>system/workplace/resources/buttons/log_button_info_a_2.png</destination>
			<type>image</type>
			<uuidstructure>43ca1d17-5945-11e1-8ad4-e7aa6134161f</uuidstructure>
			<uuidresource>43ca1d18-5945-11e1-8ad4-e7aa6134161f</uuidresource>
			<datelastmodified>Thu, 23 Feb 2012 11:03:40 GMT</datelastmodified>
			<userlastmodified>Admin</userlastmodified>
			<datecreated>Fri, 17 Feb 2012 08:56:22 GMT</datecreated>
			<usercreated>Admin</usercreated>
			<flags>0</flags>
			<properties>
				<property>
					<name>Title</name>
					<value><![CDATA[log_button_info_a_2]]></value>
				</property>
				<property type="shared">
					<name>image.size</name>
					<value><![CDATA[w:50,h:20]]></value>
				</property>
			</properties>
			<relations/>
			<accesscontrol/>
		</file>
		<file>
			<source>system/workplace/resources/buttons/log_button_info_i_2.png</source>
			<destination>system/workplace/resources/buttons/log_button_info_i_2.png</destination>
			<type>image</type>
			<uuidstructure>43ceff1b-5945-11e1-8ad4-e7aa6134161f</uuidstructure>
			<uuidresource>43ceff1c-5945-11e1-8ad4-e7aa6134161f</uuidresource>
			<datelastmodified>Thu, 23 Feb 2012 11:03:40 GMT</datelastmodified>
			<userlastmodified>Admin</userlastmodified>
			<datecreated>Fri, 17 Feb 2012 08:56:22 GMT</datecreated>
			<usercreated>Admin</usercreated>
			<flags>0</flags>
			<properties>
				<property>
					<name>Title</name>
					<value><![CDATA[log_button_info_i_2]]></value>
				</property>
				<property type="shared">
					<name>image.size</name>
					<value><![CDATA[w:50,h:20]]></value>
				</property>
			</properties>
			<relations/>
			<accesscontrol/>
		</file>
		<file>
			<source>system/workplace/resources/buttons/log_button_off_a_2.png</source>
			<destination>system/workplace/resources/buttons/log_button_off_a_2.png</destination>
			<type>image</type>
			<uuidstructure>43d3ba0f-5945-11e1-8ad4-e7aa6134161f</uuidstructure>
			<uuidresource>43d3ba10-5945-11e1-8ad4-e7aa6134161f</uuidresource>
			<datelastmodified>Thu, 23 Feb 2012 11:03:40 GMT</datelastmodified>
			<userlastmodified>Admin</userlastmodified>
			<datecreated>Fri, 17 Feb 2012 08:56:22 GMT</datecreated>
			<usercreated>Admin</usercreated>
			<flags>0</flags>
			<properties>
				<property>
					<name>Title</name>
					<value><![CDATA[log_button_off_a_2]]></value>
				</property>
				<property type="shared">
					<name>image.size</name>
					<value><![CDATA[w:50,h:20]]></value>
				</property>
			</properties>
			<relations/>
			<accesscontrol/>
		</file>
		<file>
			<source>system/workplace/resources/buttons/log_button_off_i_2.png</source>
			<destination>system/workplace/resources/buttons/log_button_off_i_2.png</destination>
			<type>image</type>
			<uuidstructure>43d62b13-5945-11e1-8ad4-e7aa6134161f</uuidstructure>
			<uuidresource>43d62b14-5945-11e1-8ad4-e7aa6134161f</uuidresource>
			<datelastmodified>Thu, 23 Feb 2012 11:03:40 GMT</datelastmodified>
			<userlastmodified>Admin</userlastmodified>
			<datecreated>Fri, 17 Feb 2012 08:56:22 GMT</datecreated>
			<usercreated>Admin</usercreated>
			<flags>0</flags>
			<properties>
				<property>
					<name>Title</name>
					<value><![CDATA[log_button_off_i_2]]></value>
				</property>
				<property type="shared">
					<name>image.size</name>
					<value><![CDATA[w:50,h:20]]></value>
				</property>
			</properties>
			<relations/>
			<accesscontrol/>
		</file>
		<file>
			<source>system/workplace/resources/buttons/log_button_warn_a_2.png</source>
			<destination>system/workplace/resources/buttons/log_button_warn_a_2.png</destination>
			<type>image</type>
			<uuidstructure>43dae607-5945-11e1-8ad4-e7aa6134161f</uuidstructure>
			<uuidresource>43dae608-5945-11e1-8ad4-e7aa6134161f</uuidresource>
			<datelastmodified>Thu, 23 Feb 2012 11:03:40 GMT</datelastmodified>
			<userlastmodified>Admin</userlastmodified>
			<datecreated>Fri, 17 Feb 2012 08:56:22 GMT</datecreated>
			<usercreated>Admin</usercreated>
			<flags>0</flags>
			<properties>
				<property>
					<name>Title</name>
					<value><![CDATA[log_button_warn_a_2]]></value>
				</property>
				<property type="shared">
					<name>image.size</name>
					<value><![CDATA[w:50,h:20]]></value>
				</property>
			</properties>
			<relations/>
			<accesscontrol/>
		</file>
		<file>
			<source>system/workplace/resources/buttons/log_button_warn_i_2.png</source>
			<destination>system/workplace/resources/buttons/log_button_warn_i_2.png</destination>
			<type>image</type>
			<uuidstructure>43dfa0fb-5945-11e1-8ad4-e7aa6134161f</uuidstructure>
			<uuidresource>43dfa0fc-5945-11e1-8ad4-e7aa6134161f</uuidresource>
			<datelastmodified>Thu, 23 Feb 2012 11:03:40 GMT</datelastmodified>
			<userlastmodified>Admin</userlastmodified>
			<datecreated>Fri, 17 Feb 2012 08:56:22 GMT</datecreated>
			<usercreated>Admin</usercreated>
			<flags>0</flags>
			<properties>
				<property>
					<name>Title</name>
					<value><![CDATA[log_button_warn_i_2]]></value>
				</property>
				<property type="shared">
					<name>image.size</name>
					<value><![CDATA[w:50,h:20]]></value>
				</property>
			</properties>
			<relations/>
			<accesscontrol/>
		</file>
		<file>
			<destination>system/workplace/resources/tools</destination>
			<type>folder</type>
			<uuidstructure>c3a8d33c-11b7-11db-91cd-fdbae480bac9</uuidstructure>
			<datelastmodified>Thu, 09 Feb 2012 15:13:38 GMT</datelastmodified>
			<userlastmodified>Admin</userlastmodified>
			<datecreated>Mon, 27 Jun 2005 08:00:00 GMT</datecreated>
			<usercreated>Admin</usercreated>
			<flags>0</flags>
			<properties>
				<property>
					<name>cache</name>
					<value><![CDATA[bypass]]></value>
				</property>
			</properties>
			<relations/>
			<accesscontrol/>
		</file>
		<file>
			<destination>system/workplace/resources/tools/workplace</destination>
			<type>folder</type>
			<uuidstructure>c3a8d33e-11b7-11db-91cd-fdbae480bac9</uuidstructure>
			<datelastmodified>Thu, 09 Feb 2012 15:13:38 GMT</datelastmodified>
			<userlastmodified>Admin</userlastmodified>
			<datecreated>Mon, 27 Jun 2005 08:00:00 GMT</datecreated>
			<usercreated>Admin</usercreated>
			<flags>0</flags>
			<properties/>
			<relations/>
			<accesscontrol/>
		</file>
		<file>
			<destination>system/workplace/resources/tools/workplace/buttons</destination>
			<type>folder</type>
			<uuidstructure>c3ab4440-11b7-11db-91cd-fdbae480bac9</uuidstructure>
			<datelastmodified>Mon, 27 Mar 2006 12:00:00 GMT</datelastmodified>
			<userlastmodified>Admin</userlastmodified>
			<datecreated>Mon, 27 Jun 2005 08:00:00 GMT</datecreated>
			<usercreated>Admin</usercreated>
			<flags>0</flags>
			<properties/>
			<relations/>
			<accesscontrol/>
		</file>
		<file>
			<source>system/workplace/resources/tools/workplace/buttons/message_notpending.png</source>
			<destination>system/workplace/resources/tools/workplace/buttons/message_notpending.png</destination>
			<type>image</type>
			<uuidstructure>c3ad8e31-11b7-11db-91cd-fdbae480bac9</uuidstructure>
			<uuidresource>131da793-dd9b-11d9-a3c8-efaaea26ed93</uuidresource>
			<datelastmodified>Mon, 27 Mar 2006 12:00:00 GMT</datelastmodified>
			<userlastmodified>Admin</userlastmodified>
			<datecreated>Mon, 27 Jun 2005 08:00:00 GMT</datecreated>
			<usercreated>Admin</usercreated>
			<flags>0</flags>
			<properties>
				<property type="shared">
					<name>image.size</name>
					<value><![CDATA[w:20,h:20]]></value>
				</property>
			</properties>
			<relations/>
			<accesscontrol/>
		</file>
		<file>
			<source>system/workplace/resources/tools/workplace/buttons/message_pending.png</source>
			<destination>system/workplace/resources/tools/workplace/buttons/message_pending.png</destination>
			<type>image</type>
			<uuidstructure>c3ad8e33-11b7-11db-91cd-fdbae480bac9</uuidstructure>
			<uuidresource>132e7076-dd9b-11d9-a3c8-efaaea26ed93</uuidresource>
			<datelastmodified>Mon, 27 Mar 2006 12:00:00 GMT</datelastmodified>
			<userlastmodified>Admin</userlastmodified>
			<datecreated>Mon, 27 Jun 2005 08:00:00 GMT</datecreated>
			<usercreated>Admin</usercreated>
			<flags>0</flags>
			<properties>
				<property type="shared">
					<name>image.size</name>
					<value><![CDATA[w:20,h:20]]></value>
				</property>
			</properties>
			<relations/>
			<accesscontrol/>
		</file>
		<file>
			<source>system/workplace/resources/tools/workplace/buttons/multi_send_email.png</source>
			<destination>system/workplace/resources/tools/workplace/buttons/multi_send_email.png</destination>
			<type>image</type>
			<uuidstructure>c3b27036-11b7-11db-91cd-fdbae480bac9</uuidstructure>
			<uuidresource>f9bf7eab-dda1-11d9-8944-efaaea26ed93</uuidresource>
			<datelastmodified>Mon, 27 Mar 2006 12:00:00 GMT</datelastmodified>
			<userlastmodified>Admin</userlastmodified>
			<datecreated>Mon, 27 Jun 2005 08:00:00 GMT</datecreated>
			<usercreated>Admin</usercreated>
			<flags>0</flags>
			<properties>
				<property type="shared">
					<name>image.size</name>
					<value><![CDATA[w:20,h:20]]></value>
				</property>
			</properties>
			<relations/>
			<accesscontrol/>
		</file>
		<file>
			<source>system/workplace/resources/tools/workplace/buttons/multi_send_message.png</source>
			<destination>system/workplace/resources/tools/workplace/buttons/multi_send_message.png</destination>
			<type>image</type>
			<uuidstructure>c3b4ba29-11b7-11db-91cd-fdbae480bac9</uuidstructure>
			<uuidresource>13332b69-dd9b-11d9-a3c8-efaaea26ed93</uuidresource>
			<datelastmodified>Mon, 27 Mar 2006 12:00:00 GMT</datelastmodified>
			<userlastmodified>Admin</userlastmodified>
			<datecreated>Mon, 27 Jun 2005 08:00:00 GMT</datecreated>
			<usercreated>Admin</usercreated>
			<flags>0</flags>
			<properties>
				<property type="shared">
					<name>image.size</name>
					<value><![CDATA[w:20,h:20]]></value>
				</property>
			</properties>
			<relations/>
			<accesscontrol/>
		</file>
		<file>
			<source>system/workplace/resources/tools/workplace/buttons/send_message.png</source>
			<destination>system/workplace/resources/tools/workplace/buttons/send_message.png</destination>
			<type>image</type>
			<uuidstructure>c3b72b2c-11b7-11db-91cd-fdbae480bac9</uuidstructure>
			<uuidresource>133a575c-dd9b-11d9-a3c8-efaaea26ed93</uuidresource>
			<datelastmodified>Mon, 27 Mar 2006 12:00:00 GMT</datelastmodified>
			<userlastmodified>Admin</userlastmodified>
			<datecreated>Mon, 27 Jun 2005 08:00:00 GMT</datecreated>
			<usercreated>Admin</usercreated>
			<flags>0</flags>
			<properties>
				<property type="shared">
					<name>image.size</name>
					<value><![CDATA[w:20,h:20]]></value>
				</property>
			</properties>
			<relations/>
			<accesscontrol/>
		</file>
		<file>
			<destination>system/workplace/resources/tools/workplace/icons</destination>
			<type>folder</type>
			<uuidstructure>c3b97520-11b7-11db-91cd-fdbae480bac9</uuidstructure>
			<datelastmodified>Thu, 09 Feb 2012 15:13:38 GMT</datelastmodified>
			<userlastmodified>Admin</userlastmodified>
			<datecreated>Mon, 27 Jun 2005 08:00:00 GMT</datecreated>
			<usercreated>Admin</usercreated>
			<flags>0</flags>
			<properties/>
			<relations/>
			<accesscontrol/>
		</file>
		<file>
			<destination>system/workplace/resources/tools/workplace/icons/big</destination>
			<type>folder</type>
			<uuidstructure>c3bbe622-11b7-11db-91cd-fdbae480bac9</uuidstructure>
			<datelastmodified>Thu, 09 Feb 2012 15:13:38 GMT</datelastmodified>
			<userlastmodified>Admin</userlastmodified>
			<datecreated>Mon, 27 Jun 2005 08:00:00 GMT</datecreated>
			<usercreated>Admin</usercreated>
			<flags>0</flags>
			<properties/>
			<relations/>
			<accesscontrol/>
		</file>
		<file>
			<source>system/workplace/resources/tools/workplace/icons/big/fileview_download.png</source>
			<destination>system/workplace/resources/tools/workplace/icons/big/fileview_download.png</destination>
			<type>image</type>
			<uuidstructure>c3be5726-11b7-11db-91cd-fdbae480bac9</uuidstructure>
			<uuidresource>ac6c315c-d9c0-11d9-a124-ef342b994563</uuidresource>
			<datelastmodified>Mon, 27 Mar 2006 12:00:00 GMT</datelastmodified>
			<userlastmodified>Admin</userlastmodified>
			<datecreated>Mon, 27 Jun 2005 08:00:00 GMT</datecreated>
			<usercreated>Admin</usercreated>
			<flags>0</flags>
			<properties>
				<property type="shared">
					<name>image.size</name>
					<value><![CDATA[w:32,h:32]]></value>
				</property>
			</properties>
			<relations/>
			<accesscontrol/>
		</file>
		<file>
			<source>system/workplace/resources/tools/workplace/icons/big/fileview_settings.png</source>
			<destination>system/workplace/resources/tools/workplace/icons/big/fileview_settings.png</destination>
			<type>image</type>
			<uuidstructure>c3c0a119-11b7-11db-91cd-fdbae480bac9</uuidstructure>
			<uuidresource>ac81b52f-d9c0-11d9-a124-ef342b994563</uuidresource>
			<datelastmodified>Mon, 27 Mar 2006 12:00:00 GMT</datelastmodified>
			<userlastmodified>Admin</userlastmodified>
			<datecreated>Mon, 27 Jun 2005 08:00:00 GMT</datecreated>
			<usercreated>Admin</usercreated>
			<flags>0</flags>
			<properties>
				<property type="shared">
					<name>image.size</name>
					<value><![CDATA[w:32,h:32]]></value>
				</property>
			</properties>
			<relations/>
			<accesscontrol/>
		</file>
		<file>
			<source>system/workplace/resources/tools/workplace/icons/big/fileview_view.png</source>
			<destination>system/workplace/resources/tools/workplace/icons/big/fileview_view.png</destination>
			<type>image</type>
			<uuidstructure>c3c3121c-11b7-11db-91cd-fdbae480bac9</uuidstructure>
			<uuidresource>ac925702-d9c0-11d9-a124-ef342b994563</uuidresource>
			<datelastmodified>Mon, 27 Mar 2006 12:00:00 GMT</datelastmodified>
			<userlastmodified>Admin</userlastmodified>
			<datecreated>Mon, 27 Jun 2005 08:00:00 GMT</datecreated>
			<usercreated>Admin</usercreated>
			<flags>0</flags>
			<properties>
				<property type="shared">
					<name>image.size</name>
					<value><![CDATA[w:32,h:32]]></value>
				</property>
			</properties>
			<relations/>
			<accesscontrol/>
		</file>
		<file>
			<source>system/workplace/resources/tools/workplace/icons/big/folder_refresh.png</source>
			<destination>system/workplace/resources/tools/workplace/icons/big/folder_refresh.png</destination>
			<type>image</type>
			<uuidstructure>c3bbe623-11b7-11db-91cd-fdbae480bac9</uuidstructure>
			<uuidresource>4c671ad2-d8c6-11d9-98f8-516c3c2775b1</uuidresource>
			<datelastmodified>Mon, 27 Mar 2006 12:00:00 GMT</datelastmodified>
			<userlastmodified>Admin</userlastmodified>
			<datecreated>Mon, 27 Jun 2005 08:00:00 GMT</datecreated>
			<usercreated>Admin</usercreated>
			<flags>0</flags>
			<properties>
				<property type="shared">
					<name>image.size</name>
					<value><![CDATA[w:32,h:32]]></value>
				</property>
			</properties>
			<relations/>
			<accesscontrol/>
		</file>
		<file>
			<source>system/workplace/resources/tools/workplace/icons/big/log_preferences.png</source>
			<destination>system/workplace/resources/tools/workplace/icons/big/log_preferences.png</destination>
			<type>image</type>
			<uuidstructure>49195b5c-5346-11e1-ba8f-e7aa6134161f</uuidstructure>
			<uuidresource>49195b5d-5346-11e1-ba8f-e7aa6134161f</uuidresource>
			<datelastmodified>Thu, 09 Feb 2012 11:28:49 GMT</datelastmodified>
			<userlastmodified>Admin</userlastmodified>
			<datecreated>Thu, 09 Feb 2012 11:28:49 GMT</datecreated>
			<usercreated>Admin</usercreated>
			<flags>0</flags>
			<properties>
				<property>
					<name>Title</name>
					<value><![CDATA[log_preferences]]></value>
				</property>
				<property type="shared">
					<name>image.size</name>
					<value><![CDATA[w:32,h:32]]></value>
				</property>
			</properties>
			<relations/>
			<accesscontrol/>
		</file>
		<file>
			<source>system/workplace/resources/tools/workplace/icons/big/send_email.png</source>
			<destination>system/workplace/resources/tools/workplace/icons/big/send_email.png</destination>
			<type>image</type>
			<uuidstructure>c3c5831f-11b7-11db-91cd-fdbae480bac9</uuidstructure>
			<uuidresource>f472b3cb-dd9a-11d9-a3c8-efaaea26ed93</uuidresource>
			<datelastmodified>Mon, 27 Mar 2006 12:00:00 GMT</datelastmodified>
			<userlastmodified>Admin</userlastmodified>
			<datecreated>Mon, 27 Jun 2005 08:00:00 GMT</datecreated>
			<usercreated>Admin</usercreated>
			<flags>0</flags>
			<properties>
				<property type="shared">
					<name>image.size</name>
					<value><![CDATA[w:32,h:32]]></value>
				</property>
			</properties>
			<relations/>
			<accesscontrol/>
		</file>
		<file>
			<source>system/workplace/resources/tools/workplace/icons/big/send_email_groups.png</source>
			<destination>system/workplace/resources/tools/workplace/icons/big/send_email_groups.png</destination>
			<type>image</type>
			<uuidstructure>f5c99041-c263-11db-882a-d1e27da85d64</uuidstructure>
			<uuidresource>f5c99042-c263-11db-882a-d1e27da85d64</uuidresource>
			<datelastmodified>Mon, 27 Mar 2006 12:00:00 GMT</datelastmodified>
			<userlastmodified>Admin</userlastmodified>
			<datecreated>Thu, 22 Feb 2007 11:00:51 GMT</datecreated>
			<usercreated>Admin</usercreated>
			<flags>0</flags>
			<properties>
				<property type="shared">
					<name>image.size</name>
					<value><![CDATA[w:32,h:32]]></value>
				</property>
			</properties>
			<relations/>
			<accesscontrol/>
		</file>
		<file>
			<source>system/workplace/resources/tools/workplace/icons/big/send_message.png</source>
			<destination>system/workplace/resources/tools/workplace/icons/big/send_message.png</destination>
			<type>image</type>
			<uuidstructure>c3ca3e12-11b7-11db-91cd-fdbae480bac9</uuidstructure>
			<uuidresource>29d29fbb-dda2-11d9-8944-efaaea26ed93</uuidresource>
			<datelastmodified>Mon, 27 Mar 2006 12:00:00 GMT</datelastmodified>
			<userlastmodified>Admin</userlastmodified>
			<datecreated>Mon, 27 Jun 2005 08:00:00 GMT</datecreated>
			<usercreated>Admin</usercreated>
			<flags>0</flags>
			<properties>
				<property type="shared">
					<name>image.size</name>
					<value><![CDATA[w:32,h:32]]></value>
				</property>
			</properties>
			<relations/>
			<accesscontrol/>
		</file>
		<file>
			<source>system/workplace/resources/tools/workplace/icons/big/send_popup_groups.png</source>
			<destination>system/workplace/resources/tools/workplace/icons/big/send_popup_groups.png</destination>
			<type>image</type>
			<uuidstructure>5b9c43d8-c288-11db-92ef-d1e27da85d64</uuidstructure>
			<uuidresource>5b9c43d9-c288-11db-92ef-d1e27da85d64</uuidresource>
			<datelastmodified>Mon, 27 Mar 2006 12:00:00 GMT</datelastmodified>
			<userlastmodified>Admin</userlastmodified>
			<datecreated>Thu, 22 Feb 2007 15:21:24 GMT</datecreated>
			<usercreated>Admin</usercreated>
			<flags>0</flags>
			<properties>
				<property type="shared">
					<name>image.size</name>
					<value><![CDATA[w:32,h:32]]></value>
				</property>
			</properties>
			<relations/>
			<accesscontrol/>
		</file>
		<file>
			<source>system/workplace/resources/tools/workplace/icons/big/workplace.png</source>
			<destination>system/workplace/resources/tools/workplace/icons/big/workplace.png</destination>
			<type>image</type>
			<uuidstructure>c3ca3e15-11b7-11db-91cd-fdbae480bac9</uuidstructure>
			<uuidresource>84a0786c-d8f0-11d9-9822-ef342b994563</uuidresource>
			<datelastmodified>Mon, 27 Mar 2006 12:00:00 GMT</datelastmodified>
			<userlastmodified>Admin</userlastmodified>
			<datecreated>Mon, 27 Jun 2005 08:00:00 GMT</datecreated>
			<usercreated>Admin</usercreated>
			<flags>0</flags>
			<properties>
				<property type="shared">
					<name>image.size</name>
					<value><![CDATA[w:32,h:32]]></value>
				</property>
			</properties>
			<relations/>
			<accesscontrol/>
		</file>
		<file>
			<source>system/workplace/resources/tools/workplace/icons/big/workplace_broadcast.png</source>
			<destination>system/workplace/resources/tools/workplace/icons/big/workplace_broadcast.png</destination>
			<type>image</type>
			<uuidstructure>c3cc8808-11b7-11db-91cd-fdbae480bac9</uuidstructure>
			<uuidresource>f49b235e-dd9a-11d9-a3c8-efaaea26ed93</uuidresource>
			<datelastmodified>Mon, 27 Mar 2006 12:00:00 GMT</datelastmodified>
			<userlastmodified>Admin</userlastmodified>
			<datecreated>Mon, 27 Jun 2005 08:00:00 GMT</datecreated>
			<usercreated>Admin</usercreated>
			<flags>0</flags>
			<properties>
				<property type="shared">
					<name>image.size</name>
					<value><![CDATA[w:32,h:32]]></value>
				</property>
			</properties>
			<relations/>
			<accesscontrol/>
		</file>
		<file>
			<source>system/workplace/resources/tools/workplace/icons/big/workplace_loginmessage.png</source>
			<destination>system/workplace/resources/tools/workplace/icons/big/workplace_loginmessage.png</destination>
			<type>image</type>
			<uuidstructure>c3d16a0b-11b7-11db-91cd-fdbae480bac9</uuidstructure>
			<uuidresource>b1e13a59-d730-11d9-b767-0d179596440c</uuidresource>
			<datelastmodified>Mon, 27 Mar 2006 12:00:00 GMT</datelastmodified>
			<userlastmodified>Admin</userlastmodified>
			<datecreated>Mon, 27 Jun 2005 08:00:00 GMT</datecreated>
			<usercreated>Admin</usercreated>
			<flags>0</flags>
			<properties>
				<property type="shared">
					<name>image.size</name>
					<value><![CDATA[w:32,h:32]]></value>
				</property>
			</properties>
			<relations/>
			<accesscontrol/>
		</file>
		<file>
			<source>system/workplace/resources/tools/workplace/icons/big/workplace_reload.png</source>
			<destination>system/workplace/resources/tools/workplace/icons/big/workplace_reload.png</destination>
			<type>image</type>
			<uuidstructure>c3d3b3fe-11b7-11db-91cd-fdbae480bac9</uuidstructure>
			<uuidresource>84b11a43-d8f0-11d9-9822-ef342b994563</uuidresource>
			<datelastmodified>Mon, 27 Mar 2006 12:00:00 GMT</datelastmodified>
			<userlastmodified>Admin</userlastmodified>
			<datecreated>Mon, 27 Jun 2005 08:00:00 GMT</datecreated>
			<usercreated>Admin</usercreated>
			<flags>0</flags>
			<properties>
				<property type="shared">
					<name>image.size</name>
					<value><![CDATA[w:32,h:32]]></value>
				</property>
			</properties>
			<relations/>
			<accesscontrol/>
		</file>
		<file>
			<destination>system/workplace/resources/tools/workplace/icons/small</destination>
			<type>folder</type>
			<uuidstructure>c3d62402-11b7-11db-91cd-fdbae480bac9</uuidstructure>
			<datelastmodified>Mon, 27 Mar 2006 12:00:00 GMT</datelastmodified>
			<userlastmodified>Admin</userlastmodified>
			<datecreated>Mon, 27 Jun 2005 08:00:00 GMT</datecreated>
			<usercreated>Admin</usercreated>
			<flags>0</flags>
			<properties/>
			<relations/>
			<accesscontrol/>
		</file>
		<file>
			<source>system/workplace/resources/tools/workplace/icons/small/workplace.png</source>
			<destination>system/workplace/resources/tools/workplace/icons/small/workplace.png</destination>
			<type>image</type>
			<uuidstructure>c3df99e3-11b7-11db-91cd-fdbae480bac9</uuidstructure>
			<uuidresource>84c1e32a-d8f0-11d9-9822-ef342b994563</uuidresource>
			<datelastmodified>Mon, 27 Mar 2006 12:00:00 GMT</datelastmodified>
			<userlastmodified>Admin</userlastmodified>
			<datecreated>Mon, 27 Jun 2005 08:00:00 GMT</datecreated>
			<usercreated>Admin</usercreated>
			<flags>0</flags>
			<properties>
				<property type="shared">
					<name>image.size</name>
					<value><![CDATA[w:20,h:20]]></value>
				</property>
			</properties>
			<relations/>
			<accesscontrol/>
		</file>
	</files>
</export>
