<?xml version="1.0" encoding="UTF-8"?>
<export>
  <info>
    <creator>Admin</creator>
    <opencms_version>8.5.0</opencms_version>
    <createdate>Thu, 11 Mar 2010 08:48:38 GMT</createdate>
    <infoproject>Offline</infoproject>
    <export_version>7</export_version>
  </info>
  <module>
    <name>org.opencms.ade.containerpage</name>
    <nicename><![CDATA[OpenCms 8 ADE Containerpade Editor]]></nicename>
    <group>OpenCms ADE</group>
    <class/>
    <description><![CDATA[The containerpage editor.<br>
<i>(c) 2013 by Alkacon Software GmbH (http://www.alkacon.com).</i>]]></description>
    <version>8.5.1</version>
    <authorname><![CDATA[Alkacon Software GmbH]]></authorname>
    <authoremail><![CDATA[info@alkacon.com]]></authoremail>
    <datecreated/>
    <userinstalled/>
    <dateinstalled/>
    <dependencies>
      <dependency name="org.opencms.ade.config" version="8.5.0"/>
    </dependencies>
    <exportpoints>
      <exportpoint uri="/system/modules/org.opencms.ade.containerpage/resources/" destination="resources/ade/"/>
    </exportpoints>
    <resources>
      <resource uri="/system/modules/org.opencms.ade.containerpage/"/>
    </resources>
    <parameters>
      
    <param name="gwt.buildid">20130207</param>
</parameters>
    <resourcetypes/>
    <explorertypes/>
  </module>
  <files>
    <file>
      <destination>system</destination>
      <type>folder</type>
      <uuidstructure>a815f67e-2b6f-11df-b6ae-2393f34d19cc</uuidstructure>
      <datelastmodified>Tue, 09 Mar 2010 11:34:00 GMT</datelastmodified>
      <userlastmodified>Admin</userlastmodified>
      <datecreated>Tue, 09 Mar 2010 11:34:00 GMT</datecreated>
      <usercreated>Admin</usercreated>
      <flags>0</flags>
      <properties/>
      <relations/>
      <accesscontrol>
        <accessentry>
          <uuidprincipal>ROLE.WORKPLACE_USER</uuidprincipal>
          <flags>514</flags>
          <permissionset>
            <allowed>1</allowed>
            <denied>0</denied>
          </permissionset>
        </accessentry>
      </accesscontrol>
    </file>
    <file>
      <destination>system/modules</destination>
      <type>folder</type>
      <uuidstructure>a8ae8d37-2b6f-11df-b6ae-2393f34d19cc</uuidstructure>
      <datelastmodified>Tue, 09 Mar 2010 11:34:01 GMT</datelastmodified>
      <userlastmodified>Admin</userlastmodified>
      <datecreated>Tue, 09 Mar 2010 11:34:01 GMT</datecreated>
      <usercreated>Admin</usercreated>
      <flags>0</flags>
      <properties/>
      <relations/>
      <accesscontrol>
        <accessentry>
          <uuidprincipal>ROLE.WORKPLACE_USER</uuidprincipal>
          <flags>514</flags>
          <permissionset>
            <allowed>5</allowed>
            <denied>0</denied>
          </permissionset>
        </accessentry>
      </accesscontrol>
    </file>
    <file>
      <destination>system/modules/org.opencms.ade.containerpage</destination>
      <type>folder</type>
      <uuidstructure>acc4446c-2ce9-11df-a5f1-2393f34d19cc</uuidstructure>
      <datelastmodified>Thu, 11 Mar 2010 08:39:58 GMT</datelastmodified>
      <userlastmodified>Admin</userlastmodified>
      <datecreated>Thu, 11 Mar 2010 08:39:58 GMT</datecreated>
      <usercreated>Admin</usercreated>
      <flags>0</flags>
      <properties/>
      <relations/>
      <accesscontrol/>
    </file>
    <file>
      <destination>system/modules/org.opencms.ade.containerpage/formatters</destination>
      <type>folder</type>
      <uuidstructure>d2ebf430-761e-11e0-bd7f-9ffeadaf4d46</uuidstructure>
      <datelastmodified>Wed, 04 May 2011 07:19:18 GMT</datelastmodified>
      <userlastmodified>Admin</userlastmodified>
      <datecreated>Wed, 04 May 2011 07:19:18 GMT</datecreated>
      <usercreated>Admin</usercreated>
      <flags>0</flags>
      <properties/>
      <relations/>
      <accesscontrol/>
    </file>
    <file>
      <source>system/modules/org.opencms.ade.containerpage/formatters/group-container.jsp</source>
      <destination>system/modules/org.opencms.ade.containerpage/formatters/group-container.jsp</destination>
      <type>jsp</type>
      <uuidstructure>e7029fa2-761e-11e0-bd7f-9ffeadaf4d46</uuidstructure>
      <uuidresource>e7029fa3-761e-11e0-bd7f-9ffeadaf4d46</uuidresource>
      <datelastmodified>Wed, 04 May 2011 07:20:45 GMT</datelastmodified>
      <userlastmodified>Admin</userlastmodified>
      <datecreated>Wed, 04 May 2011 07:19:51 GMT</datecreated>
      <usercreated>Admin</usercreated>
      <flags>0</flags>
      <properties>
        <property>
          <name>Title</name>
          <value><![CDATA[Formatter for group-containers]]></value>
        </property>
        <property type="shared">
          <name>export</name>
          <value><![CDATA[false]]></value>
        </property>
      </properties>
      <relations/>
      <accesscontrol/>
    </file>
    <file>
      <source>system/modules/org.opencms.ade.containerpage/formatters/function.jsp</source>
      <destination>system/modules/org.opencms.ade.containerpage/formatters/function.jsp</destination>
      <type>jsp</type>
      <uuidstructure>087ba7c9-e7fc-4336-acb8-d3416a4eb1fd</uuidstructure>
      <uuidresource>087ba7c9-e7fc-4336-acb8-d3416a4eb1fe</uuidresource>
      <datelastmodified>Wed, 04 May 2011 07:20:45 GMT</datelastmodified>
      <userlastmodified>Admin</userlastmodified>
      <datecreated>Wed, 04 May 2011 07:19:51 GMT</datecreated>
      <usercreated>Admin</usercreated>
      <flags>0</flags>
      <properties>
        <property>
          <name>cache</name>
          <value><![CDATA[container-element;locale]]></value>
        </property>
      </properties>
      <relations/>
      <accesscontrol/>
    </file>
    <file>
      <source>system/modules/org.opencms.ade.containerpage/.config</source>
      <destination>system/modules/org.opencms.ade.containerpage/.config</destination>
      <type>module_config</type>
      <uuidstructure>c70eacc4-a19d-11e0-bf43-03f9b7261207</uuidstructure>
      <uuidresource>c70eacc5-a19d-11e0-bf43-03f9b7261207</uuidresource>
      <datelastmodified>Tue, 28 Jun 2011 15:48:01 GMT</datelastmodified>
      <userlastmodified>Admin</userlastmodified>
      <datecreated>Tue, 28 Jun 2011 15:46:24 GMT</datecreated>
      <usercreated>Admin</usercreated>
      <flags>0</flags>
      <properties>
        <property>
          <name>locale</name>
          <value><![CDATA[en]]></value>
        </property>
        <property>
          <name>locale-available</name>
          <value><![CDATA[en]]></value>
        </property>
      </properties>
      <relations/>
      <accesscontrol/>
    </file>
    <file>
      <source>system/modules/org.opencms.ade.containerpage/containerpage_include.jsp</source>
      <destination>system/modules/org.opencms.ade.containerpage/containerpage_include.jsp</destination>
      <type>jsp</type>
      <uuidstructure>d3aa3d37-4245-11df-94f0-2393f34d19cc</uuidstructure>
      <uuidresource>d3aa3d38-4245-11df-94f0-2393f34d19cc</uuidresource>
      <datelastmodified>Wed, 07 Apr 2010 13:13:17 GMT</datelastmodified>
      <userlastmodified>Admin</userlastmodified>
      <datecreated>Wed, 07 Apr 2010 13:02:31 GMT</datecreated>
      <usercreated>Admin</usercreated>
      <flags>0</flags>
      <properties>
        <property type="shared">
          <name>export</name>
          <value><![CDATA[false]]></value>
        </property>
      </properties>
      <relations/>
      <accesscontrol/>
    </file>
    <file>
      <destination>system/modules/org.opencms.ade.containerpage/resources</destination>
      <type>folder</type>
      <uuidstructure>15f8a302-2cf5-11df-a5f1-2393f34d19cc</uuidstructure>
      <datelastmodified>Thu, 11 Mar 2010 10:01:39 GMT</datelastmodified>
      <userlastmodified>Admin</userlastmodified>
      <datecreated>Thu, 11 Mar 2010 10:01:39 GMT</datecreated>
      <usercreated>Admin</usercreated>
      <flags>0</flags>
      <properties/>
      <relations/>
      <accesscontrol/>
    </file>
    <file>
      <destination>system/modules/org.opencms.ade.containerpage/resources/containerpage</destination>
      <type>folder</type>
      <uuidstructure>f0cad3da-71ad-11e0-883b-cd21a79dc8d2</uuidstructure>
      <datelastmodified>Thu, 28 Apr 2011 15:41:10 GMT</datelastmodified>
      <userlastmodified>Admin</userlastmodified>
      <datecreated>Thu, 28 Apr 2011 15:41:10 GMT</datecreated>
      <usercreated>Admin</usercreated>
      <flags>0</flags>
      <properties/>
      <relations/>
      <accesscontrol/>
    </file>
    <file>
      <source>system/modules/org.opencms.ade.containerpage/resources/containerpage/0326AF455425F6065C00E0361659A798.cache.png</source>
      <destination>system/modules/org.opencms.ade.containerpage/resources/containerpage/0326AF455425F6065C00E0361659A798.cache.png</destination>
      <type>image</type>
      <uuidstructure>9e33d7b8-0221-11e2-8e8c-2d27f3ae2994</uuidstructure>
      <uuidresource>9e33d7b9-0221-11e2-8e8c-2d27f3ae2994</uuidresource>
      <datelastmodified>Wed, 19 Sep 2012 06:16:58 GMT</datelastmodified>
      <userlastmodified>Admin</userlastmodified>
      <datecreated>Wed, 19 Sep 2012 06:16:58 GMT</datecreated>
      <usercreated>Admin</usercreated>
      <flags>0</flags>
      <properties/>
      <relations/>
      <accesscontrol/>
    </file>
    <file>
      <source>system/modules/org.opencms.ade.containerpage/resources/containerpage/C5A27D39642140A2D79D6CE3A5F791CE.cache.html</source>
      <destination>system/modules/org.opencms.ade.containerpage/resources/containerpage/C5A27D39642140A2D79D6CE3A5F791CE.cache.html</destination>
      <type>plain</type>
      <uuidstructure>d1cac8b1-710c-11e2-8a5f-efc577c66ee6</uuidstructure>
      <uuidresource>d1cc2842-710c-11e2-8a5f-efc577c66ee6</uuidresource>
      <datelastmodified>Thu, 07 Feb 2013 09:57:44 GMT</datelastmodified>
      <userlastmodified>Admin</userlastmodified>
      <datecreated>Thu, 07 Feb 2013 09:57:44 GMT</datecreated>
      <usercreated>Admin</usercreated>
      <flags>0</flags>
      <properties/>
      <relations/>
      <accesscontrol/>
    </file>
    <file>
      <source>system/modules/org.opencms.ade.containerpage/resources/containerpage/07B79EDA917A4EB940EFF2814B61B238.cache.png</source>
      <destination>system/modules/org.opencms.ade.containerpage/resources/containerpage/07B79EDA917A4EB940EFF2814B61B238.cache.png</destination>
      <type>image</type>
      <uuidstructure>4300d369-6dae-11e1-93f6-d9538f94e136</uuidstructure>
      <uuidresource>4300d36a-6dae-11e1-93f6-d9538f94e136</uuidresource>
      <datelastmodified>Wed, 14 Mar 2012 08:18:21 GMT</datelastmodified>
      <userlastmodified>Admin</userlastmodified>
      <datecreated>Wed, 14 Mar 2012 08:18:21 GMT</datecreated>
      <usercreated>Admin</usercreated>
      <flags>0</flags>
      <properties/>
      <relations/>
      <accesscontrol/>
    </file>
    <file>
      <source>system/modules/org.opencms.ade.containerpage/resources/containerpage/7E138E68B6B0583E2386D58A1A75E6F7.cache.html</source>
      <destination>system/modules/org.opencms.ade.containerpage/resources/containerpage/7E138E68B6B0583E2386D58A1A75E6F7.cache.html</destination>
      <type>plain</type>
      <uuidstructure>d1c39cbd-710c-11e2-8a5f-efc577c66ee6</uuidstructure>
      <uuidresource>d1c4d53e-710c-11e2-8a5f-efc577c66ee6</uuidresource>
      <datelastmodified>Thu, 07 Feb 2013 09:57:44 GMT</datelastmodified>
      <userlastmodified>Admin</userlastmodified>
      <datecreated>Thu, 07 Feb 2013 09:57:44 GMT</datecreated>
      <usercreated>Admin</usercreated>
      <flags>0</flags>
      <properties/>
      <relations/>
      <accesscontrol/>
    </file>
    <file>
      <source>system/modules/org.opencms.ade.containerpage/resources/containerpage/0C2636863EBF1B7E60FACEDA96D6E448.cache.gif</source>
      <destination>system/modules/org.opencms.ade.containerpage/resources/containerpage/0C2636863EBF1B7E60FACEDA96D6E448.cache.gif</destination>
      <type>image</type>
      <uuidstructure>4300d36d-6dae-11e1-93f6-d9538f94e136</uuidstructure>
      <uuidresource>4300d36e-6dae-11e1-93f6-d9538f94e136</uuidresource>
      <datelastmodified>Wed, 14 Mar 2012 08:18:21 GMT</datelastmodified>
      <userlastmodified>Admin</userlastmodified>
      <datecreated>Wed, 14 Mar 2012 08:18:21 GMT</datecreated>
      <usercreated>Admin</usercreated>
      <flags>0</flags>
      <properties/>
      <relations/>
      <accesscontrol/>
    </file>
    <file>
      <source>system/modules/org.opencms.ade.containerpage/resources/containerpage/0F89659FF3F324AE4116F700257E32BD.cache.gif</source>
      <destination>system/modules/org.opencms.ade.containerpage/resources/containerpage/0F89659FF3F324AE4116F700257E32BD.cache.gif</destination>
      <type>image</type>
      <uuidstructure>9e50606a-0221-11e2-8e8c-2d27f3ae2994</uuidstructure>
      <uuidresource>9e50606b-0221-11e2-8e8c-2d27f3ae2994</uuidresource>
      <datelastmodified>Wed, 19 Sep 2012 06:16:58 GMT</datelastmodified>
      <userlastmodified>Admin</userlastmodified>
      <datecreated>Wed, 19 Sep 2012 06:16:58 GMT</datecreated>
      <usercreated>Admin</usercreated>
      <flags>0</flags>
      <properties/>
      <relations/>
      <accesscontrol/>
    </file>
    <file>
      <source>system/modules/org.opencms.ade.containerpage/resources/containerpage/124DCEE507CAB7576C003C7BAF0D9924.cache.png</source>
      <destination>system/modules/org.opencms.ade.containerpage/resources/containerpage/124DCEE507CAB7576C003C7BAF0D9924.cache.png</destination>
      <type>image</type>
      <uuidstructure>43031d5f-6dae-11e1-93f6-d9538f94e136</uuidstructure>
      <uuidresource>43031d60-6dae-11e1-93f6-d9538f94e136</uuidresource>
      <datelastmodified>Wed, 14 Mar 2012 08:18:21 GMT</datelastmodified>
      <userlastmodified>Admin</userlastmodified>
      <datecreated>Wed, 14 Mar 2012 08:18:21 GMT</datecreated>
      <usercreated>Admin</usercreated>
      <flags>0</flags>
      <properties/>
      <relations/>
      <accesscontrol/>
    </file>
    <file>
      <source>system/modules/org.opencms.ade.containerpage/resources/containerpage/130216F44FAF2CA3A53FBD439D3CA97A.cache.png</source>
      <destination>system/modules/org.opencms.ade.containerpage/resources/containerpage/130216F44FAF2CA3A53FBD439D3CA97A.cache.png</destination>
      <type>image</type>
      <uuidstructure>43031d61-6dae-11e1-93f6-d9538f94e136</uuidstructure>
      <uuidresource>43031d62-6dae-11e1-93f6-d9538f94e136</uuidresource>
      <datelastmodified>Wed, 14 Mar 2012 08:18:21 GMT</datelastmodified>
      <userlastmodified>Admin</userlastmodified>
      <datecreated>Wed, 14 Mar 2012 08:18:21 GMT</datecreated>
      <usercreated>Admin</usercreated>
      <flags>0</flags>
      <properties/>
      <relations/>
      <accesscontrol/>
    </file>
    <file>
      <source>system/modules/org.opencms.ade.containerpage/resources/containerpage/703F7DFFE783DD40BB51823CDB94B488.cache.html</source>
      <destination>system/modules/org.opencms.ade.containerpage/resources/containerpage/703F7DFFE783DD40BB51823CDB94B488.cache.html</destination>
      <type>plain</type>
      <uuidstructure>d18b0085-710c-11e2-8a5f-efc577c66ee6</uuidstructure>
      <uuidresource>d18d2366-710c-11e2-8a5f-efc577c66ee6</uuidresource>
      <datelastmodified>Thu, 07 Feb 2013 09:57:44 GMT</datelastmodified>
      <userlastmodified>Admin</userlastmodified>
      <datecreated>Thu, 07 Feb 2013 09:57:44 GMT</datecreated>
      <usercreated>Admin</usercreated>
      <flags>0</flags>
      <properties/>
      <relations/>
      <accesscontrol/>
    </file>
    <file>
      <source>system/modules/org.opencms.ade.containerpage/resources/containerpage/13D2931874E71D07F248A0CDF051CC85.cache.png</source>
      <destination>system/modules/org.opencms.ade.containerpage/resources/containerpage/13D2931874E71D07F248A0CDF051CC85.cache.png</destination>
      <type>image</type>
      <uuidstructure>9e65e43c-0221-11e2-8e8c-2d27f3ae2994</uuidstructure>
      <uuidresource>9e65e43d-0221-11e2-8e8c-2d27f3ae2994</uuidresource>
      <datelastmodified>Wed, 19 Sep 2012 06:16:58 GMT</datelastmodified>
      <userlastmodified>Admin</userlastmodified>
      <datecreated>Wed, 19 Sep 2012 06:16:58 GMT</datecreated>
      <usercreated>Admin</usercreated>
      <flags>0</flags>
      <properties/>
      <relations/>
      <accesscontrol/>
    </file>
    <file>
      <source>system/modules/org.opencms.ade.containerpage/resources/containerpage/157263C9722C7F5A5AD963F6B5594F87.cache.png</source>
      <destination>system/modules/org.opencms.ade.containerpage/resources/containerpage/157263C9722C7F5A5AD963F6B5594F87.cache.png</destination>
      <type>image</type>
      <uuidstructure>43031d63-6dae-11e1-93f6-d9538f94e136</uuidstructure>
      <uuidresource>43031d64-6dae-11e1-93f6-d9538f94e136</uuidresource>
      <datelastmodified>Wed, 14 Mar 2012 08:18:21 GMT</datelastmodified>
      <userlastmodified>Admin</userlastmodified>
      <datecreated>Wed, 14 Mar 2012 08:18:21 GMT</datecreated>
      <usercreated>Admin</usercreated>
      <flags>0</flags>
      <properties/>
      <relations/>
      <accesscontrol/>
    </file>
    <file>
      <source>system/modules/org.opencms.ade.containerpage/resources/containerpage/1BA570A78005D17EB033A5D959952436.cache.gif</source>
      <destination>system/modules/org.opencms.ade.containerpage/resources/containerpage/1BA570A78005D17EB033A5D959952436.cache.gif</destination>
      <type>image</type>
      <uuidstructure>43058e67-6dae-11e1-93f6-d9538f94e136</uuidstructure>
      <uuidresource>43058e68-6dae-11e1-93f6-d9538f94e136</uuidresource>
      <datelastmodified>Wed, 14 Mar 2012 08:18:21 GMT</datelastmodified>
      <userlastmodified>Admin</userlastmodified>
      <datecreated>Wed, 14 Mar 2012 08:18:21 GMT</datecreated>
      <usercreated>Admin</usercreated>
      <flags>0</flags>
      <properties/>
      <relations/>
      <accesscontrol/>
    </file>
    <file>
      <source>system/modules/org.opencms.ade.containerpage/resources/containerpage/1D0A264C2E6019D983DD72D1EE01457E.cache.png</source>
      <destination>system/modules/org.opencms.ade.containerpage/resources/containerpage/1D0A264C2E6019D983DD72D1EE01457E.cache.png</destination>
      <type>image</type>
      <uuidstructure>43058e6b-6dae-11e1-93f6-d9538f94e136</uuidstructure>
      <uuidresource>43058e6c-6dae-11e1-93f6-d9538f94e136</uuidresource>
      <datelastmodified>Wed, 14 Mar 2012 08:18:21 GMT</datelastmodified>
      <userlastmodified>Admin</userlastmodified>
      <datecreated>Wed, 14 Mar 2012 08:18:21 GMT</datecreated>
      <usercreated>Admin</usercreated>
      <flags>0</flags>
      <properties/>
      <relations/>
      <accesscontrol/>
    </file>
    <file>
      <source>system/modules/org.opencms.ade.containerpage/resources/containerpage/21998B27314C5C5FC843A89E07E05FCF.cache.png</source>
      <destination>system/modules/org.opencms.ade.containerpage/resources/containerpage/21998B27314C5C5FC843A89E07E05FCF.cache.png</destination>
      <type>image</type>
      <uuidstructure>43058e6f-6dae-11e1-93f6-d9538f94e136</uuidstructure>
      <uuidresource>43058e70-6dae-11e1-93f6-d9538f94e136</uuidresource>
      <datelastmodified>Wed, 14 Mar 2012 08:18:21 GMT</datelastmodified>
      <userlastmodified>Admin</userlastmodified>
      <datecreated>Wed, 14 Mar 2012 08:18:21 GMT</datecreated>
      <usercreated>Admin</usercreated>
      <flags>0</flags>
      <properties/>
      <relations/>
      <accesscontrol/>
    </file>
    <file>
      <source>system/modules/org.opencms.ade.containerpage/resources/containerpage/223E04DC70F69BC559571D1C0E0667E5.cache.png</source>
      <destination>system/modules/org.opencms.ade.containerpage/resources/containerpage/223E04DC70F69BC559571D1C0E0667E5.cache.png</destination>
      <type>image</type>
      <uuidstructure>9e6a9f30-0221-11e2-8e8c-2d27f3ae2994</uuidstructure>
      <uuidresource>9e6a9f31-0221-11e2-8e8c-2d27f3ae2994</uuidresource>
      <datelastmodified>Wed, 19 Sep 2012 06:16:58 GMT</datelastmodified>
      <userlastmodified>Admin</userlastmodified>
      <datecreated>Wed, 19 Sep 2012 06:16:58 GMT</datecreated>
      <usercreated>Admin</usercreated>
      <flags>0</flags>
      <properties/>
      <relations/>
      <accesscontrol/>
    </file>
    <file>
      <source>system/modules/org.opencms.ade.containerpage/resources/containerpage/081F37014A1FAF0FD10DDF4C45CCE25C.cache.html</source>
      <destination>system/modules/org.opencms.ade.containerpage/resources/containerpage/081F37014A1FAF0FD10DDF4C45CCE25C.cache.html</destination>
      <type>plain</type>
      <uuidstructure>d1617f83-710c-11e2-8a5f-efc577c66ee6</uuidstructure>
      <uuidresource>d162b804-710c-11e2-8a5f-efc577c66ee6</uuidresource>
      <datelastmodified>Thu, 07 Feb 2013 09:57:44 GMT</datelastmodified>
      <userlastmodified>Admin</userlastmodified>
      <datecreated>Thu, 07 Feb 2013 09:57:44 GMT</datecreated>
      <usercreated>Admin</usercreated>
      <flags>0</flags>
      <properties/>
      <relations/>
      <accesscontrol/>
    </file>
    <file>
      <source>system/modules/org.opencms.ade.containerpage/resources/containerpage/2504A645642997C1DF7023CD97BFE880.cache.gif</source>
      <destination>system/modules/org.opencms.ade.containerpage/resources/containerpage/2504A645642997C1DF7023CD97BFE880.cache.gif</destination>
      <type>image</type>
      <uuidstructure>43058e71-6dae-11e1-93f6-d9538f94e136</uuidstructure>
      <uuidresource>4307ff72-6dae-11e1-93f6-d9538f94e136</uuidresource>
      <datelastmodified>Wed, 14 Mar 2012 08:18:21 GMT</datelastmodified>
      <userlastmodified>Admin</userlastmodified>
      <datecreated>Wed, 14 Mar 2012 08:18:21 GMT</datecreated>
      <usercreated>Admin</usercreated>
      <flags>0</flags>
      <properties/>
      <relations/>
      <accesscontrol/>
    </file>
    <file>
      <source>system/modules/org.opencms.ade.containerpage/resources/containerpage/27246C8DD21072403777D9C61FEA16B7.gwt.rpc</source>
      <destination>system/modules/org.opencms.ade.containerpage/resources/containerpage/27246C8DD21072403777D9C61FEA16B7.gwt.rpc</destination>
      <type>plain</type>
      <uuidstructure>4307ff73-6dae-11e1-93f6-d9538f94e136</uuidstructure>
      <uuidresource>4307ff74-6dae-11e1-93f6-d9538f94e136</uuidresource>
      <datelastmodified>Wed, 14 Mar 2012 08:18:21 GMT</datelastmodified>
      <userlastmodified>Admin</userlastmodified>
      <datecreated>Wed, 14 Mar 2012 08:18:21 GMT</datecreated>
      <usercreated>Admin</usercreated>
      <flags>0</flags>
      <properties/>
      <relations/>
      <accesscontrol/>
    </file>
    <file>
      <source>system/modules/org.opencms.ade.containerpage/resources/containerpage/28876666747FD7CF017B39F122F45BFC.cache.png</source>
      <destination>system/modules/org.opencms.ade.containerpage/resources/containerpage/28876666747FD7CF017B39F122F45BFC.cache.png</destination>
      <type>image</type>
      <uuidstructure>4307ff75-6dae-11e1-93f6-d9538f94e136</uuidstructure>
      <uuidresource>4307ff76-6dae-11e1-93f6-d9538f94e136</uuidresource>
      <datelastmodified>Wed, 14 Mar 2012 08:18:21 GMT</datelastmodified>
      <userlastmodified>Admin</userlastmodified>
      <datecreated>Wed, 14 Mar 2012 08:18:21 GMT</datecreated>
      <usercreated>Admin</usercreated>
      <flags>0</flags>
      <properties/>
      <relations/>
      <accesscontrol/>
    </file>
    <file>
      <source>system/modules/org.opencms.ade.containerpage/resources/containerpage/28900C5A986D9BEE9FC75B51403369F9.cache.png</source>
      <destination>system/modules/org.opencms.ade.containerpage/resources/containerpage/28900C5A986D9BEE9FC75B51403369F9.cache.png</destination>
      <type>image</type>
      <uuidstructure>4307ff77-6dae-11e1-93f6-d9538f94e136</uuidstructure>
      <uuidresource>4307ff78-6dae-11e1-93f6-d9538f94e136</uuidresource>
      <datelastmodified>Wed, 14 Mar 2012 08:18:21 GMT</datelastmodified>
      <userlastmodified>Admin</userlastmodified>
      <datecreated>Wed, 14 Mar 2012 08:18:21 GMT</datecreated>
      <usercreated>Admin</usercreated>
      <flags>0</flags>
      <properties/>
      <relations/>
      <accesscontrol/>
    </file>
    <file>
      <source>system/modules/org.opencms.ade.containerpage/resources/containerpage/2D5DCEC84E5ECEEC13AE608620DDA715.cache.png</source>
      <destination>system/modules/org.opencms.ade.containerpage/resources/containerpage/2D5DCEC84E5ECEEC13AE608620DDA715.cache.png</destination>
      <type>image</type>
      <uuidstructure>4307ff79-6dae-11e1-93f6-d9538f94e136</uuidstructure>
      <uuidresource>4307ff7a-6dae-11e1-93f6-d9538f94e136</uuidresource>
      <datelastmodified>Wed, 14 Mar 2012 08:18:21 GMT</datelastmodified>
      <userlastmodified>Admin</userlastmodified>
      <datecreated>Wed, 14 Mar 2012 08:18:21 GMT</datecreated>
      <usercreated>Admin</usercreated>
      <flags>0</flags>
      <properties/>
      <relations/>
      <accesscontrol/>
    </file>
    <file>
      <source>system/modules/org.opencms.ade.containerpage/resources/containerpage/2DEFE4429494EC4398B219CEADD32C22.cache.png</source>
      <destination>system/modules/org.opencms.ade.containerpage/resources/containerpage/2DEFE4429494EC4398B219CEADD32C22.cache.png</destination>
      <type>image</type>
      <uuidstructure>430a496b-6dae-11e1-93f6-d9538f94e136</uuidstructure>
      <uuidresource>430a496c-6dae-11e1-93f6-d9538f94e136</uuidresource>
      <datelastmodified>Wed, 14 Mar 2012 08:18:21 GMT</datelastmodified>
      <userlastmodified>Admin</userlastmodified>
      <datecreated>Wed, 14 Mar 2012 08:18:21 GMT</datecreated>
      <usercreated>Admin</usercreated>
      <flags>0</flags>
      <properties/>
      <relations/>
      <accesscontrol/>
    </file>
    <file>
      <source>system/modules/org.opencms.ade.containerpage/resources/containerpage/2E9915E25840535E3FAEA0FF4FC665BA.cache.png</source>
      <destination>system/modules/org.opencms.ade.containerpage/resources/containerpage/2E9915E25840535E3FAEA0FF4FC665BA.cache.png</destination>
      <type>image</type>
      <uuidstructure>430a496d-6dae-11e1-93f6-d9538f94e136</uuidstructure>
      <uuidresource>430a496e-6dae-11e1-93f6-d9538f94e136</uuidresource>
      <datelastmodified>Wed, 14 Mar 2012 08:18:21 GMT</datelastmodified>
      <userlastmodified>Admin</userlastmodified>
      <datecreated>Wed, 14 Mar 2012 08:18:21 GMT</datecreated>
      <usercreated>Admin</usercreated>
      <flags>0</flags>
      <properties/>
      <relations/>
      <accesscontrol/>
    </file>
    <file>
      <source>system/modules/org.opencms.ade.containerpage/resources/containerpage/34DF72E9BC55C50215EC758739B146FB.gwt.rpc</source>
      <destination>system/modules/org.opencms.ade.containerpage/resources/containerpage/34DF72E9BC55C50215EC758739B146FB.gwt.rpc</destination>
      <type>plain</type>
      <uuidstructure>3b884f57-28d5-11e2-b03f-9316b28cdbb9</uuidstructure>
      <uuidresource>3b8ac058-28d5-11e2-b03f-9316b28cdbb9</uuidresource>
      <datelastmodified>Wed, 07 Nov 2012 12:18:26 GMT</datelastmodified>
      <userlastmodified>Admin</userlastmodified>
      <datecreated>Wed, 07 Nov 2012 12:18:26 GMT</datecreated>
      <usercreated>Admin</usercreated>
      <flags>0</flags>
      <properties/>
      <relations/>
      <accesscontrol/>
    </file>
    <file>
      <source>system/modules/org.opencms.ade.containerpage/resources/containerpage/3E13412DD77AE068AAF96B6978824A75.cache.png</source>
      <destination>system/modules/org.opencms.ade.containerpage/resources/containerpage/3E13412DD77AE068AAF96B6978824A75.cache.png</destination>
      <type>image</type>
      <uuidstructure>9e6f5a24-0221-11e2-8e8c-2d27f3ae2994</uuidstructure>
      <uuidresource>9e6f5a25-0221-11e2-8e8c-2d27f3ae2994</uuidresource>
      <datelastmodified>Wed, 19 Sep 2012 06:16:58 GMT</datelastmodified>
      <userlastmodified>Admin</userlastmodified>
      <datecreated>Wed, 19 Sep 2012 06:16:58 GMT</datecreated>
      <usercreated>Admin</usercreated>
      <flags>0</flags>
      <properties/>
      <relations/>
      <accesscontrol/>
    </file>
    <file>
      <source>system/modules/org.opencms.ade.containerpage/resources/containerpage/3E1B3C4D2B52FD7957DA6E43F8D5D4C9.cache.png</source>
      <destination>system/modules/org.opencms.ade.containerpage/resources/containerpage/3E1B3C4D2B52FD7957DA6E43F8D5D4C9.cache.png</destination>
      <type>image</type>
      <uuidstructure>430a4973-6dae-11e1-93f6-d9538f94e136</uuidstructure>
      <uuidresource>430a4974-6dae-11e1-93f6-d9538f94e136</uuidresource>
      <datelastmodified>Wed, 14 Mar 2012 08:18:21 GMT</datelastmodified>
      <userlastmodified>Admin</userlastmodified>
      <datecreated>Wed, 14 Mar 2012 08:18:21 GMT</datecreated>
      <usercreated>Admin</usercreated>
      <flags>0</flags>
      <properties/>
      <relations/>
      <accesscontrol/>
    </file>
    <file>
      <source>system/modules/org.opencms.ade.containerpage/resources/containerpage/4ED1C0B9BE23F2D66FC198C0FD3527D2.cache.png</source>
      <destination>system/modules/org.opencms.ade.containerpage/resources/containerpage/4ED1C0B9BE23F2D66FC198C0FD3527D2.cache.png</destination>
      <type>image</type>
      <uuidstructure>9e71cb28-0221-11e2-8e8c-2d27f3ae2994</uuidstructure>
      <uuidresource>9e71cb29-0221-11e2-8e8c-2d27f3ae2994</uuidresource>
      <datelastmodified>Wed, 19 Sep 2012 06:16:58 GMT</datelastmodified>
      <userlastmodified>Admin</userlastmodified>
      <datecreated>Wed, 19 Sep 2012 06:16:58 GMT</datecreated>
      <usercreated>Admin</usercreated>
      <flags>0</flags>
      <properties/>
      <relations/>
      <accesscontrol/>
    </file>
    <file>
      <source>system/modules/org.opencms.ade.containerpage/resources/containerpage/5134B68A54EF0AA02D7490A45E37C5B4.gwt.rpc</source>
      <destination>system/modules/org.opencms.ade.containerpage/resources/containerpage/5134B68A54EF0AA02D7490A45E37C5B4.gwt.rpc</destination>
      <type>plain</type>
      <uuidstructure>3be0817b-28d5-11e2-b03f-9316b28cdbb9</uuidstructure>
      <uuidresource>3be0817c-28d5-11e2-b03f-9316b28cdbb9</uuidresource>
      <datelastmodified>Wed, 07 Nov 2012 12:18:27 GMT</datelastmodified>
      <userlastmodified>Admin</userlastmodified>
      <datecreated>Wed, 07 Nov 2012 12:18:27 GMT</datecreated>
      <usercreated>Admin</usercreated>
      <flags>0</flags>
      <properties/>
      <relations/>
      <accesscontrol/>
    </file>
    <file>
      <source>system/modules/org.opencms.ade.containerpage/resources/containerpage/528F1389CBD23A696B89EF4D65007A96.cache.png</source>
      <destination>system/modules/org.opencms.ade.containerpage/resources/containerpage/528F1389CBD23A696B89EF4D65007A96.cache.png</destination>
      <type>image</type>
      <uuidstructure>430cb975-6dae-11e1-93f6-d9538f94e136</uuidstructure>
      <uuidresource>430cb976-6dae-11e1-93f6-d9538f94e136</uuidresource>
      <datelastmodified>Wed, 14 Mar 2012 08:18:21 GMT</datelastmodified>
      <userlastmodified>Admin</userlastmodified>
      <datecreated>Wed, 14 Mar 2012 08:18:21 GMT</datecreated>
      <usercreated>Admin</usercreated>
      <flags>0</flags>
      <properties/>
      <relations/>
      <accesscontrol/>
    </file>
    <file>
      <source>system/modules/org.opencms.ade.containerpage/resources/containerpage/55E6EF5AA7ECB5C3456D0C233F3D34A1.cache.png</source>
      <destination>system/modules/org.opencms.ade.containerpage/resources/containerpage/55E6EF5AA7ECB5C3456D0C233F3D34A1.cache.png</destination>
      <type>image</type>
      <uuidstructure>430cb979-6dae-11e1-93f6-d9538f94e136</uuidstructure>
      <uuidresource>430cb97a-6dae-11e1-93f6-d9538f94e136</uuidresource>
      <datelastmodified>Wed, 14 Mar 2012 08:18:21 GMT</datelastmodified>
      <userlastmodified>Admin</userlastmodified>
      <datecreated>Wed, 14 Mar 2012 08:18:21 GMT</datecreated>
      <usercreated>Admin</usercreated>
      <flags>0</flags>
      <properties/>
      <relations/>
      <accesscontrol/>
    </file>
    <file>
      <source>system/modules/org.opencms.ade.containerpage/resources/containerpage/588C4DA28DB8FF451F98C17E3DB78A1B.cache.gif</source>
      <destination>system/modules/org.opencms.ade.containerpage/resources/containerpage/588C4DA28DB8FF451F98C17E3DB78A1B.cache.gif</destination>
      <type>image</type>
      <uuidstructure>9e74151e-0221-11e2-8e8c-2d27f3ae2994</uuidstructure>
      <uuidresource>9e74151f-0221-11e2-8e8c-2d27f3ae2994</uuidresource>
      <datelastmodified>Wed, 19 Sep 2012 06:16:59 GMT</datelastmodified>
      <userlastmodified>Admin</userlastmodified>
      <datecreated>Wed, 19 Sep 2012 06:16:59 GMT</datecreated>
      <usercreated>Admin</usercreated>
      <flags>0</flags>
      <properties/>
      <relations/>
      <accesscontrol/>
    </file>
    <file>
      <source>system/modules/org.opencms.ade.containerpage/resources/containerpage/607C234F8298753CFE48C010F4F5B7C2.cache.png</source>
      <destination>system/modules/org.opencms.ade.containerpage/resources/containerpage/607C234F8298753CFE48C010F4F5B7C2.cache.png</destination>
      <type>image</type>
      <uuidstructure>430cb97d-6dae-11e1-93f6-d9538f94e136</uuidstructure>
      <uuidresource>430f036e-6dae-11e1-93f6-d9538f94e136</uuidresource>
      <datelastmodified>Wed, 14 Mar 2012 08:18:21 GMT</datelastmodified>
      <userlastmodified>Admin</userlastmodified>
      <datecreated>Wed, 14 Mar 2012 08:18:21 GMT</datecreated>
      <usercreated>Admin</usercreated>
      <flags>0</flags>
      <properties/>
      <relations/>
      <accesscontrol/>
    </file>
    <file>
      <source>system/modules/org.opencms.ade.containerpage/resources/containerpage/614A8351A28C0A4378525F849533D3FF.gwt.rpc</source>
      <destination>system/modules/org.opencms.ade.containerpage/resources/containerpage/614A8351A28C0A4378525F849533D3FF.gwt.rpc</destination>
      <type>plain</type>
      <uuidstructure>430f036f-6dae-11e1-93f6-d9538f94e136</uuidstructure>
      <uuidresource>430f0370-6dae-11e1-93f6-d9538f94e136</uuidresource>
      <datelastmodified>Wed, 14 Mar 2012 08:18:21 GMT</datelastmodified>
      <userlastmodified>Admin</userlastmodified>
      <datecreated>Wed, 14 Mar 2012 08:18:21 GMT</datecreated>
      <usercreated>Admin</usercreated>
      <flags>0</flags>
      <properties/>
      <relations/>
      <accesscontrol/>
    </file>
    <file>
      <source>system/modules/org.opencms.ade.containerpage/resources/containerpage/65B22523B8946A6D344AF2FEB3A3D3D0.gwt.rpc</source>
      <destination>system/modules/org.opencms.ade.containerpage/resources/containerpage/65B22523B8946A6D344AF2FEB3A3D3D0.gwt.rpc</destination>
      <type>plain</type>
      <uuidstructure>9cc61411-60b5-11e2-9ee4-71c02b83c5f5</uuidstructure>
      <uuidresource>9cc61412-60b5-11e2-9ee4-71c02b83c5f5</uuidresource>
      <datelastmodified>Thu, 17 Jan 2013 14:53:11 GMT</datelastmodified>
      <userlastmodified>Admin</userlastmodified>
      <datecreated>Thu, 17 Jan 2013 14:53:11 GMT</datecreated>
      <usercreated>Admin</usercreated>
      <flags>0</flags>
      <properties/>
      <relations/>
      <accesscontrol/>
    </file>
    <file>
      <source>system/modules/org.opencms.ade.containerpage/resources/containerpage/916D0EADF945AEC1B024650C42149A7E.cache.html</source>
      <destination>system/modules/org.opencms.ade.containerpage/resources/containerpage/916D0EADF945AEC1B024650C42149A7E.cache.html</destination>
      <type>plain</type>
      <uuidstructure>d1bf7e0b-710c-11e2-8a5f-efc577c66ee6</uuidstructure>
      <uuidresource>d1bfa51c-710c-11e2-8a5f-efc577c66ee6</uuidresource>
      <datelastmodified>Thu, 07 Feb 2013 09:57:44 GMT</datelastmodified>
      <userlastmodified>Admin</userlastmodified>
      <datecreated>Thu, 07 Feb 2013 09:57:44 GMT</datecreated>
      <usercreated>Admin</usercreated>
      <flags>0</flags>
      <properties/>
      <relations/>
      <accesscontrol/>
    </file>
    <file>
      <source>system/modules/org.opencms.ade.containerpage/resources/containerpage/67F03376FF6E2527B53E363D94D0F88C.cache.png</source>
      <destination>system/modules/org.opencms.ade.containerpage/resources/containerpage/67F03376FF6E2527B53E363D94D0F88C.cache.png</destination>
      <type>image</type>
      <uuidstructure>430f0375-6dae-11e1-93f6-d9538f94e136</uuidstructure>
      <uuidresource>430f0376-6dae-11e1-93f6-d9538f94e136</uuidresource>
      <datelastmodified>Wed, 14 Mar 2012 08:18:21 GMT</datelastmodified>
      <userlastmodified>Admin</userlastmodified>
      <datecreated>Wed, 14 Mar 2012 08:18:21 GMT</datecreated>
      <usercreated>Admin</usercreated>
      <flags>0</flags>
      <properties/>
      <relations/>
      <accesscontrol/>
    </file>
    <file>
      <source>system/modules/org.opencms.ade.containerpage/resources/containerpage/68007ADE137131ED0FF40540F74FEF7C.cache.png</source>
      <destination>system/modules/org.opencms.ade.containerpage/resources/containerpage/68007ADE137131ED0FF40540F74FEF7C.cache.png</destination>
      <type>image</type>
      <uuidstructure>9694cfa5-2fbf-11e2-9fa1-b33f9d57d633</uuidstructure>
      <uuidresource>9694cfa6-2fbf-11e2-9fa1-b33f9d57d633</uuidresource>
      <datelastmodified>Fri, 16 Nov 2012 07:31:08 GMT</datelastmodified>
      <userlastmodified>Admin</userlastmodified>
      <datecreated>Fri, 16 Nov 2012 07:31:08 GMT</datecreated>
      <usercreated>Admin</usercreated>
      <flags>0</flags>
      <properties/>
      <relations/>
      <accesscontrol/>
    </file>
    <file>
      <destination>system/modules/org.opencms.ade.containerpage/resources/containerpage/6C2B5BDF0A7B5F0A11DB17A1F8A75A56.cache.ico</destination>
      <type>folder</type>
      <uuidstructure>9e78f724-0221-11e2-8e8c-2d27f3ae2994</uuidstructure>
      <uuidresource>9e78f725-0221-11e2-8e8c-2d27f3ae2994</uuidresource>
      <datelastmodified>Wed, 19 Sep 2012 06:16:59 GMT</datelastmodified>
      <userlastmodified>Admin</userlastmodified>
      <datecreated>Wed, 19 Sep 2012 06:16:59 GMT</datecreated>
      <usercreated>Admin</usercreated>
      <flags>0</flags>
      <properties/>
      <relations/>
      <accesscontrol/>
    </file>
    <file>
      <source>system/modules/org.opencms.ade.containerpage/resources/containerpage/6D49AA540BF48A6BC5BB40598BB369C1.cache.png</source>
      <destination>system/modules/org.opencms.ade.containerpage/resources/containerpage/6D49AA540BF48A6BC5BB40598BB369C1.cache.png</destination>
      <type>image</type>
      <uuidstructure>43117477-6dae-11e1-93f6-d9538f94e136</uuidstructure>
      <uuidresource>43117478-6dae-11e1-93f6-d9538f94e136</uuidresource>
      <datelastmodified>Wed, 14 Mar 2012 08:18:21 GMT</datelastmodified>
      <userlastmodified>Admin</userlastmodified>
      <datecreated>Wed, 14 Mar 2012 08:18:21 GMT</datecreated>
      <usercreated>Admin</usercreated>
      <flags>0</flags>
      <properties/>
      <relations/>
      <accesscontrol/>
    </file>
    <file>
      <source>system/modules/org.opencms.ade.containerpage/resources/containerpage/7E76FDCA9138C1F6988CF904B0281C64.cache.gif</source>
      <destination>system/modules/org.opencms.ade.containerpage/resources/containerpage/7E76FDCA9138C1F6988CF904B0281C64.cache.gif</destination>
      <type>image</type>
      <uuidstructure>4311747b-6dae-11e1-93f6-d9538f94e136</uuidstructure>
      <uuidresource>4311747c-6dae-11e1-93f6-d9538f94e136</uuidresource>
      <datelastmodified>Wed, 14 Mar 2012 08:18:21 GMT</datelastmodified>
      <userlastmodified>Admin</userlastmodified>
      <datecreated>Wed, 14 Mar 2012 08:18:21 GMT</datecreated>
      <usercreated>Admin</usercreated>
      <flags>0</flags>
      <properties/>
      <relations/>
      <accesscontrol/>
    </file>
    <file>
      <source>system/modules/org.opencms.ade.containerpage/resources/containerpage/806F8EE738687B189D7F262612700F41.cache.gif</source>
      <destination>system/modules/org.opencms.ade.containerpage/resources/containerpage/806F8EE738687B189D7F262612700F41.cache.gif</destination>
      <type>image</type>
      <uuidstructure>9e7b411a-0221-11e2-8e8c-2d27f3ae2994</uuidstructure>
      <uuidresource>9e7b411b-0221-11e2-8e8c-2d27f3ae2994</uuidresource>
      <datelastmodified>Wed, 19 Sep 2012 06:16:59 GMT</datelastmodified>
      <userlastmodified>Admin</userlastmodified>
      <datecreated>Wed, 19 Sep 2012 06:16:59 GMT</datecreated>
      <usercreated>Admin</usercreated>
      <flags>0</flags>
      <properties/>
      <relations/>
      <accesscontrol/>
    </file>
    <file>
      <source>system/modules/org.opencms.ade.containerpage/resources/containerpage/846FD3C4DB495760C57444AB15F06126.cache.png</source>
      <destination>system/modules/org.opencms.ade.containerpage/resources/containerpage/846FD3C4DB495760C57444AB15F06126.cache.png</destination>
      <type>image</type>
      <uuidstructure>41ec5796-8d55-11e1-af2a-35f066b8c685</uuidstructure>
      <uuidresource>41ec5797-8d55-11e1-af2a-35f066b8c685</uuidresource>
      <datelastmodified>Mon, 23 Apr 2012 15:01:51 GMT</datelastmodified>
      <userlastmodified>Admin</userlastmodified>
      <datecreated>Mon, 23 Apr 2012 15:01:51 GMT</datecreated>
      <usercreated>Admin</usercreated>
      <flags>0</flags>
      <properties/>
      <relations/>
      <accesscontrol/>
    </file>
    <file>
      <source>system/modules/org.opencms.ade.containerpage/resources/containerpage/87ED19AD4E669155E9D7E4958154FD56.cache.png</source>
      <destination>system/modules/org.opencms.ade.containerpage/resources/containerpage/87ED19AD4E669155E9D7E4958154FD56.cache.png</destination>
      <type>image</type>
      <uuidstructure>9e7b411c-0221-11e2-8e8c-2d27f3ae2994</uuidstructure>
      <uuidresource>9e7b411d-0221-11e2-8e8c-2d27f3ae2994</uuidresource>
      <datelastmodified>Wed, 19 Sep 2012 06:16:59 GMT</datelastmodified>
      <userlastmodified>Admin</userlastmodified>
      <datecreated>Wed, 19 Sep 2012 06:16:59 GMT</datecreated>
      <usercreated>Admin</usercreated>
      <flags>0</flags>
      <properties/>
      <relations/>
      <accesscontrol/>
    </file>
    <file>
      <source>system/modules/org.opencms.ade.containerpage/resources/containerpage/8AA3C50791DF9AA6DC608FDE692C9390.cache.gif</source>
      <destination>system/modules/org.opencms.ade.containerpage/resources/containerpage/8AA3C50791DF9AA6DC608FDE692C9390.cache.gif</destination>
      <type>image</type>
      <uuidstructure>4313e57f-6dae-11e1-93f6-d9538f94e136</uuidstructure>
      <uuidresource>4313e580-6dae-11e1-93f6-d9538f94e136</uuidresource>
      <datelastmodified>Wed, 14 Mar 2012 08:18:21 GMT</datelastmodified>
      <userlastmodified>Admin</userlastmodified>
      <datecreated>Wed, 14 Mar 2012 08:18:21 GMT</datecreated>
      <usercreated>Admin</usercreated>
      <flags>0</flags>
      <properties/>
      <relations/>
      <accesscontrol/>
    </file>
    <file>
      <source>system/modules/org.opencms.ade.containerpage/resources/containerpage/8FBDBF2C058ACA8C7B7681D8E5194E8B.cache.png</source>
      <destination>system/modules/org.opencms.ade.containerpage/resources/containerpage/8FBDBF2C058ACA8C7B7681D8E5194E8B.cache.png</destination>
      <type>image</type>
      <uuidstructure>4313e581-6dae-11e1-93f6-d9538f94e136</uuidstructure>
      <uuidresource>4313e582-6dae-11e1-93f6-d9538f94e136</uuidresource>
      <datelastmodified>Wed, 14 Mar 2012 08:18:21 GMT</datelastmodified>
      <userlastmodified>Admin</userlastmodified>
      <datecreated>Wed, 14 Mar 2012 08:18:21 GMT</datecreated>
      <usercreated>Admin</usercreated>
      <flags>0</flags>
      <properties/>
      <relations/>
      <accesscontrol/>
    </file>
    <file>
      <source>system/modules/org.opencms.ade.containerpage/resources/containerpage/90583D1788B44DDC496D964A8FC3C94F.cache.png</source>
      <destination>system/modules/org.opencms.ade.containerpage/resources/containerpage/90583D1788B44DDC496D964A8FC3C94F.cache.png</destination>
      <type>image</type>
      <uuidstructure>4313e583-6dae-11e1-93f6-d9538f94e136</uuidstructure>
      <uuidresource>4313e584-6dae-11e1-93f6-d9538f94e136</uuidresource>
      <datelastmodified>Wed, 14 Mar 2012 08:18:21 GMT</datelastmodified>
      <userlastmodified>Admin</userlastmodified>
      <datecreated>Wed, 14 Mar 2012 08:18:21 GMT</datecreated>
      <usercreated>Admin</usercreated>
      <flags>0</flags>
      <properties/>
      <relations/>
      <accesscontrol/>
    </file>
    <file>
      <source>system/modules/org.opencms.ade.containerpage/resources/containerpage/9B56DF4CD68CC5BCB6821A8DE7E4830C.cache.gif</source>
      <destination>system/modules/org.opencms.ade.containerpage/resources/containerpage/9B56DF4CD68CC5BCB6821A8DE7E4830C.cache.gif</destination>
      <type>image</type>
      <uuidstructure>43162f77-6dae-11e1-93f6-d9538f94e136</uuidstructure>
      <uuidresource>43162f78-6dae-11e1-93f6-d9538f94e136</uuidresource>
      <datelastmodified>Wed, 14 Mar 2012 08:18:21 GMT</datelastmodified>
      <userlastmodified>Admin</userlastmodified>
      <datecreated>Wed, 14 Mar 2012 08:18:21 GMT</datecreated>
      <usercreated>Admin</usercreated>
      <flags>0</flags>
      <properties/>
      <relations/>
      <accesscontrol/>
    </file>
    <file>
      <source>system/modules/org.opencms.ade.containerpage/resources/containerpage/9C084B18DE6C5D4F831AAA6137CBD5BF.gwt.rpc</source>
      <destination>system/modules/org.opencms.ade.containerpage/resources/containerpage/9C084B18DE6C5D4F831AAA6137CBD5BF.gwt.rpc</destination>
      <type>plain</type>
      <uuidstructure>9e7db21e-0221-11e2-8e8c-2d27f3ae2994</uuidstructure>
      <uuidresource>9e7db21f-0221-11e2-8e8c-2d27f3ae2994</uuidresource>
      <datelastmodified>Wed, 19 Sep 2012 06:16:59 GMT</datelastmodified>
      <userlastmodified>Admin</userlastmodified>
      <datecreated>Wed, 19 Sep 2012 06:16:59 GMT</datecreated>
      <usercreated>Admin</usercreated>
      <flags>0</flags>
      <properties/>
      <relations/>
      <accesscontrol/>
    </file>
    <file>
      <source>system/modules/org.opencms.ade.containerpage/resources/containerpage/9CD9E89705393612AADC9A55D28EBC00.cache.gif</source>
      <destination>system/modules/org.opencms.ade.containerpage/resources/containerpage/9CD9E89705393612AADC9A55D28EBC00.cache.gif</destination>
      <type>image</type>
      <uuidstructure>43162f7b-6dae-11e1-93f6-d9538f94e136</uuidstructure>
      <uuidresource>43162f7c-6dae-11e1-93f6-d9538f94e136</uuidresource>
      <datelastmodified>Wed, 14 Mar 2012 08:18:21 GMT</datelastmodified>
      <userlastmodified>Admin</userlastmodified>
      <datecreated>Wed, 14 Mar 2012 08:18:21 GMT</datecreated>
      <usercreated>Admin</usercreated>
      <flags>0</flags>
      <properties/>
      <relations/>
      <accesscontrol/>
    </file>
    <file>
      <source>system/modules/org.opencms.ade.containerpage/resources/containerpage/A3E30CCBF7AFC58EDCC069857295C9EA.cache.png</source>
      <destination>system/modules/org.opencms.ade.containerpage/resources/containerpage/A3E30CCBF7AFC58EDCC069857295C9EA.cache.png</destination>
      <type>image</type>
      <uuidstructure>4318a07f-6dae-11e1-93f6-d9538f94e136</uuidstructure>
      <uuidresource>4318a080-6dae-11e1-93f6-d9538f94e136</uuidresource>
      <datelastmodified>Wed, 14 Mar 2012 08:18:21 GMT</datelastmodified>
      <userlastmodified>Admin</userlastmodified>
      <datecreated>Wed, 14 Mar 2012 08:18:21 GMT</datecreated>
      <usercreated>Admin</usercreated>
      <flags>0</flags>
      <properties/>
      <relations/>
      <accesscontrol/>
    </file>
    <file>
      <source>system/modules/org.opencms.ade.containerpage/resources/containerpage/A561A3D036C6711C97A1ACB01B3E9688.cache.png</source>
      <destination>system/modules/org.opencms.ade.containerpage/resources/containerpage/A561A3D036C6711C97A1ACB01B3E9688.cache.png</destination>
      <type>image</type>
      <uuidstructure>4318a081-6dae-11e1-93f6-d9538f94e136</uuidstructure>
      <uuidresource>4318a082-6dae-11e1-93f6-d9538f94e136</uuidresource>
      <datelastmodified>Wed, 14 Mar 2012 08:18:21 GMT</datelastmodified>
      <userlastmodified>Admin</userlastmodified>
      <datecreated>Wed, 14 Mar 2012 08:18:21 GMT</datecreated>
      <usercreated>Admin</usercreated>
      <flags>0</flags>
      <properties/>
      <relations/>
      <accesscontrol/>
    </file>
    <file>
      <source>system/modules/org.opencms.ade.containerpage/resources/containerpage/AB193F88C59FE43073B7E3554AE1E4E1.cache.png</source>
      <destination>system/modules/org.opencms.ade.containerpage/resources/containerpage/AB193F88C59FE43073B7E3554AE1E4E1.cache.png</destination>
      <type>image</type>
      <uuidstructure>4318a083-6dae-11e1-93f6-d9538f94e136</uuidstructure>
      <uuidresource>4318a084-6dae-11e1-93f6-d9538f94e136</uuidresource>
      <datelastmodified>Wed, 14 Mar 2012 08:18:21 GMT</datelastmodified>
      <userlastmodified>Admin</userlastmodified>
      <datecreated>Wed, 14 Mar 2012 08:18:21 GMT</datecreated>
      <usercreated>Admin</usercreated>
      <flags>0</flags>
      <properties/>
      <relations/>
      <accesscontrol/>
    </file>
    <file>
      <source>system/modules/org.opencms.ade.containerpage/resources/containerpage/AB196D9D7834625802449A82C5811B43.cache.png</source>
      <destination>system/modules/org.opencms.ade.containerpage/resources/containerpage/AB196D9D7834625802449A82C5811B43.cache.png</destination>
      <type>image</type>
      <uuidstructure>9e7db220-0221-11e2-8e8c-2d27f3ae2994</uuidstructure>
      <uuidresource>9e7db221-0221-11e2-8e8c-2d27f3ae2994</uuidresource>
      <datelastmodified>Wed, 19 Sep 2012 06:16:59 GMT</datelastmodified>
      <userlastmodified>Admin</userlastmodified>
      <datecreated>Wed, 19 Sep 2012 06:16:59 GMT</datecreated>
      <usercreated>Admin</usercreated>
      <flags>0</flags>
      <properties/>
      <relations/>
      <accesscontrol/>
    </file>
    <file>
      <source>system/modules/org.opencms.ade.containerpage/resources/containerpage/BBE79FE9C388A062A6B594894C4044E8.cache.png</source>
      <destination>system/modules/org.opencms.ade.containerpage/resources/containerpage/BBE79FE9C388A062A6B594894C4044E8.cache.png</destination>
      <type>image</type>
      <uuidstructure>431b1189-6dae-11e1-93f6-d9538f94e136</uuidstructure>
      <uuidresource>431b118a-6dae-11e1-93f6-d9538f94e136</uuidresource>
      <datelastmodified>Wed, 14 Mar 2012 08:18:21 GMT</datelastmodified>
      <userlastmodified>Admin</userlastmodified>
      <datecreated>Wed, 14 Mar 2012 08:18:21 GMT</datecreated>
      <usercreated>Admin</usercreated>
      <flags>0</flags>
      <properties/>
      <relations/>
      <accesscontrol/>
    </file>
    <file>
      <source>system/modules/org.opencms.ade.containerpage/resources/containerpage/BC31847090F12A42F8370C7772D75499.cache.gif</source>
      <destination>system/modules/org.opencms.ade.containerpage/resources/containerpage/BC31847090F12A42F8370C7772D75499.cache.gif</destination>
      <type>image</type>
      <uuidstructure>431b118b-6dae-11e1-93f6-d9538f94e136</uuidstructure>
      <uuidresource>431b118c-6dae-11e1-93f6-d9538f94e136</uuidresource>
      <datelastmodified>Wed, 14 Mar 2012 08:18:21 GMT</datelastmodified>
      <userlastmodified>Admin</userlastmodified>
      <datecreated>Wed, 14 Mar 2012 08:18:21 GMT</datecreated>
      <usercreated>Admin</usercreated>
      <flags>0</flags>
      <properties/>
      <relations/>
      <accesscontrol/>
    </file>
    <file>
      <source>system/modules/org.opencms.ade.containerpage/resources/containerpage/BC4060A672A6E9FEC3C40F408301EFC6.cache.png</source>
      <destination>system/modules/org.opencms.ade.containerpage/resources/containerpage/BC4060A672A6E9FEC3C40F408301EFC6.cache.png</destination>
      <type>image</type>
      <uuidstructure>431d5b7d-6dae-11e1-93f6-d9538f94e136</uuidstructure>
      <uuidresource>431d5b7e-6dae-11e1-93f6-d9538f94e136</uuidresource>
      <datelastmodified>Wed, 14 Mar 2012 08:18:21 GMT</datelastmodified>
      <userlastmodified>Admin</userlastmodified>
      <datecreated>Wed, 14 Mar 2012 08:18:21 GMT</datecreated>
      <usercreated>Admin</usercreated>
      <flags>0</flags>
      <properties/>
      <relations/>
      <accesscontrol/>
    </file>
    <file>
      <source>system/modules/org.opencms.ade.containerpage/resources/containerpage/C289AFE3CC9CDADB99A0AB6F0D8AA8BC.gwt.rpc</source>
      <destination>system/modules/org.opencms.ade.containerpage/resources/containerpage/C289AFE3CC9CDADB99A0AB6F0D8AA8BC.gwt.rpc</destination>
      <type>plain</type>
      <uuidstructure>7002f721-5e3b-11e2-8513-9b93dac34ee8</uuidstructure>
      <uuidresource>7002f722-5e3b-11e2-8513-9b93dac34ee8</uuidresource>
      <datelastmodified>Mon, 14 Jan 2013 11:13:34 GMT</datelastmodified>
      <userlastmodified>Admin</userlastmodified>
      <datecreated>Mon, 14 Jan 2013 11:13:34 GMT</datecreated>
      <usercreated>Admin</usercreated>
      <flags>0</flags>
      <properties/>
      <relations/>
      <accesscontrol/>
    </file>
    <file>
      <source>system/modules/org.opencms.ade.containerpage/resources/containerpage/C4E7AE2AFCDCAD9F4590E02BBF69A6EA.cache.gif</source>
      <destination>system/modules/org.opencms.ade.containerpage/resources/containerpage/C4E7AE2AFCDCAD9F4590E02BBF69A6EA.cache.gif</destination>
      <type>image</type>
      <uuidstructure>431d5b7f-6dae-11e1-93f6-d9538f94e136</uuidstructure>
      <uuidresource>431d5b80-6dae-11e1-93f6-d9538f94e136</uuidresource>
      <datelastmodified>Wed, 14 Mar 2012 08:18:21 GMT</datelastmodified>
      <userlastmodified>Admin</userlastmodified>
      <datecreated>Wed, 14 Mar 2012 08:18:21 GMT</datecreated>
      <usercreated>Admin</usercreated>
      <flags>0</flags>
      <properties/>
      <relations/>
      <accesscontrol/>
    </file>
    <file>
      <source>system/modules/org.opencms.ade.containerpage/resources/containerpage/B1A799D5679FBC624CBF56004A56520E.cache.html</source>
      <destination>system/modules/org.opencms.ade.containerpage/resources/containerpage/B1A799D5679FBC624CBF56004A56520E.cache.html</destination>
      <type>plain</type>
      <uuidstructure>d1a36a87-710c-11e2-8a5f-efc577c66ee6</uuidstructure>
      <uuidresource>d1a3dfb8-710c-11e2-8a5f-efc577c66ee6</uuidresource>
      <datelastmodified>Thu, 07 Feb 2013 09:57:44 GMT</datelastmodified>
      <userlastmodified>Admin</userlastmodified>
      <datecreated>Thu, 07 Feb 2013 09:57:44 GMT</datecreated>
      <usercreated>Admin</usercreated>
      <flags>0</flags>
      <properties/>
      <relations/>
      <accesscontrol/>
    </file>
    <file>
      <source>system/modules/org.opencms.ade.containerpage/resources/containerpage/C62A1C906AE595C56C586D0305BB6C50.cache.gif</source>
      <destination>system/modules/org.opencms.ade.containerpage/resources/containerpage/C62A1C906AE595C56C586D0305BB6C50.cache.gif</destination>
      <type>image</type>
      <uuidstructure>431d5b81-6dae-11e1-93f6-d9538f94e136</uuidstructure>
      <uuidresource>431d5b82-6dae-11e1-93f6-d9538f94e136</uuidresource>
      <datelastmodified>Wed, 14 Mar 2012 08:18:21 GMT</datelastmodified>
      <userlastmodified>Admin</userlastmodified>
      <datecreated>Wed, 14 Mar 2012 08:18:21 GMT</datecreated>
      <usercreated>Admin</usercreated>
      <flags>0</flags>
      <properties/>
      <relations/>
      <accesscontrol/>
    </file>
    <file>
      <source>system/modules/org.opencms.ade.containerpage/resources/containerpage/CAA394C2FA294B6F7278AAC5BA442038.gwt.rpc</source>
      <destination>system/modules/org.opencms.ade.containerpage/resources/containerpage/CAA394C2FA294B6F7278AAC5BA442038.gwt.rpc</destination>
      <type>plain</type>
      <uuidstructure>9e826d18-0221-11e2-8e8c-2d27f3ae2994</uuidstructure>
      <uuidresource>9e826d19-0221-11e2-8e8c-2d27f3ae2994</uuidresource>
      <datelastmodified>Wed, 19 Sep 2012 06:16:59 GMT</datelastmodified>
      <userlastmodified>Admin</userlastmodified>
      <datecreated>Wed, 19 Sep 2012 06:16:59 GMT</datecreated>
      <usercreated>Admin</usercreated>
      <flags>0</flags>
      <properties/>
      <relations/>
      <accesscontrol/>
    </file>
    <file>
      <source>system/modules/org.opencms.ade.containerpage/resources/containerpage/CD452626E44B1D27115781B923D2F971.cache.png</source>
      <destination>system/modules/org.opencms.ade.containerpage/resources/containerpage/CD452626E44B1D27115781B923D2F971.cache.png</destination>
      <type>image</type>
      <uuidstructure>431fcc83-6dae-11e1-93f6-d9538f94e136</uuidstructure>
      <uuidresource>431fcc84-6dae-11e1-93f6-d9538f94e136</uuidresource>
      <datelastmodified>Wed, 14 Mar 2012 08:18:21 GMT</datelastmodified>
      <userlastmodified>Admin</userlastmodified>
      <datecreated>Wed, 14 Mar 2012 08:18:21 GMT</datecreated>
      <usercreated>Admin</usercreated>
      <flags>0</flags>
      <properties/>
      <relations/>
      <accesscontrol/>
    </file>
    <file>
      <source>system/modules/org.opencms.ade.containerpage/resources/containerpage/clear.cache.gif</source>
      <destination>system/modules/org.opencms.ade.containerpage/resources/containerpage/clear.cache.gif</destination>
      <type>image</type>
      <uuidstructure>431fcc85-6dae-11e1-93f6-d9538f94e136</uuidstructure>
      <uuidresource>431fcc86-6dae-11e1-93f6-d9538f94e136</uuidresource>
      <datelastmodified>Wed, 14 Mar 2012 08:18:21 GMT</datelastmodified>
      <userlastmodified>Admin</userlastmodified>
      <datecreated>Wed, 14 Mar 2012 08:18:21 GMT</datecreated>
      <usercreated>Admin</usercreated>
      <flags>0</flags>
      <properties/>
      <relations/>
      <accesscontrol/>
    </file>
    <file>
      <source>system/modules/org.opencms.ade.containerpage/resources/containerpage/containerpage.nocache.js</source>
      <destination>system/modules/org.opencms.ade.containerpage/resources/containerpage/containerpage.nocache.js</destination>
      <type>plain</type>
      <uuidstructure>431fcc87-6dae-11e1-93f6-d9538f94e136</uuidstructure>
      <uuidresource>43221678-6dae-11e1-93f6-d9538f94e136</uuidresource>
      <datelastmodified>Wed, 14 Mar 2012 08:18:21 GMT</datelastmodified>
      <userlastmodified>Admin</userlastmodified>
      <datecreated>Wed, 14 Mar 2012 08:18:21 GMT</datecreated>
      <usercreated>Admin</usercreated>
      <flags>0</flags>
      <properties/>
      <relations/>
      <accesscontrol/>
    </file>
    <file>
      <source>system/modules/org.opencms.ade.containerpage/resources/containerpage/D164AE4B2C36F7E2EC3E7B33F7880692.cache.png</source>
      <destination>system/modules/org.opencms.ade.containerpage/resources/containerpage/D164AE4B2C36F7E2EC3E7B33F7880692.cache.png</destination>
      <type>image</type>
      <uuidstructure>43221679-6dae-11e1-93f6-d9538f94e136</uuidstructure>
      <uuidresource>4322167a-6dae-11e1-93f6-d9538f94e136</uuidresource>
      <datelastmodified>Wed, 14 Mar 2012 08:18:21 GMT</datelastmodified>
      <userlastmodified>Admin</userlastmodified>
      <datecreated>Wed, 14 Mar 2012 08:18:21 GMT</datecreated>
      <usercreated>Admin</usercreated>
      <flags>0</flags>
      <properties/>
      <relations/>
      <accesscontrol/>
    </file>
    <file>
      <source>system/modules/org.opencms.ade.containerpage/resources/containerpage/D5F586C438B34AD62B41411FC16B0579.cache.png</source>
      <destination>system/modules/org.opencms.ade.containerpage/resources/containerpage/D5F586C438B34AD62B41411FC16B0579.cache.png</destination>
      <type>image</type>
      <uuidstructure>4324877b-6dae-11e1-93f6-d9538f94e136</uuidstructure>
      <uuidresource>4324877c-6dae-11e1-93f6-d9538f94e136</uuidresource>
      <datelastmodified>Wed, 14 Mar 2012 08:18:21 GMT</datelastmodified>
      <userlastmodified>Admin</userlastmodified>
      <datecreated>Wed, 14 Mar 2012 08:18:21 GMT</datecreated>
      <usercreated>Admin</usercreated>
      <flags>0</flags>
      <properties/>
      <relations/>
      <accesscontrol/>
    </file>
    <file>
      <source>system/modules/org.opencms.ade.containerpage/resources/containerpage/DB77414A9B90F3BC2249D073D7FA8FFA.cache.png</source>
      <destination>system/modules/org.opencms.ade.containerpage/resources/containerpage/DB77414A9B90F3BC2249D073D7FA8FFA.cache.png</destination>
      <type>image</type>
      <uuidstructure>4324877d-6dae-11e1-93f6-d9538f94e136</uuidstructure>
      <uuidresource>4324877e-6dae-11e1-93f6-d9538f94e136</uuidresource>
      <datelastmodified>Wed, 14 Mar 2012 08:18:21 GMT</datelastmodified>
      <userlastmodified>Admin</userlastmodified>
      <datecreated>Wed, 14 Mar 2012 08:18:21 GMT</datecreated>
      <usercreated>Admin</usercreated>
      <flags>0</flags>
      <properties/>
      <relations/>
      <accesscontrol/>
    </file>
    <file>
      <source>system/modules/org.opencms.ade.containerpage/resources/containerpage/752E7FE0EAFD9CBC1AB83BC4E2F26752.cache.html</source>
      <destination>system/modules/org.opencms.ade.containerpage/resources/containerpage/752E7FE0EAFD9CBC1AB83BC4E2F26752.cache.html</destination>
      <type>plain</type>
      <uuidstructure>d1c8098f-710c-11e2-8a5f-efc577c66ee6</uuidstructure>
      <uuidresource>d1c80990-710c-11e2-8a5f-efc577c66ee6</uuidresource>
      <datelastmodified>Thu, 07 Feb 2013 09:57:44 GMT</datelastmodified>
      <userlastmodified>Admin</userlastmodified>
      <datecreated>Thu, 07 Feb 2013 09:57:44 GMT</datecreated>
      <usercreated>Admin</usercreated>
      <flags>0</flags>
      <properties/>
      <relations/>
      <accesscontrol/>
    </file>
    <file>
      <source>system/modules/org.opencms.ade.containerpage/resources/containerpage/DE6D506998BC702C9DB949F7F80C8A14.cache.png</source>
      <destination>system/modules/org.opencms.ade.containerpage/resources/containerpage/DE6D506998BC702C9DB949F7F80C8A14.cache.png</destination>
      <type>image</type>
      <uuidstructure>4324877f-6dae-11e1-93f6-d9538f94e136</uuidstructure>
      <uuidresource>43248780-6dae-11e1-93f6-d9538f94e136</uuidresource>
      <datelastmodified>Wed, 14 Mar 2012 08:18:21 GMT</datelastmodified>
      <userlastmodified>Admin</userlastmodified>
      <datecreated>Wed, 14 Mar 2012 08:18:21 GMT</datecreated>
      <usercreated>Admin</usercreated>
      <flags>0</flags>
      <properties/>
      <relations/>
      <accesscontrol/>
    </file>
    <file>
      <source>system/modules/org.opencms.ade.containerpage/resources/containerpage/E30C58794782F528AA8C1B61B8014A21.cache.png</source>
      <destination>system/modules/org.opencms.ade.containerpage/resources/containerpage/E30C58794782F528AA8C1B61B8014A21.cache.png</destination>
      <type>image</type>
      <uuidstructure>4326f885-6dae-11e1-93f6-d9538f94e136</uuidstructure>
      <uuidresource>4326f886-6dae-11e1-93f6-d9538f94e136</uuidresource>
      <datelastmodified>Wed, 14 Mar 2012 08:18:21 GMT</datelastmodified>
      <userlastmodified>Admin</userlastmodified>
      <datecreated>Wed, 14 Mar 2012 08:18:21 GMT</datecreated>
      <usercreated>Admin</usercreated>
      <flags>0</flags>
      <properties/>
      <relations/>
      <accesscontrol/>
    </file>
    <file>
      <source>system/modules/org.opencms.ade.containerpage/resources/containerpage/E5410C4FBA247FAF319663A7DFEBA0C9.cache.png</source>
      <destination>system/modules/org.opencms.ade.containerpage/resources/containerpage/E5410C4FBA247FAF319663A7DFEBA0C9.cache.png</destination>
      <type>image</type>
      <uuidstructure>43294279-6dae-11e1-93f6-d9538f94e136</uuidstructure>
      <uuidresource>4329427a-6dae-11e1-93f6-d9538f94e136</uuidresource>
      <datelastmodified>Wed, 14 Mar 2012 08:18:21 GMT</datelastmodified>
      <userlastmodified>Admin</userlastmodified>
      <datecreated>Wed, 14 Mar 2012 08:18:21 GMT</datecreated>
      <usercreated>Admin</usercreated>
      <flags>0</flags>
      <properties/>
      <relations/>
      <accesscontrol/>
    </file>
    <file>
      <source>system/modules/org.opencms.ade.containerpage/resources/containerpage/FABA47515896922C62828F7194DD4D7B.cache.png</source>
      <destination>system/modules/org.opencms.ade.containerpage/resources/containerpage/FABA47515896922C62828F7194DD4D7B.cache.png</destination>
      <type>image</type>
      <uuidstructure>9e826d1a-0221-11e2-8e8c-2d27f3ae2994</uuidstructure>
      <uuidresource>9e826d1b-0221-11e2-8e8c-2d27f3ae2994</uuidresource>
      <datelastmodified>Wed, 19 Sep 2012 06:16:59 GMT</datelastmodified>
      <userlastmodified>Admin</userlastmodified>
      <datecreated>Wed, 19 Sep 2012 06:16:59 GMT</datecreated>
      <usercreated>Admin</usercreated>
      <flags>0</flags>
      <properties/>
      <relations/>
      <accesscontrol/>
    </file>
    <file>
      <source>system/modules/org.opencms.ade.containerpage/resources/containerpage/03DF1CA147D38BB547C771F51C4F309C.gwt.rpc</source>
      <destination>system/modules/org.opencms.ade.containerpage/resources/containerpage/03DF1CA147D38BB547C771F51C4F309C.gwt.rpc</destination>
      <type>plain</type>
      <uuidstructure>d1b062d9-710c-11e2-8a5f-efc577c66ee6</uuidstructure>
      <uuidresource>d1b321fa-710c-11e2-8a5f-efc577c66ee6</uuidresource>
      <datelastmodified>Thu, 07 Feb 2013 09:57:44 GMT</datelastmodified>
      <userlastmodified>Admin</userlastmodified>
      <datecreated>Thu, 07 Feb 2013 09:57:44 GMT</datecreated>
      <usercreated>Admin</usercreated>
      <flags>0</flags>
      <properties/>
      <relations/>
      <accesscontrol/>
    </file>
    <file>
      <source>system/modules/org.opencms.ade.containerpage/resources/containerpage/FB17FA3513A8D75A35707EEE3E8B97F8.cache.png</source>
      <destination>system/modules/org.opencms.ade.containerpage/resources/containerpage/FB17FA3513A8D75A35707EEE3E8B97F8.cache.png</destination>
      <type>image</type>
      <uuidstructure>9e84de1e-0221-11e2-8e8c-2d27f3ae2994</uuidstructure>
      <uuidresource>9e84de1f-0221-11e2-8e8c-2d27f3ae2994</uuidresource>
      <datelastmodified>Wed, 19 Sep 2012 06:16:59 GMT</datelastmodified>
      <userlastmodified>Admin</userlastmodified>
      <datecreated>Wed, 19 Sep 2012 06:16:59 GMT</datecreated>
      <usercreated>Admin</usercreated>
      <flags>0</flags>
      <properties/>
      <relations/>
      <accesscontrol/>
    </file>
    <file>
      <source>system/modules/org.opencms.ade.containerpage/resources/containerpage/hosted.html</source>
      <destination>system/modules/org.opencms.ade.containerpage/resources/containerpage/hosted.html</destination>
      <type>plain</type>
      <uuidstructure>432bb37d-6dae-11e1-93f6-d9538f94e136</uuidstructure>
      <uuidresource>432bb37e-6dae-11e1-93f6-d9538f94e136</uuidresource>
      <datelastmodified>Wed, 14 Mar 2012 08:18:21 GMT</datelastmodified>
      <userlastmodified>Admin</userlastmodified>
      <datecreated>Wed, 14 Mar 2012 08:18:21 GMT</datecreated>
      <usercreated>Admin</usercreated>
      <flags>0</flags>
      <properties/>
      <relations/>
      <accesscontrol/>
    </file>
  </files>
</export>
