<?xml version="1.0" encoding="UTF-8"?>
<export>
  <info>
    <creator>Admin</creator>
    <opencms_version>8.5.0</opencms_version>
    <createdate>Mon, 15 Mar 2010 15:26:37 GMT</createdate>
    <infoproject>Offline</infoproject>
    <export_version>7</export_version>
  </info>
  <module>
    <name>org.opencms.ade.sitemap</name>
    <nicename><![CDATA[OpenCms 8 Sitemap]]></nicename>
    <group>OpenCms ADE</group>
    <class/>
    <description><![CDATA[<p>ADE Sitemap Editor.</p>
<p><i>(c) 2013 by Alkacon Software GmbH (http://www.alkacon.com).</i></p>]]></description>
    <version>8.5.1</version>
    <authorname><![CDATA[Alkacon Software GmbH]]></authorname>
    <authoremail><![CDATA[info@alkacon.com]]></authoremail>
    <datecreated>Mon, 27 Jun 2005 08:00:00 GMT</datecreated>
    <userinstalled/>
    <dateinstalled/>
    <dependencies>
      <dependency name="org.opencms.ade.config" version="8.5.0"/>
      <dependency name="org.opencms.gwt" version="8.5.0"/>
    </dependencies>
    <exportpoints>
      <exportpoint uri="/system/modules/org.opencms.ade.sitemap/resources/" destination="resources/ade/"/>
    </exportpoints>
    <resources>
      <resource uri="/system/modules/org.opencms.ade.sitemap/"/>
      <resource uri="/system/workplace/resources/filetypes/subsitemap.png"/>
      <resource uri="/system/workplace/resources/filetypes/subsitemap_big.png"/>
      <resource uri="/system/workplace/resources/filetypes/htmlredirect.png"/>
      <resource uri="/system/workplace/resources/filetypes/htmlredirect_big.png"/>
    </resources>
    <parameters>
      
    <param name="gwt.buildid">20130207</param>
</parameters>
    <resourcetypes/>
    <explorertypes/>
  </module>
  <files>
    <file>
      <destination>system</destination>
      <type>folder</type>
      <uuidstructure>c7cab06f-1a41-11df-bb09-654568eded92</uuidstructure>
      <datelastmodified>Mon, 27 Jun 2005 08:00:00 GMT</datelastmodified>
      <userlastmodified>Admin</userlastmodified>
      <datecreated>Mon, 15 Feb 2010 14:52:47 GMT</datecreated>
      <usercreated>Admin</usercreated>
      <flags>0</flags>
      <properties/>
      <relations/>
      <accesscontrol>
        <accessentry>
          <uuidprincipal>ROLE.WORKPLACE_USER</uuidprincipal>
          <flags>514</flags>
          <permissionset>
            <allowed>1</allowed>
            <denied>0</denied>
          </permissionset>
        </accessentry>
      </accesscontrol>
    </file>
    <file>
      <destination>system/modules</destination>
      <type>folder</type>
      <uuidstructure>c86ce418-1a41-11df-bb09-654568eded92</uuidstructure>
      <datelastmodified>Mon, 15 Feb 2010 14:52:48 GMT</datelastmodified>
      <userlastmodified>Admin</userlastmodified>
      <datecreated>Mon, 15 Feb 2010 14:52:48 GMT</datecreated>
      <usercreated>Admin</usercreated>
      <flags>0</flags>
      <properties/>
      <relations/>
      <accesscontrol>
        <accessentry>
          <uuidprincipal>ROLE.WORKPLACE_USER</uuidprincipal>
          <flags>514</flags>
          <permissionset>
            <allowed>5</allowed>
            <denied>0</denied>
          </permissionset>
        </accessentry>
      </accesscontrol>
    </file>
    <file>
      <destination>system/modules/org.opencms.ade.sitemap</destination>
      <type>folder</type>
      <uuidstructure>c0ade2a2-11b7-11db-bbbb-fd3ae480fac9</uuidstructure>
      <datelastmodified>Mon, 27 Mar 2006 12:00:00 GMT</datelastmodified>
      <userlastmodified>Admin</userlastmodified>
      <datecreated>Mon, 20 Feb 2006 14:05:57 GMT</datecreated>
      <usercreated>Admin</usercreated>
      <flags>0</flags>
      <properties/>
      <relations/>
      <accesscontrol/>
    </file>
    <file>
      <source>system/modules/org.opencms.ade.sitemap/.config</source>
      <destination>system/modules/org.opencms.ade.sitemap/.config</destination>
      <type>module_config</type>
      <uuidstructure>cf584f92-93b2-4788-ad9f-d9c3b4955ce6</uuidstructure>
      <uuidresource>cf584f92-93b2-4788-ad9f-d9c3b4955ce7</uuidresource>
      <datelastmodified>Mon, 17 Jan 2011 10:01:54 GMT</datelastmodified>
      <userlastmodified>Admin</userlastmodified>
      <datecreated>Mon, 17 Jan 2011 09:34:17 GMT</datecreated>
      <usercreated>Admin</usercreated>
      <flags>0</flags>
      <properties>
        <property>
          <name>locale</name>
          <value><![CDATA[en]]></value>
        </property>
        <property>
          <name>locale-available</name>
          <value><![CDATA[en]]></value>
        </property>
      </properties>
      <relations/>
      <accesscontrol/>
    </file>
    <file>
      <destination>system/modules/org.opencms.ade.sitemap/pages</destination>
      <type>folder</type>
      <uuidstructure>e9bf555e-7734-11e0-89e5-d14bc4448678</uuidstructure>
      <datelastmodified>Thu, 05 May 2011 16:29:56 GMT</datelastmodified>
      <userlastmodified>Admin</userlastmodified>
      <datecreated>Thu, 05 May 2011 16:29:56 GMT</datecreated>
      <usercreated>Admin</usercreated>
      <flags>0</flags>
      <properties/>
      <relations/>
      <accesscontrol/>
    </file>
    <file>
      <source>system/modules/org.opencms.ade.sitemap/pages/notemplate.png</source>
      <destination>system/modules/org.opencms.ade.sitemap/pages/notemplate.png</destination>
      <type>image</type>
      <uuidstructure>653b45a9-7735-11e0-89e5-d14bc4448678</uuidstructure>
      <uuidresource>653b45aa-7735-11e0-89e5-d14bc4448678</uuidresource>
      <datelastmodified>Thu, 05 May 2011 16:33:23 GMT</datelastmodified>
      <userlastmodified>Admin</userlastmodified>
      <datecreated>Thu, 05 May 2011 16:33:23 GMT</datecreated>
      <usercreated>Admin</usercreated>
      <flags>0</flags>
      <properties>
        <property>
          <name>Title</name>
          <value><![CDATA[notemplate]]></value>
        </property>
        <property type="shared">
          <name>image.size</name>
          <value><![CDATA[w:64,h:64]]></value>
        </property>
      </properties>
      <relations/>
      <accesscontrol/>
    </file>
    <file>
      <source>system/modules/org.opencms.ade.sitemap/pages/redirect-detail.jsp</source>
      <destination>system/modules/org.opencms.ade.sitemap/pages/redirect-detail.jsp</destination>
      <type>jsp</type>
      <uuidstructure>6544bb8d-7735-11e0-89e5-d14bc4448678</uuidstructure>
      <uuidresource>6544bb8e-7735-11e0-89e5-d14bc4448678</uuidresource>
      <datelastmodified>Thu, 05 May 2011 16:33:23 GMT</datelastmodified>
      <userlastmodified>Admin</userlastmodified>
      <datecreated>Thu, 05 May 2011 16:33:23 GMT</datecreated>
      <usercreated>Admin</usercreated>
      <flags>0</flags>
      <properties>
        <property>
          <name>Title</name>
          <value><![CDATA[redirect-detail]]></value>
        </property>
        <property type="shared">
          <name>export</name>
          <value><![CDATA[false]]></value>
        </property>
      </properties>
      <relations/>
      <accesscontrol/>
    </file>
    <file>
      <source>system/modules/org.opencms.ade.sitemap/pages/render-seo-file.jsp</source>
      <destination>system/modules/org.opencms.ade.sitemap/pages/render-seo-file.jsp</destination>
      <type>jsp</type>
      <uuidstructure>4a982d98-b3ec-4709-a5c3-2c57a9c670c5</uuidstructure>
      <uuidresource>71b01b3d-207f-46b3-b7c0-d551782070ca</uuidresource>
      <datelastmodified>Thu, 05 May 2011 16:33:23 GMT</datelastmodified>
      <userlastmodified>Admin</userlastmodified>
      <datecreated>Thu, 05 May 2011 16:33:23 GMT</datecreated>
      <usercreated>Admin</usercreated>
      <flags>0</flags>
      <properties>
        <property>
          <name>Title</name>
          <value><![CDATA[render-seo-file]]></value>
        </property>
        <property type="shared">
          <name>export</name>
          <value><![CDATA[false]]></value>
        </property>
        <property>
          <name>cache</name>
          <value><![CDATA[uri]]></value>
        </property>
      </properties>
      <relations/>
      <accesscontrol/>
    </file>
    <file>
      <source>system/modules/org.opencms.ade.sitemap/pages/download-aliases.jsp</source>
      <destination>system/modules/org.opencms.ade.sitemap/pages/download-aliases.jsp</destination>
      <type>jsp</type>
      <uuidstructure>08bb7d11-23eb-4507-ab0e-b978d582a8bb</uuidstructure>
      <uuidresource>08bb7d12-23eb-4507-ab0e-b978d582a8bb</uuidresource>
      <datelastmodified>Thu, 05 May 2011 16:33:23 GMT</datelastmodified>
      <userlastmodified>Admin</userlastmodified>
      <datecreated>Thu, 05 May 2011 16:33:23 GMT</datecreated>
      <usercreated>Admin</usercreated>
      <flags>0</flags>
      <properties>
        <property>
          <name>Title</name>
          <value><![CDATA[download-aliases]]></value>
        </property>
        <property type="shared">
          <name>export</name>
          <value><![CDATA[false]]></value>
        </property>
        <property>
          <name>cache</name>
          <value><![CDATA[bypass]]></value>
        </property>
      </properties>
      <relations/>
      <accesscontrol/>
    </file>
    <file>
      <source>system/modules/org.opencms.ade.sitemap/pages/import-aliases.jsp</source>
      <destination>system/modules/org.opencms.ade.sitemap/pages/import-aliases.jsp</destination>
      <type>jsp</type>
      <uuidstructure>367b6c2f-2a6d-4b5d-b4a0-3f7b8519a8ac</uuidstructure>
      <uuidresource>8c32fbcd-a5b5-49e6-8ab5-aa792e5cb592</uuidresource>
      <datelastmodified>Thu, 05 May 2011 16:33:23 GMT</datelastmodified>
      <userlastmodified>Admin</userlastmodified>
      <datecreated>Thu, 05 May 2011 16:33:23 GMT</datecreated>
      <usercreated>Admin</usercreated>
      <flags>0</flags>
      <properties>
        <property>
          <name>Title</name>
          <value><![CDATA[import-aliases]]></value>
        </property>
        <property type="shared">
          <name>export</name>
          <value><![CDATA[false]]></value>
        </property>
      </properties>
      <relations/>
      <accesscontrol/>
    </file>
    <file>
      <source>system/modules/org.opencms.ade.sitemap/pages/sitemap.jsp</source>
      <destination>system/modules/org.opencms.ade.sitemap/pages/sitemap.jsp</destination>
      <type>jsp</type>
      <uuidstructure>654be781-7735-11e0-89e5-d14bc4448678</uuidstructure>
      <uuidresource>654be782-7735-11e0-89e5-d14bc4448678</uuidresource>
      <datelastmodified>Thu, 05 May 2011 16:33:23 GMT</datelastmodified>
      <userlastmodified>Admin</userlastmodified>
      <datecreated>Thu, 05 May 2011 16:33:23 GMT</datecreated>
      <usercreated>Admin</usercreated>
      <flags>0</flags>
      <properties>
        <property>
          <name>Title</name>
          <value><![CDATA[sitemap]]></value>
        </property>
        <property type="shared">
          <name>export</name>
          <value><![CDATA[false]]></value>
        </property>
      </properties>
      <relations/>
      <accesscontrol/>
    </file>
    <file>
      <source>system/modules/org.opencms.ade.sitemap/pages/sub-level-redirect.html</source>
      <destination>system/modules/org.opencms.ade.sitemap/pages/sub-level-redirect.html</destination>
      <type>htmlredirect</type>
      <uuidstructure>bba62bd0-7f0c-11e1-a2a6-b38ba2bad1b2</uuidstructure>
      <uuidresource>bba62bd1-7f0c-11e1-a2a6-b38ba2bad1b2</uuidresource>
      <datelastmodified>Thu, 05 Apr 2012 10:47:37 GMT</datelastmodified>
      <userlastmodified>Admin</userlastmodified>
      <datecreated>Thu, 05 Apr 2012 10:47:26 GMT</datecreated>
      <usercreated>Admin</usercreated>
      <flags>0</flags>
      <properties>
        <property>
          <name>Title</name>
          <value><![CDATA[Sub level redirect]]></value>
        </property>
        <property type="shared">
          <name>template-elements</name>
          <value><![CDATA[/system/modules/org.opencms.ade.sitemap/pages/redirect-detail.jsp]]></value>
        </property>
      </properties>
      <relations/>
      <accesscontrol/>
    </file>
    <file>
      <destination>system/modules/org.opencms.ade.sitemap/schemas</destination>
      <type>folder</type>
      <uuidstructure>fa5f2992-7734-11e0-89e5-d14bc4448678</uuidstructure>
      <datelastmodified>Thu, 05 May 2011 16:30:24 GMT</datelastmodified>
      <userlastmodified>Admin</userlastmodified>
      <datecreated>Thu, 05 May 2011 16:30:24 GMT</datecreated>
      <usercreated>Admin</usercreated>
      <flags>0</flags>
      <properties/>
      <relations/>
      <accesscontrol/>
    </file>
    <file>
      <source>system/modules/org.opencms.ade.sitemap/schemas/redirect.xsd</source>
      <destination>system/modules/org.opencms.ade.sitemap/schemas/redirect.xsd</destination>
      <type>plain</type>
      <uuidstructure>6fb30556-7735-11e0-89e5-d14bc4448678</uuidstructure>
      <uuidresource>6fb30557-7735-11e0-89e5-d14bc4448678</uuidresource>
      <datelastmodified>Thu, 05 May 2011 16:33:41 GMT</datelastmodified>
      <userlastmodified>Admin</userlastmodified>
      <datecreated>Thu, 05 May 2011 16:33:41 GMT</datecreated>
      <usercreated>Admin</usercreated>
      <flags>0</flags>
      <properties>
        <property>
          <name>Title</name>
          <value><![CDATA[redirect]]></value>
        </property>
      </properties>
      <relations/>
      <accesscontrol/>
    </file>
    <file>
      <destination>system/workplace</destination>
      <type>folder</type>
      <uuidstructure>825afce2-11b7-11db-91cd-fdbae480bac9</uuidstructure>
      <datelastmodified>Mon, 27 Mar 2006 12:00:00 GMT</datelastmodified>
      <userlastmodified>Admin</userlastmodified>
      <datecreated>Mon, 27 Jun 2005 08:00:00 GMT</datecreated>
      <usercreated>Admin</usercreated>
      <flags>0</flags>
      <properties>
        <property>
          <name>content-encoding</name>
          <value><![CDATA[UTF-8]]></value>
        </property>
        <property>
          <name>export</name>
          <value><![CDATA[false]]></value>
        </property>
        <property>
          <name>login-form</name>
          <value><![CDATA[/system/login/index.html]]></value>
        </property>
      </properties>
      <relations/>
      <accesscontrol>
        <accessentry>
          <uuidprincipal>ALL_OTHERS</uuidprincipal>
          <flags>134</flags>
          <permissionset>
            <allowed>0</allowed>
            <denied>0</denied>
          </permissionset>
        </accessentry>
        <accessentry>
          <uuidprincipal>ROLE.WORKPLACE_USER</uuidprincipal>
          <flags>518</flags>
          <permissionset>
            <allowed>5</allowed>
            <denied>0</denied>
          </permissionset>
        </accessentry>
      </accesscontrol>
    </file>
    <file>
      <destination>system/workplace/resources</destination>
      <type>folder</type>
      <uuidstructure>82c16052-11b7-11db-91cd-fdbae480bac9</uuidstructure>
      <datelastmodified>Mon, 27 Mar 2006 12:00:00 GMT</datelastmodified>
      <userlastmodified>Admin</userlastmodified>
      <datecreated>Mon, 27 Jun 2005 08:00:00 GMT</datecreated>
      <usercreated>Admin</usercreated>
      <flags>0</flags>
      <properties/>
      <relations/>
      <accesscontrol/>
    </file>
    <file>
      <destination>system/workplace/resources/filetypes</destination>
      <type>folder</type>
      <uuidstructure>83ca1dcc-11b7-11db-91cd-fdbae480bac9</uuidstructure>
      <datelastmodified>Mon, 27 Mar 2006 12:00:00 GMT</datelastmodified>
      <userlastmodified>Admin</userlastmodified>
      <datecreated>Mon, 27 Jun 2005 08:00:00 GMT</datecreated>
      <usercreated>Admin</usercreated>
      <flags>0</flags>
      <properties/>
      <relations/>
      <accesscontrol/>
    </file>
    <file>
      <source>system/workplace/resources/filetypes/htmlredirect.png</source>
      <destination>system/workplace/resources/filetypes/htmlredirect.png</destination>
      <type>image</type>
      <uuidstructure>77120f85-7584-11e0-a519-a1b7a1ca2b7f</uuidstructure>
      <uuidresource>77120f86-7584-11e0-a519-a1b7a1ca2b7f</uuidresource>
      <datelastmodified>Tue, 03 May 2011 12:54:32 GMT</datelastmodified>
      <userlastmodified>Admin</userlastmodified>
      <datecreated>Tue, 03 May 2011 12:54:21 GMT</datecreated>
      <usercreated>Admin</usercreated>
      <flags>0</flags>
      <properties>
        <property type="shared">
          <name>image.size</name>
          <value><![CDATA[w:16,h:16]]></value>
        </property>
      </properties>
      <relations/>
      <accesscontrol/>
    </file>
    <file>
      <source>system/workplace/resources/filetypes/htmlredirect_big.png</source>
      <destination>system/workplace/resources/filetypes/htmlredirect_big.png</destination>
      <type>image</type>
      <uuidstructure>d08bd58e-7649-11e0-89d1-5b4e51806a5b</uuidstructure>
      <uuidresource>d08bd58f-7649-11e0-89d1-5b4e51806a5b</uuidresource>
      <datelastmodified>Wed, 04 May 2011 12:28:00 GMT</datelastmodified>
      <userlastmodified>Admin</userlastmodified>
      <datecreated>Wed, 04 May 2011 12:27:02 GMT</datecreated>
      <usercreated>Admin</usercreated>
      <flags>0</flags>
      <properties>
        <property type="shared">
          <name>image.size</name>
          <value><![CDATA[w:24,h:24]]></value>
        </property>
      </properties>
      <relations/>
      <accesscontrol/>
    </file>
    <file>
      <source>system/workplace/resources/filetypes/subsitemap.png</source>
      <destination>system/workplace/resources/filetypes/subsitemap.png</destination>
      <type>image</type>
      <uuidstructure>770d2d81-7584-11e0-a519-a1b7a1ca2b7f</uuidstructure>
      <uuidresource>770d2d82-7584-11e0-a519-a1b7a1ca2b7f</uuidresource>
      <datelastmodified>Tue, 03 May 2011 13:05:12 GMT</datelastmodified>
      <userlastmodified>Admin</userlastmodified>
      <datecreated>Tue, 03 May 2011 12:54:21 GMT</datecreated>
      <usercreated>Admin</usercreated>
      <flags>0</flags>
      <properties>
        <property type="shared">
          <name>image.size</name>
          <value><![CDATA[w:16,h:16]]></value>
        </property>
      </properties>
      <relations/>
      <accesscontrol/>
    </file>
    <file>
      <source>system/workplace/resources/filetypes/subsitemap_big.png</source>
      <destination>system/workplace/resources/filetypes/subsitemap_big.png</destination>
      <type>image</type>
      <uuidstructure>d0b92742-7649-11e0-89d1-5b4e51806a5b</uuidstructure>
      <uuidresource>d0b92743-7649-11e0-89d1-5b4e51806a5b</uuidresource>
      <datelastmodified>Wed, 04 May 2011 12:28:00 GMT</datelastmodified>
      <userlastmodified>Admin</userlastmodified>
      <datecreated>Wed, 04 May 2011 12:27:02 GMT</datecreated>
      <usercreated>Admin</usercreated>
      <flags>0</flags>
      <properties>
        <property type="shared">
          <name>image.size</name>
          <value><![CDATA[w:24,h:24]]></value>
        </property>
      </properties>
      <relations/>
      <accesscontrol/>
    </file>
    <file>
      <destination>system/modules/org.opencms.ade.sitemap/resources</destination>
      <type>folder</type>
      <uuidstructure>c0ade2a2-fde7-11db-b43b-fd3ae480fac9</uuidstructure>
      <datelastmodified>Mon, 27 Mar 2006 12:00:00 GMT</datelastmodified>
      <userlastmodified>Admin</userlastmodified>
      <datecreated>Mon, 20 Feb 2006 14:05:57 GMT</datecreated>
      <usercreated>Admin</usercreated>
      <flags>0</flags>
      <properties/>
      <relations/>
      <accesscontrol/>
    </file>
    <file>
      <destination>system/modules/org.opencms.ade.sitemap/resources/sitemap</destination>
      <type>folder</type>
      <uuidstructure>226de3bf-71ae-11e0-883b-cd21a79dc8d2</uuidstructure>
      <datelastmodified>Thu, 28 Apr 2011 15:42:33 GMT</datelastmodified>
      <userlastmodified>Admin</userlastmodified>
      <datecreated>Thu, 28 Apr 2011 15:42:33 GMT</datecreated>
      <usercreated>Admin</usercreated>
      <flags>0</flags>
      <properties/>
      <relations/>
      <accesscontrol/>
    </file>
    <file>
      <source>system/modules/org.opencms.ade.sitemap/resources/sitemap/0326AF455425F6065C00E0361659A798.cache.png</source>
      <destination>system/modules/org.opencms.ade.sitemap/resources/sitemap/0326AF455425F6065C00E0361659A798.cache.png</destination>
      <type>image</type>
      <uuidstructure>154d8dfc-6153-11e2-beb8-671c807e5c52</uuidstructure>
      <uuidresource>154d8dfd-6153-11e2-beb8-671c807e5c52</uuidresource>
      <datelastmodified>Fri, 18 Jan 2013 09:40:24 GMT</datelastmodified>
      <userlastmodified>Admin</userlastmodified>
      <datecreated>Fri, 18 Jan 2013 09:40:24 GMT</datecreated>
      <usercreated>Admin</usercreated>
      <flags>0</flags>
      <properties/>
      <relations/>
      <accesscontrol/>
    </file>
    <file>
      <source>system/modules/org.opencms.ade.sitemap/resources/sitemap/07B79EDA917A4EB940EFF2814B61B238.cache.png</source>
      <destination>system/modules/org.opencms.ade.sitemap/resources/sitemap/07B79EDA917A4EB940EFF2814B61B238.cache.png</destination>
      <type>image</type>
      <uuidstructure>154fd7ee-6153-11e2-beb8-671c807e5c52</uuidstructure>
      <uuidresource>154fd7ef-6153-11e2-beb8-671c807e5c52</uuidresource>
      <datelastmodified>Fri, 18 Jan 2013 09:40:24 GMT</datelastmodified>
      <userlastmodified>Admin</userlastmodified>
      <datecreated>Fri, 18 Jan 2013 09:40:24 GMT</datecreated>
      <usercreated>Admin</usercreated>
      <flags>0</flags>
      <properties/>
      <relations/>
      <accesscontrol/>
    </file>
    <file>
      <source>system/modules/org.opencms.ade.sitemap/resources/sitemap/0C2636863EBF1B7E60FACEDA96D6E448.cache.gif</source>
      <destination>system/modules/org.opencms.ade.sitemap/resources/sitemap/0C2636863EBF1B7E60FACEDA96D6E448.cache.gif</destination>
      <type>image</type>
      <uuidstructure>1554b9f6-6153-11e2-beb8-671c807e5c52</uuidstructure>
      <uuidresource>1554b9f7-6153-11e2-beb8-671c807e5c52</uuidresource>
      <datelastmodified>Fri, 18 Jan 2013 09:40:24 GMT</datelastmodified>
      <userlastmodified>Admin</userlastmodified>
      <datecreated>Fri, 18 Jan 2013 09:40:24 GMT</datecreated>
      <usercreated>Admin</usercreated>
      <flags>0</flags>
      <properties/>
      <relations/>
      <accesscontrol/>
    </file>
    <file>
      <source>system/modules/org.opencms.ade.sitemap/resources/sitemap/0F89659FF3F324AE4116F700257E32BD.cache.gif</source>
      <destination>system/modules/org.opencms.ade.sitemap/resources/sitemap/0F89659FF3F324AE4116F700257E32BD.cache.gif</destination>
      <type>image</type>
      <uuidstructure>1554b9f8-6153-11e2-beb8-671c807e5c52</uuidstructure>
      <uuidresource>1554b9f9-6153-11e2-beb8-671c807e5c52</uuidresource>
      <datelastmodified>Fri, 18 Jan 2013 09:40:24 GMT</datelastmodified>
      <userlastmodified>Admin</userlastmodified>
      <datecreated>Fri, 18 Jan 2013 09:40:24 GMT</datecreated>
      <usercreated>Admin</usercreated>
      <flags>0</flags>
      <properties/>
      <relations/>
      <accesscontrol/>
    </file>
    <file>
      <source>system/modules/org.opencms.ade.sitemap/resources/sitemap/124DCEE507CAB7576C003C7BAF0D9924.cache.png</source>
      <destination>system/modules/org.opencms.ade.sitemap/resources/sitemap/124DCEE507CAB7576C003C7BAF0D9924.cache.png</destination>
      <type>image</type>
      <uuidstructure>155703ea-6153-11e2-beb8-671c807e5c52</uuidstructure>
      <uuidresource>155703eb-6153-11e2-beb8-671c807e5c52</uuidresource>
      <datelastmodified>Fri, 18 Jan 2013 09:40:24 GMT</datelastmodified>
      <userlastmodified>Admin</userlastmodified>
      <datecreated>Fri, 18 Jan 2013 09:40:24 GMT</datecreated>
      <usercreated>Admin</usercreated>
      <flags>0</flags>
      <properties/>
      <relations/>
      <accesscontrol/>
    </file>
    <file>
      <source>system/modules/org.opencms.ade.sitemap/resources/sitemap/130216F44FAF2CA3A53FBD439D3CA97A.cache.png</source>
      <destination>system/modules/org.opencms.ade.sitemap/resources/sitemap/130216F44FAF2CA3A53FBD439D3CA97A.cache.png</destination>
      <type>image</type>
      <uuidstructure>155703ec-6153-11e2-beb8-671c807e5c52</uuidstructure>
      <uuidresource>155703ed-6153-11e2-beb8-671c807e5c52</uuidresource>
      <datelastmodified>Fri, 18 Jan 2013 09:40:24 GMT</datelastmodified>
      <userlastmodified>Admin</userlastmodified>
      <datecreated>Fri, 18 Jan 2013 09:40:24 GMT</datecreated>
      <usercreated>Admin</usercreated>
      <flags>0</flags>
      <properties/>
      <relations/>
      <accesscontrol/>
    </file>
    <file>
      <source>system/modules/org.opencms.ade.sitemap/resources/sitemap/13D2931874E71D07F248A0CDF051CC85.cache.png</source>
      <destination>system/modules/org.opencms.ade.sitemap/resources/sitemap/13D2931874E71D07F248A0CDF051CC85.cache.png</destination>
      <type>image</type>
      <uuidstructure>155703ee-6153-11e2-beb8-671c807e5c52</uuidstructure>
      <uuidresource>155703ef-6153-11e2-beb8-671c807e5c52</uuidresource>
      <datelastmodified>Fri, 18 Jan 2013 09:40:24 GMT</datelastmodified>
      <userlastmodified>Admin</userlastmodified>
      <datecreated>Fri, 18 Jan 2013 09:40:24 GMT</datecreated>
      <usercreated>Admin</usercreated>
      <flags>0</flags>
      <properties/>
      <relations/>
      <accesscontrol/>
    </file>
    <file>
      <source>system/modules/org.opencms.ade.sitemap/resources/sitemap/157263C9722C7F5A5AD963F6B5594F87.cache.png</source>
      <destination>system/modules/org.opencms.ade.sitemap/resources/sitemap/157263C9722C7F5A5AD963F6B5594F87.cache.png</destination>
      <type>image</type>
      <uuidstructure>155974f0-6153-11e2-beb8-671c807e5c52</uuidstructure>
      <uuidresource>155974f1-6153-11e2-beb8-671c807e5c52</uuidresource>
      <datelastmodified>Fri, 18 Jan 2013 09:40:24 GMT</datelastmodified>
      <userlastmodified>Admin</userlastmodified>
      <datecreated>Fri, 18 Jan 2013 09:40:24 GMT</datecreated>
      <usercreated>Admin</usercreated>
      <flags>0</flags>
      <properties/>
      <relations/>
      <accesscontrol/>
    </file>
    <file>
      <source>system/modules/org.opencms.ade.sitemap/resources/sitemap/1BA570A78005D17EB033A5D959952436.cache.gif</source>
      <destination>system/modules/org.opencms.ade.sitemap/resources/sitemap/1BA570A78005D17EB033A5D959952436.cache.gif</destination>
      <type>image</type>
      <uuidstructure>155974f2-6153-11e2-beb8-671c807e5c52</uuidstructure>
      <uuidresource>155974f3-6153-11e2-beb8-671c807e5c52</uuidresource>
      <datelastmodified>Fri, 18 Jan 2013 09:40:24 GMT</datelastmodified>
      <userlastmodified>Admin</userlastmodified>
      <datecreated>Fri, 18 Jan 2013 09:40:24 GMT</datecreated>
      <usercreated>Admin</usercreated>
      <flags>0</flags>
      <properties/>
      <relations/>
      <accesscontrol/>
    </file>
    <file>
      <source>system/modules/org.opencms.ade.sitemap/resources/sitemap/1D0A264C2E6019D983DD72D1EE01457E.cache.png</source>
      <destination>system/modules/org.opencms.ade.sitemap/resources/sitemap/1D0A264C2E6019D983DD72D1EE01457E.cache.png</destination>
      <type>image</type>
      <uuidstructure>155974f4-6153-11e2-beb8-671c807e5c52</uuidstructure>
      <uuidresource>155974f5-6153-11e2-beb8-671c807e5c52</uuidresource>
      <datelastmodified>Fri, 18 Jan 2013 09:40:24 GMT</datelastmodified>
      <userlastmodified>Admin</userlastmodified>
      <datecreated>Fri, 18 Jan 2013 09:40:24 GMT</datecreated>
      <usercreated>Admin</usercreated>
      <flags>0</flags>
      <properties/>
      <relations/>
      <accesscontrol/>
    </file>
    <file>
      <source>system/modules/org.opencms.ade.sitemap/resources/sitemap/21998B27314C5C5FC843A89E07E05FCF.cache.png</source>
      <destination>system/modules/org.opencms.ade.sitemap/resources/sitemap/21998B27314C5C5FC843A89E07E05FCF.cache.png</destination>
      <type>image</type>
      <uuidstructure>155bbee6-6153-11e2-beb8-671c807e5c52</uuidstructure>
      <uuidresource>155bbee7-6153-11e2-beb8-671c807e5c52</uuidresource>
      <datelastmodified>Fri, 18 Jan 2013 09:40:24 GMT</datelastmodified>
      <userlastmodified>Admin</userlastmodified>
      <datecreated>Fri, 18 Jan 2013 09:40:24 GMT</datecreated>
      <usercreated>Admin</usercreated>
      <flags>0</flags>
      <properties/>
      <relations/>
      <accesscontrol/>
    </file>
    <file>
      <source>system/modules/org.opencms.ade.sitemap/resources/sitemap/223E04DC70F69BC559571D1C0E0667E5.cache.png</source>
      <destination>system/modules/org.opencms.ade.sitemap/resources/sitemap/223E04DC70F69BC559571D1C0E0667E5.cache.png</destination>
      <type>image</type>
      <uuidstructure>155bbee8-6153-11e2-beb8-671c807e5c52</uuidstructure>
      <uuidresource>155bbee9-6153-11e2-beb8-671c807e5c52</uuidresource>
      <datelastmodified>Fri, 18 Jan 2013 09:40:24 GMT</datelastmodified>
      <userlastmodified>Admin</userlastmodified>
      <datecreated>Fri, 18 Jan 2013 09:40:24 GMT</datecreated>
      <usercreated>Admin</usercreated>
      <flags>0</flags>
      <properties/>
      <relations/>
      <accesscontrol/>
    </file>
    <file>
      <source>system/modules/org.opencms.ade.sitemap/resources/sitemap/2504A645642997C1DF7023CD97BFE880.cache.gif</source>
      <destination>system/modules/org.opencms.ade.sitemap/resources/sitemap/2504A645642997C1DF7023CD97BFE880.cache.gif</destination>
      <type>image</type>
      <uuidstructure>155bbeea-6153-11e2-beb8-671c807e5c52</uuidstructure>
      <uuidresource>155bbeeb-6153-11e2-beb8-671c807e5c52</uuidresource>
      <datelastmodified>Fri, 18 Jan 2013 09:40:24 GMT</datelastmodified>
      <userlastmodified>Admin</userlastmodified>
      <datecreated>Fri, 18 Jan 2013 09:40:24 GMT</datecreated>
      <usercreated>Admin</usercreated>
      <flags>0</flags>
      <properties/>
      <relations/>
      <accesscontrol/>
    </file>
    <file>
      <source>system/modules/org.opencms.ade.sitemap/resources/sitemap/27246C8DD21072403777D9C61FEA16B7.gwt.rpc</source>
      <destination>system/modules/org.opencms.ade.sitemap/resources/sitemap/27246C8DD21072403777D9C61FEA16B7.gwt.rpc</destination>
      <type>plain</type>
      <uuidstructure>9044b3e4-66b9-11e1-9532-fdbfaa9d6f82</uuidstructure>
      <uuidresource>9044b3e5-66b9-11e1-9532-fdbfaa9d6f82</uuidresource>
      <datelastmodified>Mon, 05 Mar 2012 11:51:37 GMT</datelastmodified>
      <userlastmodified>Admin</userlastmodified>
      <datecreated>Mon, 05 Mar 2012 11:51:37 GMT</datecreated>
      <usercreated>Admin</usercreated>
      <flags>0</flags>
      <properties/>
      <relations/>
      <accesscontrol/>
    </file>
    <file>
      <source>system/modules/org.opencms.ade.sitemap/resources/sitemap/28876666747FD7CF017B39F122F45BFC.cache.png</source>
      <destination>system/modules/org.opencms.ade.sitemap/resources/sitemap/28876666747FD7CF017B39F122F45BFC.cache.png</destination>
      <type>image</type>
      <uuidstructure>155e2fee-6153-11e2-beb8-671c807e5c52</uuidstructure>
      <uuidresource>155e2fef-6153-11e2-beb8-671c807e5c52</uuidresource>
      <datelastmodified>Fri, 18 Jan 2013 09:40:24 GMT</datelastmodified>
      <userlastmodified>Admin</userlastmodified>
      <datecreated>Fri, 18 Jan 2013 09:40:24 GMT</datecreated>
      <usercreated>Admin</usercreated>
      <flags>0</flags>
      <properties/>
      <relations/>
      <accesscontrol/>
    </file>
    <file>
      <source>system/modules/org.opencms.ade.sitemap/resources/sitemap/28900C5A986D9BEE9FC75B51403369F9.cache.png</source>
      <destination>system/modules/org.opencms.ade.sitemap/resources/sitemap/28900C5A986D9BEE9FC75B51403369F9.cache.png</destination>
      <type>image</type>
      <uuidstructure>155e2ff0-6153-11e2-beb8-671c807e5c52</uuidstructure>
      <uuidresource>155e2ff1-6153-11e2-beb8-671c807e5c52</uuidresource>
      <datelastmodified>Fri, 18 Jan 2013 09:40:24 GMT</datelastmodified>
      <userlastmodified>Admin</userlastmodified>
      <datecreated>Fri, 18 Jan 2013 09:40:24 GMT</datecreated>
      <usercreated>Admin</usercreated>
      <flags>0</flags>
      <properties/>
      <relations/>
      <accesscontrol/>
    </file>
    <file>
      <source>system/modules/org.opencms.ade.sitemap/resources/sitemap/2D5DCEC84E5ECEEC13AE608620DDA715.cache.png</source>
      <destination>system/modules/org.opencms.ade.sitemap/resources/sitemap/2D5DCEC84E5ECEEC13AE608620DDA715.cache.png</destination>
      <type>image</type>
      <uuidstructure>1560a0f2-6153-11e2-beb8-671c807e5c52</uuidstructure>
      <uuidresource>1560a0f3-6153-11e2-beb8-671c807e5c52</uuidresource>
      <datelastmodified>Fri, 18 Jan 2013 09:40:24 GMT</datelastmodified>
      <userlastmodified>Admin</userlastmodified>
      <datecreated>Fri, 18 Jan 2013 09:40:24 GMT</datecreated>
      <usercreated>Admin</usercreated>
      <flags>0</flags>
      <properties/>
      <relations/>
      <accesscontrol/>
    </file>
    <file>
      <source>system/modules/org.opencms.ade.sitemap/resources/sitemap/45E59A085FFFFD34D0CF4DF6FCF89B9E.cache.html</source>
      <destination>system/modules/org.opencms.ade.sitemap/resources/sitemap/45E59A085FFFFD34D0CF4DF6FCF89B9E.cache.html</destination>
      <type>plain</type>
      <uuidstructure>2b279313-7112-11e2-9071-1315c6161d34</uuidstructure>
      <uuidresource>2b282f54-7112-11e2-9071-1315c6161d34</uuidresource>
      <datelastmodified>Thu, 07 Feb 2013 10:36:02 GMT</datelastmodified>
      <userlastmodified>Admin</userlastmodified>
      <datecreated>Thu, 07 Feb 2013 10:36:02 GMT</datecreated>
      <usercreated>Admin</usercreated>
      <flags>0</flags>
      <properties/>
      <relations/>
      <accesscontrol/>
    </file>
    <file>
      <source>system/modules/org.opencms.ade.sitemap/resources/sitemap/2DEFE4429494EC4398B219CEADD32C22.cache.png</source>
      <destination>system/modules/org.opencms.ade.sitemap/resources/sitemap/2DEFE4429494EC4398B219CEADD32C22.cache.png</destination>
      <type>image</type>
      <uuidstructure>1560a0f4-6153-11e2-beb8-671c807e5c52</uuidstructure>
      <uuidresource>1560a0f5-6153-11e2-beb8-671c807e5c52</uuidresource>
      <datelastmodified>Fri, 18 Jan 2013 09:40:24 GMT</datelastmodified>
      <userlastmodified>Admin</userlastmodified>
      <datecreated>Fri, 18 Jan 2013 09:40:24 GMT</datecreated>
      <usercreated>Admin</usercreated>
      <flags>0</flags>
      <properties/>
      <relations/>
      <accesscontrol/>
    </file>
    <file>
      <source>system/modules/org.opencms.ade.sitemap/resources/sitemap/3E13412DD77AE068AAF96B6978824A75.cache.png</source>
      <destination>system/modules/org.opencms.ade.sitemap/resources/sitemap/3E13412DD77AE068AAF96B6978824A75.cache.png</destination>
      <type>image</type>
      <uuidstructure>1560a0f6-6153-11e2-beb8-671c807e5c52</uuidstructure>
      <uuidresource>1560a0f7-6153-11e2-beb8-671c807e5c52</uuidresource>
      <datelastmodified>Fri, 18 Jan 2013 09:40:24 GMT</datelastmodified>
      <userlastmodified>Admin</userlastmodified>
      <datecreated>Fri, 18 Jan 2013 09:40:24 GMT</datecreated>
      <usercreated>Admin</usercreated>
      <flags>0</flags>
      <properties/>
      <relations/>
      <accesscontrol/>
    </file>
    <file>
      <source>system/modules/org.opencms.ade.sitemap/resources/sitemap/7C29239144CF1EF0C4D01A75245F1605.cache.html</source>
      <destination>system/modules/org.opencms.ade.sitemap/resources/sitemap/7C29239144CF1EF0C4D01A75245F1605.cache.html</destination>
      <type>plain</type>
      <uuidstructure>2b3a30b5-7112-11e2-9071-1315c6161d34</uuidstructure>
      <uuidresource>2b3c2c86-7112-11e2-9071-1315c6161d34</uuidresource>
      <datelastmodified>Thu, 07 Feb 2013 10:36:02 GMT</datelastmodified>
      <userlastmodified>Admin</userlastmodified>
      <datecreated>Thu, 07 Feb 2013 10:36:02 GMT</datecreated>
      <usercreated>Admin</usercreated>
      <flags>0</flags>
      <properties/>
      <relations/>
      <accesscontrol/>
    </file>
    <file>
      <source>system/modules/org.opencms.ade.sitemap/resources/sitemap/3E1B3C4D2B52FD7957DA6E43F8D5D4C9.cache.png</source>
      <destination>system/modules/org.opencms.ade.sitemap/resources/sitemap/3E1B3C4D2B52FD7957DA6E43F8D5D4C9.cache.png</destination>
      <type>image</type>
      <uuidstructure>1562eae8-6153-11e2-beb8-671c807e5c52</uuidstructure>
      <uuidresource>1562eae9-6153-11e2-beb8-671c807e5c52</uuidresource>
      <datelastmodified>Fri, 18 Jan 2013 09:40:24 GMT</datelastmodified>
      <userlastmodified>Admin</userlastmodified>
      <datecreated>Fri, 18 Jan 2013 09:40:24 GMT</datecreated>
      <usercreated>Admin</usercreated>
      <flags>0</flags>
      <properties/>
      <relations/>
      <accesscontrol/>
    </file>
    <file>
      <source>system/modules/org.opencms.ade.sitemap/resources/sitemap/417D700D877F5E7DCC8AE5DB200F7F2A.gwt.rpc</source>
      <destination>system/modules/org.opencms.ade.sitemap/resources/sitemap/417D700D877F5E7DCC8AE5DB200F7F2A.gwt.rpc</destination>
      <type>plain</type>
      <uuidstructure>624e6d67-28d8-11e2-b03f-9316b28cdbb9</uuidstructure>
      <uuidresource>624e6d68-28d8-11e2-b03f-9316b28cdbb9</uuidresource>
      <datelastmodified>Wed, 07 Nov 2012 12:41:00 GMT</datelastmodified>
      <userlastmodified>Admin</userlastmodified>
      <datecreated>Wed, 07 Nov 2012 12:41:00 GMT</datecreated>
      <usercreated>Admin</usercreated>
      <flags>0</flags>
      <properties/>
      <relations/>
      <accesscontrol/>
    </file>
    <file>
      <source>system/modules/org.opencms.ade.sitemap/resources/sitemap/4ED1C0B9BE23F2D66FC198C0FD3527D2.cache.png</source>
      <destination>system/modules/org.opencms.ade.sitemap/resources/sitemap/4ED1C0B9BE23F2D66FC198C0FD3527D2.cache.png</destination>
      <type>image</type>
      <uuidstructure>15655bee-6153-11e2-beb8-671c807e5c52</uuidstructure>
      <uuidresource>15655bef-6153-11e2-beb8-671c807e5c52</uuidresource>
      <datelastmodified>Fri, 18 Jan 2013 09:40:24 GMT</datelastmodified>
      <userlastmodified>Admin</userlastmodified>
      <datecreated>Fri, 18 Jan 2013 09:40:24 GMT</datecreated>
      <usercreated>Admin</usercreated>
      <flags>0</flags>
      <properties/>
      <relations/>
      <accesscontrol/>
    </file>
    <file>
      <source>system/modules/org.opencms.ade.sitemap/resources/sitemap/528F1389CBD23A696B89EF4D65007A96.cache.png</source>
      <destination>system/modules/org.opencms.ade.sitemap/resources/sitemap/528F1389CBD23A696B89EF4D65007A96.cache.png</destination>
      <type>image</type>
      <uuidstructure>15655bf0-6153-11e2-beb8-671c807e5c52</uuidstructure>
      <uuidresource>15655bf1-6153-11e2-beb8-671c807e5c52</uuidresource>
      <datelastmodified>Fri, 18 Jan 2013 09:40:24 GMT</datelastmodified>
      <userlastmodified>Admin</userlastmodified>
      <datecreated>Fri, 18 Jan 2013 09:40:24 GMT</datecreated>
      <usercreated>Admin</usercreated>
      <flags>0</flags>
      <properties/>
      <relations/>
      <accesscontrol/>
    </file>
    <file>
      <source>system/modules/org.opencms.ade.sitemap/resources/sitemap/55E6EF5AA7ECB5C3456D0C233F3D34A1.cache.png</source>
      <destination>system/modules/org.opencms.ade.sitemap/resources/sitemap/55E6EF5AA7ECB5C3456D0C233F3D34A1.cache.png</destination>
      <type>image</type>
      <uuidstructure>1567ccf2-6153-11e2-beb8-671c807e5c52</uuidstructure>
      <uuidresource>1567ccf3-6153-11e2-beb8-671c807e5c52</uuidresource>
      <datelastmodified>Fri, 18 Jan 2013 09:40:24 GMT</datelastmodified>
      <userlastmodified>Admin</userlastmodified>
      <datecreated>Fri, 18 Jan 2013 09:40:24 GMT</datecreated>
      <usercreated>Admin</usercreated>
      <flags>0</flags>
      <properties/>
      <relations/>
      <accesscontrol/>
    </file>
    <file>
      <source>system/modules/org.opencms.ade.sitemap/resources/sitemap/588C4DA28DB8FF451F98C17E3DB78A1B.cache.gif</source>
      <destination>system/modules/org.opencms.ade.sitemap/resources/sitemap/588C4DA28DB8FF451F98C17E3DB78A1B.cache.gif</destination>
      <type>image</type>
      <uuidstructure>1567ccf4-6153-11e2-beb8-671c807e5c52</uuidstructure>
      <uuidresource>1567ccf5-6153-11e2-beb8-671c807e5c52</uuidresource>
      <datelastmodified>Fri, 18 Jan 2013 09:40:24 GMT</datelastmodified>
      <userlastmodified>Admin</userlastmodified>
      <datecreated>Fri, 18 Jan 2013 09:40:24 GMT</datecreated>
      <usercreated>Admin</usercreated>
      <flags>0</flags>
      <properties/>
      <relations/>
      <accesscontrol/>
    </file>
    <file>
      <source>system/modules/org.opencms.ade.sitemap/resources/sitemap/607C234F8298753CFE48C010F4F5B7C2.cache.png</source>
      <destination>system/modules/org.opencms.ade.sitemap/resources/sitemap/607C234F8298753CFE48C010F4F5B7C2.cache.png</destination>
      <type>image</type>
      <uuidstructure>1567ccf6-6153-11e2-beb8-671c807e5c52</uuidstructure>
      <uuidresource>1567ccf7-6153-11e2-beb8-671c807e5c52</uuidresource>
      <datelastmodified>Fri, 18 Jan 2013 09:40:24 GMT</datelastmodified>
      <userlastmodified>Admin</userlastmodified>
      <datecreated>Fri, 18 Jan 2013 09:40:24 GMT</datecreated>
      <usercreated>Admin</usercreated>
      <flags>0</flags>
      <properties/>
      <relations/>
      <accesscontrol/>
    </file>
    <file>
      <source>system/modules/org.opencms.ade.sitemap/resources/sitemap/614A8351A28C0A4378525F849533D3FF.gwt.rpc</source>
      <destination>system/modules/org.opencms.ade.sitemap/resources/sitemap/614A8351A28C0A4378525F849533D3FF.gwt.rpc</destination>
      <type>plain</type>
      <uuidstructure>c14ddf7b-91bc-11e0-bb91-c170dc25d281</uuidstructure>
      <uuidresource>c14ddf7c-91bc-11e0-bb91-c170dc25d281</uuidresource>
      <datelastmodified>Wed, 08 Jun 2011 10:47:50 GMT</datelastmodified>
      <userlastmodified>Admin</userlastmodified>
      <datecreated>Wed, 08 Jun 2011 10:47:50 GMT</datecreated>
      <usercreated>Admin</usercreated>
      <flags>0</flags>
      <properties/>
      <relations/>
      <accesscontrol/>
    </file>
    <file>
      <source>system/modules/org.opencms.ade.sitemap/resources/sitemap/67F03376FF6E2527B53E363D94D0F88C.cache.png</source>
      <destination>system/modules/org.opencms.ade.sitemap/resources/sitemap/67F03376FF6E2527B53E363D94D0F88C.cache.png</destination>
      <type>image</type>
      <uuidstructure>156a16e8-6153-11e2-beb8-671c807e5c52</uuidstructure>
      <uuidresource>156a16e9-6153-11e2-beb8-671c807e5c52</uuidresource>
      <datelastmodified>Fri, 18 Jan 2013 09:40:24 GMT</datelastmodified>
      <userlastmodified>Admin</userlastmodified>
      <datecreated>Fri, 18 Jan 2013 09:40:24 GMT</datecreated>
      <usercreated>Admin</usercreated>
      <flags>0</flags>
      <properties/>
      <relations/>
      <accesscontrol/>
    </file>
    <file>
      <source>system/modules/org.opencms.ade.sitemap/resources/sitemap/68007ADE137131ED0FF40540F74FEF7C.cache.png</source>
      <destination>system/modules/org.opencms.ade.sitemap/resources/sitemap/68007ADE137131ED0FF40540F74FEF7C.cache.png</destination>
      <type>image</type>
      <uuidstructure>156a16ea-6153-11e2-beb8-671c807e5c52</uuidstructure>
      <uuidresource>156a16eb-6153-11e2-beb8-671c807e5c52</uuidresource>
      <datelastmodified>Fri, 18 Jan 2013 09:40:24 GMT</datelastmodified>
      <userlastmodified>Admin</userlastmodified>
      <datecreated>Fri, 18 Jan 2013 09:40:24 GMT</datecreated>
      <usercreated>Admin</usercreated>
      <flags>0</flags>
      <properties/>
      <relations/>
      <accesscontrol/>
    </file>
    <file>
      <destination>system/modules/org.opencms.ade.sitemap/resources/sitemap/6C2B5BDF0A7B5F0A11DB17A1F8A75A56.cache.ico</destination>
      <type>folder</type>
      <uuidstructure>156a16ec-6153-11e2-beb8-671c807e5c52</uuidstructure>
      <uuidresource>156a16ed-6153-11e2-beb8-671c807e5c52</uuidresource>
      <datelastmodified>Fri, 18 Jan 2013 09:40:24 GMT</datelastmodified>
      <userlastmodified>Admin</userlastmodified>
      <datecreated>Fri, 18 Jan 2013 09:40:24 GMT</datecreated>
      <usercreated>Admin</usercreated>
      <flags>0</flags>
      <properties/>
      <relations/>
      <accesscontrol/>
    </file>
    <file>
      <source>system/modules/org.opencms.ade.sitemap/resources/sitemap/6D49AA540BF48A6BC5BB40598BB369C1.cache.png</source>
      <destination>system/modules/org.opencms.ade.sitemap/resources/sitemap/6D49AA540BF48A6BC5BB40598BB369C1.cache.png</destination>
      <type>image</type>
      <uuidstructure>156c87ee-6153-11e2-beb8-671c807e5c52</uuidstructure>
      <uuidresource>156c87ef-6153-11e2-beb8-671c807e5c52</uuidresource>
      <datelastmodified>Fri, 18 Jan 2013 09:40:24 GMT</datelastmodified>
      <userlastmodified>Admin</userlastmodified>
      <datecreated>Fri, 18 Jan 2013 09:40:24 GMT</datecreated>
      <usercreated>Admin</usercreated>
      <flags>0</flags>
      <properties/>
      <relations/>
      <accesscontrol/>
    </file>
    <file>
      <source>system/modules/org.opencms.ade.sitemap/resources/sitemap/36B480D48D7BBC2C657CA7CD189B7806.cache.html</source>
      <destination>system/modules/org.opencms.ade.sitemap/resources/sitemap/36B480D48D7BBC2C657CA7CD189B7806.cache.html</destination>
      <type>plain</type>
      <uuidstructure>2b631579-7112-11e2-9071-1315c6161d34</uuidstructure>
      <uuidresource>2b633c8a-7112-11e2-9071-1315c6161d34</uuidresource>
      <datelastmodified>Thu, 07 Feb 2013 10:36:02 GMT</datelastmodified>
      <userlastmodified>Admin</userlastmodified>
      <datecreated>Thu, 07 Feb 2013 10:36:02 GMT</datecreated>
      <usercreated>Admin</usercreated>
      <flags>0</flags>
      <properties/>
      <relations/>
      <accesscontrol/>
    </file>
    <file>
      <source>system/modules/org.opencms.ade.sitemap/resources/sitemap/F634C3B46DDF9FD95B7824B5CA0B9BE8.cache.html</source>
      <destination>system/modules/org.opencms.ade.sitemap/resources/sitemap/F634C3B46DDF9FD95B7824B5CA0B9BE8.cache.html</destination>
      <type>plain</type>
      <uuidstructure>2b69cc3b-7112-11e2-9071-1315c6161d34</uuidstructure>
      <uuidresource>2b69f34c-7112-11e2-9071-1315c6161d34</uuidresource>
      <datelastmodified>Thu, 07 Feb 2013 10:36:02 GMT</datelastmodified>
      <userlastmodified>Admin</userlastmodified>
      <datecreated>Thu, 07 Feb 2013 10:36:02 GMT</datecreated>
      <usercreated>Admin</usercreated>
      <flags>0</flags>
      <properties/>
      <relations/>
      <accesscontrol/>
    </file>
    <file>
      <source>system/modules/org.opencms.ade.sitemap/resources/sitemap/7E76FDCA9138C1F6988CF904B0281C64.cache.gif</source>
      <destination>system/modules/org.opencms.ade.sitemap/resources/sitemap/7E76FDCA9138C1F6988CF904B0281C64.cache.gif</destination>
      <type>image</type>
      <uuidstructure>156c87f0-6153-11e2-beb8-671c807e5c52</uuidstructure>
      <uuidresource>156c87f1-6153-11e2-beb8-671c807e5c52</uuidresource>
      <datelastmodified>Fri, 18 Jan 2013 09:40:24 GMT</datelastmodified>
      <userlastmodified>Admin</userlastmodified>
      <datecreated>Fri, 18 Jan 2013 09:40:24 GMT</datecreated>
      <usercreated>Admin</usercreated>
      <flags>0</flags>
      <properties/>
      <relations/>
      <accesscontrol/>
    </file>
    <file>
      <source>system/modules/org.opencms.ade.sitemap/resources/sitemap/806F8EE738687B189D7F262612700F41.cache.gif</source>
      <destination>system/modules/org.opencms.ade.sitemap/resources/sitemap/806F8EE738687B189D7F262612700F41.cache.gif</destination>
      <type>image</type>
      <uuidstructure>156c87f2-6153-11e2-beb8-671c807e5c52</uuidstructure>
      <uuidresource>156ed0e3-6153-11e2-beb8-671c807e5c52</uuidresource>
      <datelastmodified>Fri, 18 Jan 2013 09:40:24 GMT</datelastmodified>
      <userlastmodified>Admin</userlastmodified>
      <datecreated>Fri, 18 Jan 2013 09:40:24 GMT</datecreated>
      <usercreated>Admin</usercreated>
      <flags>0</flags>
      <properties/>
      <relations/>
      <accesscontrol/>
    </file>
    <file>
      <source>system/modules/org.opencms.ade.sitemap/resources/sitemap/8AA3C50791DF9AA6DC608FDE692C9390.cache.gif</source>
      <destination>system/modules/org.opencms.ade.sitemap/resources/sitemap/8AA3C50791DF9AA6DC608FDE692C9390.cache.gif</destination>
      <type>image</type>
      <uuidstructure>156ed0e4-6153-11e2-beb8-671c807e5c52</uuidstructure>
      <uuidresource>156ed0e5-6153-11e2-beb8-671c807e5c52</uuidresource>
      <datelastmodified>Fri, 18 Jan 2013 09:40:24 GMT</datelastmodified>
      <userlastmodified>Admin</userlastmodified>
      <datecreated>Fri, 18 Jan 2013 09:40:24 GMT</datecreated>
      <usercreated>Admin</usercreated>
      <flags>0</flags>
      <properties/>
      <relations/>
      <accesscontrol/>
    </file>
    <file>
      <source>system/modules/org.opencms.ade.sitemap/resources/sitemap/8FBDBF2C058ACA8C7B7681D8E5194E8B.cache.png</source>
      <destination>system/modules/org.opencms.ade.sitemap/resources/sitemap/8FBDBF2C058ACA8C7B7681D8E5194E8B.cache.png</destination>
      <type>image</type>
      <uuidstructure>156ed0e6-6153-11e2-beb8-671c807e5c52</uuidstructure>
      <uuidresource>156ed0e7-6153-11e2-beb8-671c807e5c52</uuidresource>
      <datelastmodified>Fri, 18 Jan 2013 09:40:24 GMT</datelastmodified>
      <userlastmodified>Admin</userlastmodified>
      <datecreated>Fri, 18 Jan 2013 09:40:24 GMT</datecreated>
      <usercreated>Admin</usercreated>
      <flags>0</flags>
      <properties/>
      <relations/>
      <accesscontrol/>
    </file>
    <file>
      <source>system/modules/org.opencms.ade.sitemap/resources/sitemap/90583D1788B44DDC496D964A8FC3C94F.cache.png</source>
      <destination>system/modules/org.opencms.ade.sitemap/resources/sitemap/90583D1788B44DDC496D964A8FC3C94F.cache.png</destination>
      <type>image</type>
      <uuidstructure>157141e8-6153-11e2-beb8-671c807e5c52</uuidstructure>
      <uuidresource>157141e9-6153-11e2-beb8-671c807e5c52</uuidresource>
      <datelastmodified>Fri, 18 Jan 2013 09:40:24 GMT</datelastmodified>
      <userlastmodified>Admin</userlastmodified>
      <datecreated>Fri, 18 Jan 2013 09:40:24 GMT</datecreated>
      <usercreated>Admin</usercreated>
      <flags>0</flags>
      <properties/>
      <relations/>
      <accesscontrol/>
    </file>
    <file>
      <source>system/modules/org.opencms.ade.sitemap/resources/sitemap/9B56DF4CD68CC5BCB6821A8DE7E4830C.cache.gif</source>
      <destination>system/modules/org.opencms.ade.sitemap/resources/sitemap/9B56DF4CD68CC5BCB6821A8DE7E4830C.cache.gif</destination>
      <type>image</type>
      <uuidstructure>157141ea-6153-11e2-beb8-671c807e5c52</uuidstructure>
      <uuidresource>157141eb-6153-11e2-beb8-671c807e5c52</uuidresource>
      <datelastmodified>Fri, 18 Jan 2013 09:40:24 GMT</datelastmodified>
      <userlastmodified>Admin</userlastmodified>
      <datecreated>Fri, 18 Jan 2013 09:40:24 GMT</datecreated>
      <usercreated>Admin</usercreated>
      <flags>0</flags>
      <properties/>
      <relations/>
      <accesscontrol/>
    </file>
    <file>
      <source>system/modules/org.opencms.ade.sitemap/resources/sitemap/9C084B18DE6C5D4F831AAA6137CBD5BF.gwt.rpc</source>
      <destination>system/modules/org.opencms.ade.sitemap/resources/sitemap/9C084B18DE6C5D4F831AAA6137CBD5BF.gwt.rpc</destination>
      <type>plain</type>
      <uuidstructure>af7bb177-cc04-11e1-94fe-97dc89085b9c</uuidstructure>
      <uuidresource>af7bb178-cc04-11e1-94fe-97dc89085b9c</uuidresource>
      <datelastmodified>Thu, 12 Jul 2012 09:33:49 GMT</datelastmodified>
      <userlastmodified>Admin</userlastmodified>
      <datecreated>Thu, 12 Jul 2012 09:33:49 GMT</datecreated>
      <usercreated>Admin</usercreated>
      <flags>0</flags>
      <properties/>
      <relations/>
      <accesscontrol/>
    </file>
    <file>
      <source>system/modules/org.opencms.ade.sitemap/resources/sitemap/A3E30CCBF7AFC58EDCC069857295C9EA.cache.png</source>
      <destination>system/modules/org.opencms.ade.sitemap/resources/sitemap/A3E30CCBF7AFC58EDCC069857295C9EA.cache.png</destination>
      <type>image</type>
      <uuidstructure>1573b2ec-6153-11e2-beb8-671c807e5c52</uuidstructure>
      <uuidresource>1573b2ed-6153-11e2-beb8-671c807e5c52</uuidresource>
      <datelastmodified>Fri, 18 Jan 2013 09:40:24 GMT</datelastmodified>
      <userlastmodified>Admin</userlastmodified>
      <datecreated>Fri, 18 Jan 2013 09:40:24 GMT</datecreated>
      <usercreated>Admin</usercreated>
      <flags>0</flags>
      <properties/>
      <relations/>
      <accesscontrol/>
    </file>
    <file>
      <source>system/modules/org.opencms.ade.sitemap/resources/sitemap/CA9D5A3CDBCDE4919293C7FAD27CF6C2.cache.html</source>
      <destination>system/modules/org.opencms.ade.sitemap/resources/sitemap/CA9D5A3CDBCDE4919293C7FAD27CF6C2.cache.html</destination>
      <type>plain</type>
      <uuidstructure>2b55a7f7-7112-11e2-9071-1315c6161d34</uuidstructure>
      <uuidresource>2b5755a8-7112-11e2-9071-1315c6161d34</uuidresource>
      <datelastmodified>Thu, 07 Feb 2013 10:36:02 GMT</datelastmodified>
      <userlastmodified>Admin</userlastmodified>
      <datecreated>Thu, 07 Feb 2013 10:36:02 GMT</datecreated>
      <usercreated>Admin</usercreated>
      <flags>0</flags>
      <properties/>
      <relations/>
      <accesscontrol/>
    </file>
    <file>
      <source>system/modules/org.opencms.ade.sitemap/resources/sitemap/A561A3D036C6711C97A1ACB01B3E9688.cache.png</source>
      <destination>system/modules/org.opencms.ade.sitemap/resources/sitemap/A561A3D036C6711C97A1ACB01B3E9688.cache.png</destination>
      <type>image</type>
      <uuidstructure>1573b2ee-6153-11e2-beb8-671c807e5c52</uuidstructure>
      <uuidresource>1573b2ef-6153-11e2-beb8-671c807e5c52</uuidresource>
      <datelastmodified>Fri, 18 Jan 2013 09:40:24 GMT</datelastmodified>
      <userlastmodified>Admin</userlastmodified>
      <datecreated>Fri, 18 Jan 2013 09:40:24 GMT</datecreated>
      <usercreated>Admin</usercreated>
      <flags>0</flags>
      <properties/>
      <relations/>
      <accesscontrol/>
    </file>
    <file>
      <source>system/modules/org.opencms.ade.sitemap/resources/sitemap/AB193F88C59FE43073B7E3554AE1E4E1.cache.png</source>
      <destination>system/modules/org.opencms.ade.sitemap/resources/sitemap/AB193F88C59FE43073B7E3554AE1E4E1.cache.png</destination>
      <type>image</type>
      <uuidstructure>1573b2f0-6153-11e2-beb8-671c807e5c52</uuidstructure>
      <uuidresource>1573b2f1-6153-11e2-beb8-671c807e5c52</uuidresource>
      <datelastmodified>Fri, 18 Jan 2013 09:40:24 GMT</datelastmodified>
      <userlastmodified>Admin</userlastmodified>
      <datecreated>Fri, 18 Jan 2013 09:40:24 GMT</datecreated>
      <usercreated>Admin</usercreated>
      <flags>0</flags>
      <properties/>
      <relations/>
      <accesscontrol/>
    </file>
    <file>
      <source>system/modules/org.opencms.ade.sitemap/resources/sitemap/AB196D9D7834625802449A82C5811B43.cache.png</source>
      <destination>system/modules/org.opencms.ade.sitemap/resources/sitemap/AB196D9D7834625802449A82C5811B43.cache.png</destination>
      <type>image</type>
      <uuidstructure>1575fce2-6153-11e2-beb8-671c807e5c52</uuidstructure>
      <uuidresource>1575fce3-6153-11e2-beb8-671c807e5c52</uuidresource>
      <datelastmodified>Fri, 18 Jan 2013 09:40:24 GMT</datelastmodified>
      <userlastmodified>Admin</userlastmodified>
      <datecreated>Fri, 18 Jan 2013 09:40:24 GMT</datecreated>
      <usercreated>Admin</usercreated>
      <flags>0</flags>
      <properties/>
      <relations/>
      <accesscontrol/>
    </file>
    <file>
      <source>system/modules/org.opencms.ade.sitemap/resources/sitemap/BBE79FE9C388A062A6B594894C4044E8.cache.png</source>
      <destination>system/modules/org.opencms.ade.sitemap/resources/sitemap/BBE79FE9C388A062A6B594894C4044E8.cache.png</destination>
      <type>image</type>
      <uuidstructure>1575fce4-6153-11e2-beb8-671c807e5c52</uuidstructure>
      <uuidresource>1575fce5-6153-11e2-beb8-671c807e5c52</uuidresource>
      <datelastmodified>Fri, 18 Jan 2013 09:40:24 GMT</datelastmodified>
      <userlastmodified>Admin</userlastmodified>
      <datecreated>Fri, 18 Jan 2013 09:40:24 GMT</datecreated>
      <usercreated>Admin</usercreated>
      <flags>0</flags>
      <properties/>
      <relations/>
      <accesscontrol/>
    </file>
    <file>
      <source>system/modules/org.opencms.ade.sitemap/resources/sitemap/BC31847090F12A42F8370C7772D75499.cache.gif</source>
      <destination>system/modules/org.opencms.ade.sitemap/resources/sitemap/BC31847090F12A42F8370C7772D75499.cache.gif</destination>
      <type>image</type>
      <uuidstructure>15786de6-6153-11e2-beb8-671c807e5c52</uuidstructure>
      <uuidresource>15786de7-6153-11e2-beb8-671c807e5c52</uuidresource>
      <datelastmodified>Fri, 18 Jan 2013 09:40:24 GMT</datelastmodified>
      <userlastmodified>Admin</userlastmodified>
      <datecreated>Fri, 18 Jan 2013 09:40:24 GMT</datecreated>
      <usercreated>Admin</usercreated>
      <flags>0</flags>
      <properties/>
      <relations/>
      <accesscontrol/>
    </file>
    <file>
      <source>system/modules/org.opencms.ade.sitemap/resources/sitemap/BC4060A672A6E9FEC3C40F408301EFC6.cache.png</source>
      <destination>system/modules/org.opencms.ade.sitemap/resources/sitemap/BC4060A672A6E9FEC3C40F408301EFC6.cache.png</destination>
      <type>image</type>
      <uuidstructure>15786de8-6153-11e2-beb8-671c807e5c52</uuidstructure>
      <uuidresource>15786de9-6153-11e2-beb8-671c807e5c52</uuidresource>
      <datelastmodified>Fri, 18 Jan 2013 09:40:24 GMT</datelastmodified>
      <userlastmodified>Admin</userlastmodified>
      <datecreated>Fri, 18 Jan 2013 09:40:24 GMT</datecreated>
      <usercreated>Admin</usercreated>
      <flags>0</flags>
      <properties/>
      <relations/>
      <accesscontrol/>
    </file>
    <file>
      <source>system/modules/org.opencms.ade.sitemap/resources/sitemap/826551EB668611B082D4AB3530AAC5B3.cache.html</source>
      <destination>system/modules/org.opencms.ade.sitemap/resources/sitemap/826551EB668611B082D4AB3530AAC5B3.cache.html</destination>
      <type>plain</type>
      <uuidstructure>2b73692d-7112-11e2-9071-1315c6161d34</uuidstructure>
      <uuidresource>2b73692e-7112-11e2-9071-1315c6161d34</uuidresource>
      <datelastmodified>Thu, 07 Feb 2013 10:36:02 GMT</datelastmodified>
      <userlastmodified>Admin</userlastmodified>
      <datecreated>Thu, 07 Feb 2013 10:36:02 GMT</datecreated>
      <usercreated>Admin</usercreated>
      <flags>0</flags>
      <properties/>
      <relations/>
      <accesscontrol/>
    </file>
    <file>
      <source>system/modules/org.opencms.ade.sitemap/resources/sitemap/8B376620F21496B993AF5FA095A59972.cache.html</source>
      <destination>system/modules/org.opencms.ade.sitemap/resources/sitemap/8B376620F21496B993AF5FA095A59972.cache.html</destination>
      <type>plain</type>
      <uuidstructure>2b758c0f-7112-11e2-9071-1315c6161d34</uuidstructure>
      <uuidresource>2b764f60-7112-11e2-9071-1315c6161d34</uuidresource>
      <datelastmodified>Thu, 07 Feb 2013 10:36:02 GMT</datelastmodified>
      <userlastmodified>Admin</userlastmodified>
      <datecreated>Thu, 07 Feb 2013 10:36:02 GMT</datecreated>
      <usercreated>Admin</usercreated>
      <flags>0</flags>
      <properties/>
      <relations/>
      <accesscontrol/>
    </file>
    <file>
      <source>system/modules/org.opencms.ade.sitemap/resources/sitemap/C0D499CE27BBC9A66CCE716594B591ED.gwt.rpc</source>
      <destination>system/modules/org.opencms.ade.sitemap/resources/sitemap/C0D499CE27BBC9A66CCE716594B591ED.gwt.rpc</destination>
      <type>plain</type>
      <uuidstructure>3c3dd187-49c7-11e2-b957-7f20633915bf</uuidstructure>
      <uuidresource>3c3dd188-49c7-11e2-b957-7f20633915bf</uuidresource>
      <datelastmodified>Wed, 19 Dec 2012 10:31:23 GMT</datelastmodified>
      <userlastmodified>Admin</userlastmodified>
      <datecreated>Wed, 19 Dec 2012 10:31:23 GMT</datecreated>
      <usercreated>Admin</usercreated>
      <flags>0</flags>
      <properties/>
      <relations/>
      <accesscontrol/>
    </file>
    <file>
      <source>system/modules/org.opencms.ade.sitemap/resources/sitemap/C4E7AE2AFCDCAD9F4590E02BBF69A6EA.cache.gif</source>
      <destination>system/modules/org.opencms.ade.sitemap/resources/sitemap/C4E7AE2AFCDCAD9F4590E02BBF69A6EA.cache.gif</destination>
      <type>image</type>
      <uuidstructure>15786dea-6153-11e2-beb8-671c807e5c52</uuidstructure>
      <uuidresource>15786deb-6153-11e2-beb8-671c807e5c52</uuidresource>
      <datelastmodified>Fri, 18 Jan 2013 09:40:24 GMT</datelastmodified>
      <userlastmodified>Admin</userlastmodified>
      <datecreated>Fri, 18 Jan 2013 09:40:24 GMT</datecreated>
      <usercreated>Admin</usercreated>
      <flags>0</flags>
      <properties/>
      <relations/>
      <accesscontrol/>
    </file>
    <file>
      <source>system/modules/org.opencms.ade.sitemap/resources/sitemap/C62A1C906AE595C56C586D0305BB6C50.cache.gif</source>
      <destination>system/modules/org.opencms.ade.sitemap/resources/sitemap/C62A1C906AE595C56C586D0305BB6C50.cache.gif</destination>
      <type>image</type>
      <uuidstructure>157adeec-6153-11e2-beb8-671c807e5c52</uuidstructure>
      <uuidresource>157adeed-6153-11e2-beb8-671c807e5c52</uuidresource>
      <datelastmodified>Fri, 18 Jan 2013 09:40:24 GMT</datelastmodified>
      <userlastmodified>Admin</userlastmodified>
      <datecreated>Fri, 18 Jan 2013 09:40:24 GMT</datecreated>
      <usercreated>Admin</usercreated>
      <flags>0</flags>
      <properties/>
      <relations/>
      <accesscontrol/>
    </file>
    <file>
      <source>system/modules/org.opencms.ade.sitemap/resources/sitemap/CD452626E44B1D27115781B923D2F971.cache.png</source>
      <destination>system/modules/org.opencms.ade.sitemap/resources/sitemap/CD452626E44B1D27115781B923D2F971.cache.png</destination>
      <type>image</type>
      <uuidstructure>157adeee-6153-11e2-beb8-671c807e5c52</uuidstructure>
      <uuidresource>157adeef-6153-11e2-beb8-671c807e5c52</uuidresource>
      <datelastmodified>Fri, 18 Jan 2013 09:40:24 GMT</datelastmodified>
      <userlastmodified>Admin</userlastmodified>
      <datecreated>Fri, 18 Jan 2013 09:40:24 GMT</datecreated>
      <usercreated>Admin</usercreated>
      <flags>0</flags>
      <properties/>
      <relations/>
      <accesscontrol/>
    </file>
    <file>
      <source>system/modules/org.opencms.ade.sitemap/resources/sitemap/clear.cache.gif</source>
      <destination>system/modules/org.opencms.ade.sitemap/resources/sitemap/clear.cache.gif</destination>
      <type>image</type>
      <uuidstructure>f83110f7-71b1-11e0-891a-99f3e436b62a</uuidstructure>
      <uuidresource>f83110f8-71b1-11e0-891a-99f3e436b62a</uuidresource>
      <datelastmodified>Thu, 28 Apr 2011 16:10:00 GMT</datelastmodified>
      <userlastmodified>Admin</userlastmodified>
      <datecreated>Thu, 28 Apr 2011 16:10:00 GMT</datecreated>
      <usercreated>Admin</usercreated>
      <flags>0</flags>
      <properties/>
      <relations/>
      <accesscontrol/>
    </file>
    <file>
      <source>system/modules/org.opencms.ade.sitemap/resources/sitemap/D164AE4B2C36F7E2EC3E7B33F7880692.cache.png</source>
      <destination>system/modules/org.opencms.ade.sitemap/resources/sitemap/D164AE4B2C36F7E2EC3E7B33F7880692.cache.png</destination>
      <type>image</type>
      <uuidstructure>157d28e0-6153-11e2-beb8-671c807e5c52</uuidstructure>
      <uuidresource>157d28e1-6153-11e2-beb8-671c807e5c52</uuidresource>
      <datelastmodified>Fri, 18 Jan 2013 09:40:24 GMT</datelastmodified>
      <userlastmodified>Admin</userlastmodified>
      <datecreated>Fri, 18 Jan 2013 09:40:24 GMT</datecreated>
      <usercreated>Admin</usercreated>
      <flags>0</flags>
      <properties/>
      <relations/>
      <accesscontrol/>
    </file>
    <file>
      <source>system/modules/org.opencms.ade.sitemap/resources/sitemap/D5F586C438B34AD62B41411FC16B0579.cache.png</source>
      <destination>system/modules/org.opencms.ade.sitemap/resources/sitemap/D5F586C438B34AD62B41411FC16B0579.cache.png</destination>
      <type>image</type>
      <uuidstructure>157d28e2-6153-11e2-beb8-671c807e5c52</uuidstructure>
      <uuidresource>157d28e3-6153-11e2-beb8-671c807e5c52</uuidresource>
      <datelastmodified>Fri, 18 Jan 2013 09:40:24 GMT</datelastmodified>
      <userlastmodified>Admin</userlastmodified>
      <datecreated>Fri, 18 Jan 2013 09:40:24 GMT</datecreated>
      <usercreated>Admin</usercreated>
      <flags>0</flags>
      <properties/>
      <relations/>
      <accesscontrol/>
    </file>
    <file>
      <source>system/modules/org.opencms.ade.sitemap/resources/sitemap/DB77414A9B90F3BC2249D073D7FA8FFA.cache.png</source>
      <destination>system/modules/org.opencms.ade.sitemap/resources/sitemap/DB77414A9B90F3BC2249D073D7FA8FFA.cache.png</destination>
      <type>image</type>
      <uuidstructure>157d28e4-6153-11e2-beb8-671c807e5c52</uuidstructure>
      <uuidresource>157d28e5-6153-11e2-beb8-671c807e5c52</uuidresource>
      <datelastmodified>Fri, 18 Jan 2013 09:40:24 GMT</datelastmodified>
      <userlastmodified>Admin</userlastmodified>
      <datecreated>Fri, 18 Jan 2013 09:40:24 GMT</datecreated>
      <usercreated>Admin</usercreated>
      <flags>0</flags>
      <properties/>
      <relations/>
      <accesscontrol/>
    </file>
    <file>
      <source>system/modules/org.opencms.ade.sitemap/resources/sitemap/DE6D506998BC702C9DB949F7F80C8A14.cache.png</source>
      <destination>system/modules/org.opencms.ade.sitemap/resources/sitemap/DE6D506998BC702C9DB949F7F80C8A14.cache.png</destination>
      <type>image</type>
      <uuidstructure>157f99e6-6153-11e2-beb8-671c807e5c52</uuidstructure>
      <uuidresource>157f99e7-6153-11e2-beb8-671c807e5c52</uuidresource>
      <datelastmodified>Fri, 18 Jan 2013 09:40:24 GMT</datelastmodified>
      <userlastmodified>Admin</userlastmodified>
      <datecreated>Fri, 18 Jan 2013 09:40:24 GMT</datecreated>
      <usercreated>Admin</usercreated>
      <flags>0</flags>
      <properties/>
      <relations/>
      <accesscontrol/>
    </file>
    <file>
      <source>system/modules/org.opencms.ade.sitemap/resources/sitemap/E30C58794782F528AA8C1B61B8014A21.cache.png</source>
      <destination>system/modules/org.opencms.ade.sitemap/resources/sitemap/E30C58794782F528AA8C1B61B8014A21.cache.png</destination>
      <type>image</type>
      <uuidstructure>157f99e8-6153-11e2-beb8-671c807e5c52</uuidstructure>
      <uuidresource>157f99e9-6153-11e2-beb8-671c807e5c52</uuidresource>
      <datelastmodified>Fri, 18 Jan 2013 09:40:24 GMT</datelastmodified>
      <userlastmodified>Admin</userlastmodified>
      <datecreated>Fri, 18 Jan 2013 09:40:24 GMT</datecreated>
      <usercreated>Admin</usercreated>
      <flags>0</flags>
      <properties/>
      <relations/>
      <accesscontrol/>
    </file>
    <file>
      <source>system/modules/org.opencms.ade.sitemap/resources/sitemap/E5410C4FBA247FAF319663A7DFEBA0C9.cache.png</source>
      <destination>system/modules/org.opencms.ade.sitemap/resources/sitemap/E5410C4FBA247FAF319663A7DFEBA0C9.cache.png</destination>
      <type>image</type>
      <uuidstructure>1581e3da-6153-11e2-beb8-671c807e5c52</uuidstructure>
      <uuidresource>1581e3db-6153-11e2-beb8-671c807e5c52</uuidresource>
      <datelastmodified>Fri, 18 Jan 2013 09:40:24 GMT</datelastmodified>
      <userlastmodified>Admin</userlastmodified>
      <datecreated>Fri, 18 Jan 2013 09:40:24 GMT</datecreated>
      <usercreated>Admin</usercreated>
      <flags>0</flags>
      <properties/>
      <relations/>
      <accesscontrol/>
    </file>
    <file>
      <source>system/modules/org.opencms.ade.sitemap/resources/sitemap/F5E19CF37E950AEA3856EAC6CF4E170D.gwt.rpc</source>
      <destination>system/modules/org.opencms.ade.sitemap/resources/sitemap/F5E19CF37E950AEA3856EAC6CF4E170D.gwt.rpc</destination>
      <type>plain</type>
      <uuidstructure>62b9b263-28d8-11e2-b03f-9316b28cdbb9</uuidstructure>
      <uuidresource>62b9b264-28d8-11e2-b03f-9316b28cdbb9</uuidresource>
      <datelastmodified>Wed, 07 Nov 2012 12:41:00 GMT</datelastmodified>
      <userlastmodified>Admin</userlastmodified>
      <datecreated>Wed, 07 Nov 2012 12:41:00 GMT</datecreated>
      <usercreated>Admin</usercreated>
      <flags>0</flags>
      <properties/>
      <relations/>
      <accesscontrol/>
    </file>
    <file>
      <source>system/modules/org.opencms.ade.sitemap/resources/sitemap/FABA47515896922C62828F7194DD4D7B.cache.png</source>
      <destination>system/modules/org.opencms.ade.sitemap/resources/sitemap/FABA47515896922C62828F7194DD4D7B.cache.png</destination>
      <type>image</type>
      <uuidstructure>158454de-6153-11e2-beb8-671c807e5c52</uuidstructure>
      <uuidresource>158454df-6153-11e2-beb8-671c807e5c52</uuidresource>
      <datelastmodified>Fri, 18 Jan 2013 09:40:24 GMT</datelastmodified>
      <userlastmodified>Admin</userlastmodified>
      <datecreated>Fri, 18 Jan 2013 09:40:24 GMT</datecreated>
      <usercreated>Admin</usercreated>
      <flags>0</flags>
      <properties/>
      <relations/>
      <accesscontrol/>
    </file>
    <file>
      <source>system/modules/org.opencms.ade.sitemap/resources/sitemap/FB17FA3513A8D75A35707EEE3E8B97F8.cache.png</source>
      <destination>system/modules/org.opencms.ade.sitemap/resources/sitemap/FB17FA3513A8D75A35707EEE3E8B97F8.cache.png</destination>
      <type>image</type>
      <uuidstructure>158454e0-6153-11e2-beb8-671c807e5c52</uuidstructure>
      <uuidresource>158454e1-6153-11e2-beb8-671c807e5c52</uuidresource>
      <datelastmodified>Fri, 18 Jan 2013 09:40:24 GMT</datelastmodified>
      <userlastmodified>Admin</userlastmodified>
      <datecreated>Fri, 18 Jan 2013 09:40:24 GMT</datecreated>
      <usercreated>Admin</usercreated>
      <flags>0</flags>
      <properties/>
      <relations/>
      <accesscontrol/>
    </file>
    <file>
      <source>system/modules/org.opencms.ade.sitemap/resources/sitemap/hosted.html</source>
      <destination>system/modules/org.opencms.ade.sitemap/resources/sitemap/hosted.html</destination>
      <type>plain</type>
      <uuidstructure>f83cf7ed-71b1-11e0-891a-99f3e436b62a</uuidstructure>
      <uuidresource>f83cf7ee-71b1-11e0-891a-99f3e436b62a</uuidresource>
      <datelastmodified>Thu, 28 Apr 2011 16:10:00 GMT</datelastmodified>
      <userlastmodified>Admin</userlastmodified>
      <datecreated>Thu, 28 Apr 2011 16:10:00 GMT</datecreated>
      <usercreated>Admin</usercreated>
      <flags>0</flags>
      <properties/>
      <relations/>
      <accesscontrol/>
    </file>
    <file>
      <source>system/modules/org.opencms.ade.sitemap/resources/sitemap/sitemap.nocache.js</source>
      <destination>system/modules/org.opencms.ade.sitemap/resources/sitemap/sitemap.nocache.js</destination>
      <type>plain</type>
      <uuidstructure>f83f68ef-71b1-11e0-891a-99f3e436b62a</uuidstructure>
      <uuidresource>f83f68f0-71b1-11e0-891a-99f3e436b62a</uuidresource>
      <datelastmodified>Thu, 28 Apr 2011 16:10:00 GMT</datelastmodified>
      <userlastmodified>Admin</userlastmodified>
      <datecreated>Thu, 28 Apr 2011 16:10:00 GMT</datecreated>
      <usercreated>Admin</usercreated>
      <flags>0</flags>
      <properties/>
      <relations/>
      <accesscontrol/>
    </file>
  </files>
</export>
