<?xml version="1.0" encoding="UTF-8"?>

<export>
	<info>
		<creator>Admin</creator>
		<opencms_version>8.5.0</opencms_version>
		<createdate>Wed, 29 Jun 2011 08:58:42 GMT</createdate>
		<infoproject>Offline</infoproject>
		<export_version>7</export_version>
	</info>
	<module>
		<name>org.opencms.ade.config</name>
		<nicename><![CDATA[OpenCms 8 ADE Configuration]]></nicename>
		<group>OpenCms ADE</group>
		<class />
		<description><![CDATA[Configuration for OpenCms websites.<br>
<i>(c) 2013 by Alkacon Software GmbH (http://www.alkacon.com).</i>]]></description>
		<version>8.5.1</version>
		<authorname><![CDATA[Alkacon Software GmbH]]></authorname>
		<authoremail><![CDATA[sales@alkacon.com]]></authoremail>
		<datecreated />
		<userinstalled />
		<dateinstalled />
		<dependencies>
			<dependency name="org.opencms.workplace" version="8.5.0"/>
			<dependency name="org.opencms.workplace.categories" version="8.5.0"/>
		</dependencies>
		<exportpoints>
			<exportpoint uri="/system/modules/org.opencms.ade.config/classes/"
				destination="WEB-INF/classes/" />
		</exportpoints>
		<resources>
			<resource uri="/system/modules/org.opencms.ade.config/" />
			<resource uri="/system/workplace/resources/filetypes/configfolder.png" />
			<resource
				uri="/system/workplace/resources/filetypes/configfolder_big.png" />
			<resource uri="/system/workplace/resources/filetypes/module_config.png" />
			<resource
				uri="/system/workplace/resources/filetypes/module_config_big.png" />
			<resource uri="/system/workplace/resources/filetypes/sitemap_config.png" />
			<resource
				uri="/system/workplace/resources/filetypes/sitemap_config_big.png" />
			<resource uri="/system/workplace/resources/filetypes/containerpage.png" />
			<resource
				uri="/system/workplace/resources/filetypes/containerpage_big.png" />
			<resource uri="/system/workplace/resources/filetypes/elementgroup.png" />
			<resource
				uri="/system/workplace/resources/filetypes/elementgroup_big.png" />
			<resource
				uri="/system/workplace/resources/filetypes/containerpage_template.png" />
			<resource
				uri="/system/workplace/resources/filetypes/containerpage_template_big.png" />
			<resource
				uri="/system/workplace/resources/filetypes/inheritancegroup.png" />
			<resource
				uri="/system/workplace/resources/filetypes/inheritancegroup_big.png" />
		</resources>
		<parameters />
		<resourcetypes>
			<type class="org.opencms.file.types.CmsResourceTypeXmlContainerPage"
				name="containerpage" id="13">
				<param name="formatter_gallery_preview">/system/workplace/editors/ade/container-preview-formatter.jsp
				</param>
			</type>
			<type class="org.opencms.file.types.CmsResourceTypeXmlAdeConfiguration"
				name="groupcontainer" id="17">
				<properties>
					<property>
						<name>search.exclude</name>
						<value>true</value>
					</property>
					<property>
						<name>locale-available</name>
						<value><![CDATA[en]]></value>
					</property>
					<property>
						<name>locale</name>
						<value><![CDATA[en]]></value>
					</property>
				</properties>
				<param name="schema">/system/modules/org.opencms.ade.containerpage/schemas/group_container.xsd
				</param>
			</type>
			<type class="org.opencms.file.types.CmsResourceTypeJsp" name="containerpage_template"
				id="21" />
			<type class="org.opencms.file.types.CmsResourceTypeXmlContent"
				name="function" id="22">
				<param name="schema">/system/modules/org.opencms.ade.containerpage/schemas/function.xsd
				</param>
			</type>
			<type class="org.opencms.file.types.CmsResourceTypeXmlContent"
				name="htmlredirect" id="15">
				<properties>
					<property>
						<name>template-elements</name>
						<value type="shared"><![CDATA[/system/modules/org.opencms.ade.sitemap/pages/redirect-detail.jsp]]></value>
					</property>
					<property>
						<name>search.exclude</name>
						<value>all</value>
					</property>
				</properties>
				<param name="schema">/system/modules/org.opencms.ade.sitemap/schemas/redirect.xsd
				</param>
			</type>
			<type class="org.opencms.file.types.CmsResourceTypeFolderSubSitemap"
				name="subsitemap" id="23" />
			<type class="org.opencms.file.types.CmsResourceTypeFolderExtended"
				name="content_folder" id="24">
				<copy-resources>
					<copy-resource
						source="/system/modules/org.opencms.ade.config/copyresources/sitemap.config"
						target="${resource.folder.path}/.config" type="new" />
				</copy-resources>
			</type>
			<type class="org.opencms.file.types.CmsResourceTypeXmlAdeConfiguration"
				name="sitemap_config" id="14">
				<properties>
					<property>
						<name>locale-available</name>
						<value><![CDATA[en]]></value>
					</property>
					<property>
						<name>locale</name>
						<value><![CDATA[en]]></value>
					</property>
					<property>
						<name>search.exclude</name>
						<value>all</value>
					</property>
				</properties>
				<param name="schema">/system/modules/org.opencms.ade.config/schemas/sitemap_config.xsd
				</param>
			</type>
			<type class="org.opencms.file.types.CmsResourceTypeXmlAdeConfiguration"
				name="module_config" id="28">
				<properties>
					<property>
						<name>locale-available</name>
						<value><![CDATA[en]]></value>
					</property>
					<property>
						<name>locale</name>
						<value><![CDATA[en]]></value>
					</property>
					<property>
						<name>search.exclude</name>
						<value>all</value>
					</property>
				</properties>
				<param name="schema">/system/modules/org.opencms.ade.config/schemas/module_config.xsd
				</param>
			</type>
			<type class="org.opencms.file.types.CmsResourceTypeXmlAdeConfiguration"
				name="seo_file" id="305">
				<properties>
					<property>
						<name>locale-available</name>
						<value><![CDATA[en]]></value>
					</property>
					<property>
						<name>locale</name>
						<value><![CDATA[en]]></value>
					</property>
					<property>
						<name>template-elements</name>
						<value type="shared"><![CDATA[/system/modules/org.opencms.ade.sitemap/pages/render-seo-file.jsp]]></value>
					</property>
					<property>
						<name>search.exclude</name>
						<value>all</value>
					</property>
				</properties>
				<param name="schema">/system/modules/org.opencms.ade.config/schemas/seo_file.xsd</param>
			</type>
			<type class="org.opencms.file.types.CmsResourceTypeXmlAdeConfiguration"
				name="inheritance_group" id="303">
				<properties>
					<property>
						<name>search.exclude</name>
						<value>true</value>
					</property>
					<property>
						<name>locale-available</name>
						<value><![CDATA[en]]></value>
					</property>
					<property>
						<name>locale</name>
						<value><![CDATA[en]]></value>
					</property>
				</properties>
				<param name="schema">/system/modules/org.opencms.ade.containerpage/schemas/inheritance_group.xsd
				</param>
			</type>
			<type class="org.opencms.file.types.CmsResourceTypeXmlContent"
				name="inheritance_config" id="304">
				<properties>
					<property>
						<name>search.exclude</name>
						<value>all</value>
					</property>
				</properties>
				<param name="schema">/system/modules/org.opencms.ade.containerpage/schemas/inheritance_config.xsd
				</param>
			</type>
		</resourcetypes>
		<explorertypes>
			<explorertype name="subsitemap" key="fileicon.subsitemap"
				icon="subsitemap.png" bigicon="subsitemap_big.png" reference="folder">
				<newresource page="extendedfolder"
					uri="newresource.jsp?newresourcetype=subsitemap" order="490"
					autosetnavigation="false" autosettitle="false" info="desc.subsitemap" />
			</explorertype>
			<explorertype name="htmlredirect" key="fileicon.htmlredirect"
				icon="htmlredirect.png" bigicon="htmlredirect_big.png" reference="xmlcontent">
				<newresource
					uri="newresource_xmlcontent.jsp?newresourcetype=htmlredirect"
					order="27" autosetnavigation="true" autosettitle="true"
					info="desc.htmlredirect" />
				<accesscontrol>
					<accessentry principal="ROLE.WORKPLACE_USER"
						permissions="+r+v+w+c" />
				</accesscontrol>
			</explorertype>
			<explorertype name="containerpage" key="fileicon.containerpage"
				icon="containerpage.png" bigicon="containerpage_big.png" reference="xmlcontent">
				<newresource
					uri="newresource_xmlcontent.jsp?newresourcetype=containerpage"
					order="25" autosetnavigation="false" autosettitle="false"
					info="desc.containerpage" />
				<accesscontrol>
					<accessentry principal="ROLE.WORKPLACE_USER"
						permissions="+r+v+w+c" />
				</accesscontrol>
				<editoptions>
					<defaultproperties enabled="true" shownavigation="true">
						<defaultproperty name="Title" />
						<defaultproperty name="Keywords" />
						<defaultproperty name="Description" />
					</defaultproperties>
					<contextmenu>
						<entry key="GUI_EXPLORER_CONTEXT_LOCK_0" uri="commons/lock.jsp"
							rule="lock" />
						<entry key="GUI_EXPLORER_CONTEXT_OVERRIDELOCK_0" uri="commons/lockchange.jsp"
							rule="changelock" />
						<entry key="GUI_EXPLORER_CONTEXT_UNLOCK_0" uri="commons/unlock.jsp"
							rule="unlock" />
						<separator />
						<entry key="GUI_EXPLORER_CONTEXT_COPYTOPROJECT_0" uri="commons/copytoproject.jsp"
							rule="copytoproject" />
						<entry key="GUI_EXPLORER_CONTEXT_PUBLISH_0" uri="commons/publishresource.jsp"
							rule="directpublish" />
						<entry key="GUI_EXPLORER_CONTEXT_PUBLISH_SCHEDULED_0" uri="commons/publishscheduledresource.jsp"
							rule="publishscheduled" />
						<separator />
						<entry key="GUI_EXPLORER_CONTEXT_EDIT_0" uri="editors/editor.jsp"
							target="_top" rule="standard" />
						<separator />
						<entry key="GUI_EXPLORER_CONTEXT_COPY_0" uri="commons/copy.jsp"
							rule="copy" />
						<entry key="GUI_EXPLORER_CONTEXT_MOVE_0" uri="commons/move.jsp"
							rule="standard" />
						<entry key="GUI_EXPLORER_CONTEXT_DELETE_0" uri="commons/delete.jsp"
							rule="standard" />
						<entry key="GUI_EXPLORER_CONTEXT_UNDOCHANGES_0" uri="commons/undochanges.jsp"
							rule="undochanges" />
						<entry key="GUI_EXPLORER_CONTEXT_UNDELETE_0" uri="commons/undelete.jsp"
							rule="undelete" />
						<separator />
						<entry key="GUI_EXPLORER_CONTEXT_RELATIONS_0" rule="substandard">
							<entry key="GUI_EXPLORER_CONTEXT_LINKRELATIONTO_0"
								uri="views/admin/admin-main.jsp?root=explorer&amp;path=%2Flinkrelationtarget"
								rule="standard" />
							<entry key="GUI_EXPLORER_CONTEXT_LINKRELATIONFROM_0"
								uri="views/admin/admin-main.jsp?root=explorer&amp;path=%2Flinkrelationsource"
								rule="standard" />
							<separator />
							<entry key="GUI_EXPLORER_CONTEXT_SHOWSIBLINGS_0"
								uri="views/admin/admin-main.jsp?root=explorer&amp;path=%2Fsiblings"
								rule="showsiblings" />
							<separator />
							<entry key="GUI_EXPLORER_CONTEXT_CATEGORIES_0"
								uri="views/admin/admin-main.jsp?root=explorer&amp;path=%2Fcategories"
								rule="standard" />
						</entry>
						<separator />
						<entry key="GUI_EXPLORER_CONTEXT_ACCESS_0" uri="commons/chacc.jsp"
							rule="permissions" />
						<entry key="GUI_EXPLORER_CONTEXT_CHNAV_0" uri="commons/chnav.jsp"
							rule="standard" />
						<separator />
						<entry key="GUI_EXPLORER_CONTEXT_ADVANCED_0" rule="substandard">
							<entry key="GUI_EXPLORER_CONTEXT_TOUCH_0" uri="commons/touch.jsp"
								rule="standard" />
							<entry key="GUI_EXPLORER_CONTEXT_AVAILABILITY_0" uri="commons/availability.jsp"
								rule="standard" />
							
							<separator />
							<entry key="GUI_EXPLORER_CONTEXT_SECURE_0" uri="commons/secure.jsp"
								rule="standard" />
							<entry key="GUI_EXPLORER_CONTEXT_TYPE_0" uri="commons/chtype.jsp"
								rule="standard" />
							<separator />
							<entry key="GUI_EXPLORER_CONTEXT_EDITCONTROLFILE_0" uri="editors/editor.jsp?editastext=true"
								target="_top" rule="editcontrolcode" />
						</entry>
						<separator />
						<entry key="GUI_EXPLORER_CONTEXT_HISTORY_0"
							uri="views/admin/admin-main.jsp?root=explorer&amp;path=%2Fhistory"
							rule="nondeleted" />
						<entry key="GUI_EXPLORER_CONTEXT_PROPERTY_0" uri="/system/modules/org.opencms.ade.properties/pages/properties.jsp"
							rule="nondeleted" />
						<entry key="GUI_EXPLORER_CONTEXT_ADVANCED_PROPERTIES_0"
							name="org.opencms.gwt.client.ui.contextmenu.CmsEditProperties"
							rule="containerpage-no-different-site" />
						<entry key="GUI_EXPLORER_CONTEXT_RESOURCE_INFO_0" 
							name="org.opencms.gwt.client.ui.contextmenu.CmsResourceInfo" 
							rule="containerpage" /> 
						<entry key="GUI_EXPLORER_CONTEXT_AVAILABILITY_0"
							name="org.opencms.gwt.client.ui.contextmenu.CmsAvailabilityDialog"
							rule="containerpage-no-different-site" />
						<entry key="GUI_EXPLORER_CONTEXT_LOCK_REPORT_0"
							name="org.opencms.gwt.client.ui.contextmenu.CmsLockReport"
							rule="containerpage" />
						<entry key="GUI_EXPLORER_CONTEXT_CATEGORIES_0"
							name="org.opencms.gwt.client.ui.contextmenu.CmsCategories" 
							rule="containerpage-no-different-site"/>
					    <entry key="TEMPLATECONTEXTS" name="templatecontexts" rule="containerpage" /><!-- Entry is processed on the client side, the message key doesn't exist -->
						<entry key="GUI_EXPLORER_CONTEXT_SEO_0" 
							name="org.opencms.gwt.client.ui.contextmenu.CmsOpenSeoDialog"  
							rule="containerpage-no-different-site" />
						<entry key="GUI_EXPLORER_CONTEXT_UNDOCHANGES_0"
							name="org.opencms.gwt.client.ui.contextmenu.CmsRestore" 
							rule="ade-undochanges"/>
						<entry key="GUI_EXPLORER_CONTEXT_SHOW_WORKPLACE_0"
							name="org.opencms.gwt.client.ui.contextmenu.CmsShowWorkplace"
							rule="containerpage" />
						<entry key="GUI_EXPLORER_CONTEXT_LOGOUT_0" 
							name="org.opencms.gwt.client.ui.contextmenu.CmsLogout"
							rule="containerpage" />
					</contextmenu>
				</editoptions>
			</explorertype>
			<explorertype name="groupcontainer" key="fileicon.groupcontainer"
				icon="elementgroup.png" bigicon="elementgroup_big.png" reference="xmlcontent">
				<newresource
					uri="newresource_xmlcontent.jsp?newresourcetype=groupcontainer"
					order="26" autosetnavigation="false" autosettitle="false"
					info="desc.groupcontainer" />
				<accesscontrol>
					<accessentry principal="ROLE.WORKPLACE_USER"
						permissions="+r+v+w+c" />
				</accesscontrol>
			</explorertype>
			<explorertype name="function" key="fileicon.function"
				icon="function.png" bigicon="function_big.png" reference="xmlcontent">
				<newresource page="structurecontent"
					uri="newresource_xmlcontent.jsp?newresourcetype=function" order="999"
					autosetnavigation="false" autosettitle="false" info="desc.function" />
				<accesscontrol>
					<accessentry principal="ROLE.WORKPLACE_USER"
						permissions="+r+v-w-c" />
					<accessentry principal="ROLE.DEVELOPER" permissions="+r+v+w+c" />
				</accesscontrol>
			</explorertype>
			<explorertype name="seo_file" key="fileicon.seo_file"
				reference="xmlcontent">
				<newresource page="structurecontent"
					uri="newresource_xmlcontent.jsp?newresourcetype=seo_file" order="998"
					autosetnavigation="false" autosettitle="false" info="desc.seo_file" />
			</explorertype>
			<explorertype name="containerpage_template" key="fileicon.containerpage_template"
				icon="containerpage_template.png" bigicon="containerpage_template_big.png"
				reference="jsp">
				<newresource page="otheroptions"
					uri="newresource.jsp?newresourcetype=containerpage_template" order="22"
					autosetnavigation="false" autosettitle="false"
					info="desc.containerpage_template" />
			</explorertype>

			<explorertype name="content_folder" key="fileicon.configfolder"
				icon="configfolder.png" bigicon="configfolder_big.png" reference="folder">
				<newresource page="extendedfolder"
					uri="newresource.jsp?newresourcetype=content_folder" order="491"
					autosetnavigation="false" autosettitle="false" info="desc.configfolder" />
				<accesscontrol>
					<accessentry principal="ROLE.DEVELOPER" permissions="+r+v+w+c" />
				</accesscontrol>
			</explorertype>
			<explorertype name="sitemap_config" key="fileicon.sitemap_config"
				icon="sitemap_config.png" bigicon="sitemap_config_big.png"
				reference="xmlcontent">
				<newresource page="otheroptions"
					uri="newresource_xmlcontent.jsp?newresourcetype=sitemap_config"
					order="21" autosetnavigation="false" autosettitle="false"
					info="desc.sitemap_config" />
				<accesscontrol>
					<accessentry principal="ROLE.WORKPLACE_USER"
						permissions="+r+v+w+c" />
				</accesscontrol>
				<editoptions>
					<defaultproperties enabled="true" shownavigation="true">
						<defaultproperty name="Title" />
						<defaultproperty name="Keywords" />
						<defaultproperty name="Description" />
					</defaultproperties>
					<contextmenu>
						<entry key="GUI_EXPLORER_CONTEXT_LOCK_0" uri="commons/lock.jsp"
							rule="lock" />
						<entry key="GUI_EXPLORER_CONTEXT_OVERRIDELOCK_0" uri="commons/lockchange.jsp"
							rule="changelock" />
						<entry key="GUI_EXPLORER_CONTEXT_UNLOCK_0" uri="commons/unlock.jsp"
							rule="unlock" />
						<separator />
						<entry key="GUI_EXPLORER_CONTEXT_COPYTOPROJECT_0" uri="commons/copytoproject.jsp"
							rule="copytoproject" />
						<entry key="GUI_EXPLORER_CONTEXT_PUBLISH_0" uri="commons/publishresource.jsp"
							rule="directpublish" />
						<entry key="GUI_EXPLORER_CONTEXT_PUBLISH_SCHEDULED_0" uri="commons/publishscheduledresource.jsp"
							rule="publishscheduled" />
						<separator />
						<entry key="GUI_EXPLORER_CONTEXT_EDIT_0" uri="editors/editor.jsp"
							target="_top" rule="standard" />
						<separator />
						<entry key="GUI_EXPLORER_CONTEXT_COPY_0" uri="commons/copy.jsp"
							rule="copy" />
						<entry key="GUI_EXPLORER_CONTEXT_MOVE_0" uri="commons/move.jsp"
							rule="standard" />
						<entry key="GUI_EXPLORER_CONTEXT_DELETE_0" uri="commons/delete.jsp"
							rule="standard" />
						<entry key="GUI_EXPLORER_CONTEXT_UNDOCHANGES_0" uri="commons/undochanges.jsp"
							rule="undochanges" />
						<entry key="GUI_EXPLORER_CONTEXT_UNDELETE_0" uri="commons/undelete.jsp"
							rule="undelete" />
						<separator />
						<entry key="GUI_EXPLORER_CONTEXT_RELATIONS_0" rule="substandard">
							<entry key="GUI_EXPLORER_CONTEXT_LINKRELATIONTO_0"
								uri="views/admin/admin-main.jsp?root=explorer&amp;path=%2Flinkrelationtarget"
								rule="standard" />
							<entry key="GUI_EXPLORER_CONTEXT_LINKRELATIONFROM_0"
								uri="views/admin/admin-main.jsp?root=explorer&amp;path=%2Flinkrelationsource"
								rule="standard" />
							<separator />
							<entry key="GUI_EXPLORER_CONTEXT_SHOWSIBLINGS_0"
								uri="views/admin/admin-main.jsp?root=explorer&amp;path=%2Fsiblings"
								rule="showsiblings" />
							<separator />
							<entry key="GUI_EXPLORER_CONTEXT_CATEGORIES_0"
								uri="views/admin/admin-main.jsp?root=explorer&amp;path=%2Fcategories"
								rule="standard" />
						</entry>
						<separator />
						<entry key="GUI_EXPLORER_CONTEXT_ACCESS_0" uri="commons/chacc.jsp"
							rule="permissions" />
						<entry key="GUI_EXPLORER_CONTEXT_CHNAV_0" uri="commons/chnav.jsp"
							rule="standard" />
						<separator />
						<entry key="GUI_EXPLORER_CONTEXT_ADVANCED_0" rule="substandard">
							<entry key="GUI_EXPLORER_CONTEXT_TOUCH_0" uri="commons/touch.jsp"
								rule="standard" />
							<entry key="GUI_EXPLORER_CONTEXT_AVAILABILITY_0" uri="commons/availability.jsp"
								rule="standard" />
							
							<separator />
							<entry key="GUI_EXPLORER_CONTEXT_SECURE_0" uri="commons/secure.jsp"
								rule="standard" />
							<entry key="GUI_EXPLORER_CONTEXT_TYPE_0" uri="commons/chtype.jsp"
								rule="standard" />
							<separator />
							<entry key="GUI_EXPLORER_CONTEXT_EDITCONTROLFILE_0" uri="editors/editor.jsp?editastext=true"
								target="_top" rule="editcontrolcode" />
						</entry>
						<separator />
						<entry key="GUI_EXPLORER_CONTEXT_HISTORY_0"
							uri="views/admin/admin-main.jsp?root=explorer&amp;path=%2Fhistory"
							rule="nondeleted" />
						<entry key="GUI_EXPLORER_CONTEXT_PROPERTY_0" uri="/system/modules/org.opencms.ade.properties/pages/properties.jsp"
							rule="nondeleted" />
						<entry key="GUI_EXPLORER_CONTEXT_GO_TO_PARENT_0"
							name="org.opencms.ade.sitemap.client.toolbar.CmsGoToParentAction"
							rule="sitemap"/>
						<entry key="GUI_EXPLORER_CONTEXT_ALIAS_DIALOG_0"
							name="org.opencms.ade.sitemap.client.toolbar.CmsAliasDialog"
							rule="sitemap" />
						<entry key="GUI_EXPLORER_CONTEXT_REFRESH_0"
							name="org.opencms.ade.sitemap.client.toolbar.CmsRefreshAction"
							rule="sitemap"/>
						<entry key="GUI_EXPLORER_CONTEXT_SHOW_WORKPLACE_0"
							name="org.opencms.gwt.client.ui.contextmenu.CmsShowWorkplace"
							rule="sitemap" />
						<entry key="GUI_EXPLORER_CONTEXT_LOGOUT_0" name="org.opencms.gwt.client.ui.contextmenu.CmsLogout"
							rule="sitemap" />
					</contextmenu>
				</editoptions>
			</explorertype>
			<explorertype name="module_config" key="fileicon.module_config"
				icon="module_config.png" bigicon="module_config_big.png" reference="xmlcontent">
				<newresource page="otheroptions"
					uri="newresource_xmlcontent.jsp?newresourcetype=module_config"
					order="22" autosetnavigation="false" autosettitle="false"
					info="desc.module_config" />
				<accesscontrol>
					<accessentry principal="ROLE.WORKPLACE_USER"
						permissions="+r+v+w+c" />
				</accesscontrol>
			</explorertype>
			<explorertype name="inheritance_group" key="fileicon.inheritance_group"
				icon="inheritancegroup.png" bigicon="inheritancegroup_big.png"
				reference="xmlcontent">
				<newresource
					uri="newresource_xmlcontent.jsp?newresourcetype=inheritance_group"
					order="27" autosetnavigation="false" autosettitle="false"
					info="desc.inheritance_group" />
				<accesscontrol>
					<accessentry principal="ROLE.WORKPLACE_USER"
						permissions="+r+v+w+c" />
				</accesscontrol>
			</explorertype>
			<explorertype name="inheritance_config" key="fileicon.inheritance_config"
				icon="inheritancegroup.png" bigicon="inheritancegroup_big.png"
				reference="xmlcontent">
				<newresource
					uri="newresource_xmlcontent.jsp?newresourcetype=inheritance_config"
					order="28" autosetnavigation="false" autosettitle="false"
					info="desc.inheritance_config" />
				<accesscontrol>
					<accessentry principal="ROLE.WORKPLACE_USER"
						permissions="+r+v+w+c" />
				</accesscontrol>
			</explorertype>
		</explorertypes>
	</module>
	<files>
		<file>
			<destination>system</destination>
			<type>folder</type>
			<uuidstructure>d0ae7320-a228-11e0-9ff0-afd4b35f6004</uuidstructure>
			<datelastmodified>Wed, 29 Jun 2011 08:21:40 GMT</datelastmodified>
			<userlastmodified>Admin</userlastmodified>
			<datecreated>Wed, 29 Jun 2011 08:21:40 GMT</datecreated>
			<usercreated>Admin</usercreated>
			<flags>0</flags>
			<properties />
			<relations />
			<accesscontrol>
				<accessentry>
					<uuidprincipal>ROLE.WORKPLACE_USER</uuidprincipal>
					<flags>514</flags>
					<permissionset>
						<allowed>1</allowed>
						<denied>0</denied>
					</permissionset>
				</accessentry>
			</accesscontrol>
		</file>
		<file>
			<destination>system/modules</destination>
			<type>folder</type>
			<uuidstructure>d157abac-a228-11e0-9ff0-afd4b35f6004</uuidstructure>
			<datelastmodified>Wed, 29 Jun 2011 08:21:41 GMT</datelastmodified>
			<userlastmodified>Admin</userlastmodified>
			<datecreated>Wed, 29 Jun 2011 08:21:41 GMT</datecreated>
			<usercreated>Admin</usercreated>
			<flags>0</flags>
			<properties />
			<relations />
			<accesscontrol>
				<accessentry>
					<uuidprincipal>ROLE.WORKPLACE_USER</uuidprincipal>
					<flags>514</flags>
					<permissionset>
						<allowed>5</allowed>
						<denied>0</denied>
					</permissionset>
				</accessentry>
			</accesscontrol>
		</file>
		<file>
			<destination>system/modules/org.opencms.ade.config</destination>
			<type>folder</type>
			<uuidstructure>599661f3-70d4-11e0-9709-91706a02fba1</uuidstructure>
			<datelastmodified>Wed, 27 Apr 2011 13:43:36 GMT</datelastmodified>
			<userlastmodified>Admin</userlastmodified>
			<datecreated>Wed, 27 Apr 2011 13:43:36 GMT</datecreated>
			<usercreated>Admin</usercreated>
			<flags>0</flags>
			<properties />
			<relations />
			<accesscontrol />
		</file>
		<file>
			<destination>system/modules/org.opencms.ade.config/classes
			</destination>
			<type>folder</type>
			<uuidstructure>59a974c5-70d4-11e0-9709-91706a02fba1</uuidstructure>
			<datelastmodified>Wed, 27 Apr 2011 13:43:36 GMT</datelastmodified>
			<userlastmodified>Admin</userlastmodified>
			<datecreated>Wed, 27 Apr 2011 13:43:36 GMT</datecreated>
			<usercreated>Admin</usercreated>
			<flags>0</flags>
			<properties />
			<relations />
			<accesscontrol />
		</file>
		<file>
			<destination>system/modules/org.opencms.ade.config/classes/org
			</destination>
			<type>folder</type>
			<uuidstructure>59abbeb7-70d4-11e0-9709-91706a02fba1</uuidstructure>
			<datelastmodified>Wed, 27 Apr 2011 13:43:36 GMT</datelastmodified>
			<userlastmodified>Admin</userlastmodified>
			<datecreated>Wed, 27 Apr 2011 13:43:36 GMT</datecreated>
			<usercreated>Admin</usercreated>
			<flags>0</flags>
			<properties />
			<relations />
			<accesscontrol />
		</file>
		<file>
			<destination>system/modules/org.opencms.ade.config/classes/org/opencms
			</destination>
			<type>folder</type>
			<uuidstructure>59ae2fb9-70d4-11e0-9709-91706a02fba1</uuidstructure>
			<datelastmodified>Wed, 27 Apr 2011 13:43:36 GMT</datelastmodified>
			<userlastmodified>Admin</userlastmodified>
			<datecreated>Wed, 27 Apr 2011 13:43:36 GMT</datecreated>
			<usercreated>Admin</usercreated>
			<flags>0</flags>
			<properties />
			<relations />
			<accesscontrol />
		</file>
		<file>
			<destination>system/modules/org.opencms.ade.config/classes/org/opencms/ade
			</destination>
			<type>folder</type>
			<uuidstructure>59b0a0bb-70d4-11e0-9709-91706a02fba1</uuidstructure>
			<datelastmodified>Wed, 27 Apr 2011 13:43:36 GMT</datelastmodified>
			<userlastmodified>Admin</userlastmodified>
			<datecreated>Wed, 27 Apr 2011 13:43:36 GMT</datecreated>
			<usercreated>Admin</usercreated>
			<flags>0</flags>
			<properties />
			<relations />
			<accesscontrol />
		</file>
		<file>
			<destination>system/modules/org.opencms.ade.config/classes/org/opencms/ade/config
			</destination>
			<type>folder</type>
			<uuidstructure>59b2eaad-70d4-11e0-9709-91706a02fba1</uuidstructure>
			<datelastmodified>Wed, 27 Apr 2011 13:43:36 GMT</datelastmodified>
			<userlastmodified>Admin</userlastmodified>
			<datecreated>Wed, 27 Apr 2011 13:43:36 GMT</datecreated>
			<usercreated>Admin</usercreated>
			<flags>0</flags>
			<properties />
			<relations />
			<accesscontrol />
		</file>
		<file>
			<source>system/modules/org.opencms.ade.config/classes/org/opencms/ade/config/workplace.properties
			</source>
			<destination>system/modules/org.opencms.ade.config/classes/org/opencms/ade/config/workplace.properties
			</destination>
			<type>plain</type>
			<uuidstructure>d789bd73-70d8-11e0-8f1f-91706a02fba1</uuidstructure>
			<uuidresource>d789bd74-70d8-11e0-8f1f-91706a02fba1</uuidresource>
			<datelastmodified>Fri, 10 Jun 2011 07:46:06 GMT</datelastmodified>
			<userlastmodified>Admin</userlastmodified>
			<datecreated>Wed, 27 Apr 2011 14:15:45 GMT</datecreated>
			<usercreated>Admin</usercreated>
			<flags>0</flags>
			<properties>
				<property>
					<name>content-encoding</name>
					<value><![CDATA[ISO-8859-1]]></value>
				</property>
			</properties>
			<relations />
			<accesscontrol />
		</file>
		<file>
			<destination>system/modules/org.opencms.ade.config/copyresources
			</destination>
			<type>folder</type>
			<uuidstructure>9d49825f-70d5-11e0-9709-91706a02fba1</uuidstructure>
			<datelastmodified>Wed, 27 Apr 2011 13:52:39 GMT</datelastmodified>
			<userlastmodified>Admin</userlastmodified>
			<datecreated>Wed, 27 Apr 2011 13:52:39 GMT</datecreated>
			<usercreated>Admin</usercreated>
			<flags>0</flags>
			<properties />
			<relations />
			<accesscontrol />
		</file>
		<file>
			<source>system/modules/org.opencms.ade.config/copyresources/sitemap.config
			</source>
			<destination>system/modules/org.opencms.ade.config/copyresources/sitemap.config
			</destination>
			<type>sitemap_config</type>
			<uuidstructure>c9949dfa-70d5-11e0-9709-91706a02fba1</uuidstructure>
			<uuidresource>c9949dfb-70d5-11e0-9709-91706a02fba1</uuidresource>
			<datelastmodified>Wed, 27 Apr 2011 15:09:24 GMT</datelastmodified>
			<userlastmodified>Admin</userlastmodified>
			<datecreated>Wed, 27 Apr 2011 13:53:53 GMT</datecreated>
			<usercreated>Admin</usercreated>
			<flags>512</flags>
			<properties>
				<property>
					<name>Title</name>
					<value><![CDATA[Resource type configuration]]></value>
				</property>
				<property>
					<name>locale</name>
					<value><![CDATA[en]]></value>
				</property>
				<property>
					<name>locale-available</name>
					<value><![CDATA[en]]></value>
				</property>
				<property>
					<name>search.exclude</name>
					<value><![CDATA[all]]></value>
				</property>
			</properties>
			<relations />
			<accesscontrol />
		</file>
		<file>
			<destination>system/modules/org.opencms.ade.config/copyresources/models
			</destination>
			<type>folder</type>
			<uuidstructure>c913fc31-70d5-11e0-9709-91706a02fba1</uuidstructure>
			<datelastmodified>Wed, 27 Apr 2011 13:53:52 GMT</datelastmodified>
			<userlastmodified>Admin</userlastmodified>
			<datecreated>Wed, 27 Apr 2011 13:53:52 GMT</datecreated>
			<usercreated>Admin</usercreated>
			<flags>0</flags>
			<properties>
				<property>
					<name>Title</name>
					<value><![CDATA[Model folder]]></value>
				</property>
			</properties>
			<relations />
			<accesscontrol />
		</file>
		<file>
			<destination>system/modules/org.opencms.ade.config/copyresources/models/pages
			</destination>
			<type>folder</type>
			<uuidstructure>c91fe314-70d5-11e0-9709-91706a02fba1</uuidstructure>
			<datelastmodified>Wed, 27 Apr 2011 13:53:52 GMT</datelastmodified>
			<userlastmodified>Admin</userlastmodified>
			<datecreated>Wed, 27 Apr 2011 13:53:52 GMT</datecreated>
			<usercreated>Admin</usercreated>
			<flags>0</flags>
			<properties>
				<property>
					<name>Title</name>
					<value><![CDATA[Models for container pages]]></value>
				</property>
			</properties>
			<relations />
			<accesscontrol />
		</file>
		<file>
			<destination>system/workplace</destination>
			<type>folder</type>
			<uuidstructure>6dbd9558-8db6-11e0-972f-8f51174189b7</uuidstructure>
			<datelastmodified>Mon, 27 Mar 2006 12:00:00 GMT</datelastmodified>
			<userlastmodified>Admin</userlastmodified>
			<datecreated>Mon, 27 Jun 2005 08:00:00 GMT</datecreated>
			<usercreated>Admin</usercreated>
			<flags>0</flags>
			<properties>
				<property>
					<name>content-encoding</name>
					<value><![CDATA[UTF-8]]></value>
				</property>
				<property>
					<name>export</name>
					<value><![CDATA[false]]></value>
				</property>
				<property>
					<name>login-form</name>
					<value><![CDATA[/system/login/index.html]]></value>
				</property>
			</properties>
			<relations />
			<accesscontrol>
				<accessentry>
					<uuidprincipal>ALL_OTHERS</uuidprincipal>
					<flags>134</flags>
					<permissionset>
						<allowed>0</allowed>
						<denied>0</denied>
					</permissionset>
				</accessentry>
				<accessentry>
					<uuidprincipal>ROLE.WORKPLACE_USER</uuidprincipal>
					<flags>518</flags>
					<permissionset>
						<allowed>5</allowed>
						<denied>0</denied>
					</permissionset>
				</accessentry>
			</accesscontrol>
		</file>
		<file>
			<destination>system/workplace/resources</destination>
			<type>folder</type>
			<uuidstructure>6dbfdf50-8db6-11e0-972f-8f51174189b7</uuidstructure>
			<datelastmodified>Mon, 27 Mar 2006 12:00:00 GMT</datelastmodified>
			<userlastmodified>Admin</userlastmodified>
			<datecreated>Mon, 27 Jun 2005 08:00:00 GMT</datecreated>
			<usercreated>Admin</usercreated>
			<flags>0</flags>
			<properties />
			<relations />
			<accesscontrol />
		</file>
		<file>
			<destination>system/workplace/resources/filetypes</destination>
			<type>folder</type>
			<uuidstructure>6dc24f52-8db6-11e0-972f-8f51174189b7</uuidstructure>
			<datelastmodified>Mon, 27 Mar 2006 12:00:00 GMT</datelastmodified>
			<userlastmodified>Admin</userlastmodified>
			<datecreated>Mon, 27 Jun 2005 08:00:00 GMT</datecreated>
			<usercreated>Admin</usercreated>
			<flags>0</flags>
			<properties />
			<relations />
			<accesscontrol />
		</file>
		<file>
			<source>system/workplace/resources/filetypes/configfolder.png
			</source>
			<destination>system/workplace/resources/filetypes/configfolder.png
			</destination>
			<type>image</type>
			<uuidstructure>22e6582d-758b-11e0-bb02-a1b7a1ca2b7f</uuidstructure>
			<uuidresource>22e6582e-758b-11e0-bb02-a1b7a1ca2b7f</uuidresource>
			<datelastmodified>Tue, 03 May 2011 13:42:15 GMT</datelastmodified>
			<userlastmodified>Admin</userlastmodified>
			<datecreated>Tue, 03 May 2011 13:42:06 GMT</datecreated>
			<usercreated>Admin</usercreated>
			<flags>0</flags>
			<properties>
				<property type="shared">
					<name>image.size</name>
					<value><![CDATA[w:16,h:16]]></value>
				</property>
			</properties>
			<relations />
			<accesscontrol />
		</file>
		<file>
			<source>system/workplace/resources/filetypes/configfolder_big.png
			</source>
			<destination>system/workplace/resources/filetypes/configfolder_big.png
			</destination>
			<type>image</type>
			<uuidstructure>d05e83de-7649-11e0-89d1-5b4e51806a5b</uuidstructure>
			<uuidresource>d05e83df-7649-11e0-89d1-5b4e51806a5b</uuidresource>
			<datelastmodified>Wed, 04 May 2011 12:28:00 GMT</datelastmodified>
			<userlastmodified>Admin</userlastmodified>
			<datecreated>Wed, 04 May 2011 12:27:02 GMT</datecreated>
			<usercreated>Admin</usercreated>
			<flags>0</flags>
			<properties>
				<property type="shared">
					<name>image.size</name>
					<value><![CDATA[w:24,h:24]]></value>
				</property>
			</properties>
			<relations />
			<accesscontrol />
		</file>
		<file>
			<source>system/workplace/resources/filetypes/containerpage.png
			</source>
			<destination>system/workplace/resources/filetypes/containerpage.png
			</destination>
			<type>image</type>
			<uuidstructure>b690907a-7591-11e0-a914-a1b7a1ca2b7f</uuidstructure>
			<uuidresource>b690907b-7591-11e0-a914-a1b7a1ca2b7f</uuidresource>
			<datelastmodified>Tue, 03 May 2011 15:50:10 GMT</datelastmodified>
			<userlastmodified>Admin</userlastmodified>
			<datecreated>Tue, 03 May 2011 14:29:11 GMT</datecreated>
			<usercreated>Admin</usercreated>
			<flags>0</flags>
			<properties>
				<property type="shared">
					<name>image.size</name>
					<value><![CDATA[w:16,h:16]]></value>
				</property>
			</properties>
			<relations />
			<accesscontrol />
		</file>
		<file>
			<source>system/workplace/resources/filetypes/containerpage_big.png
			</source>
			<destination>system/workplace/resources/filetypes/containerpage_big.png
			</destination>
			<type>image</type>
			<uuidstructure>d06365e2-7649-11e0-89d1-5b4e51806a5b</uuidstructure>
			<uuidresource>d06365e3-7649-11e0-89d1-5b4e51806a5b</uuidresource>
			<datelastmodified>Wed, 04 May 2011 12:28:00 GMT</datelastmodified>
			<userlastmodified>Admin</userlastmodified>
			<datecreated>Wed, 04 May 2011 12:27:02 GMT</datecreated>
			<usercreated>Admin</usercreated>
			<flags>0</flags>
			<properties>
				<property type="shared">
					<name>image.size</name>
					<value><![CDATA[w:24,h:24]]></value>
				</property>
			</properties>
			<relations />
			<accesscontrol />
		</file>
		<file>
			<source>system/workplace/resources/filetypes/function.png</source>
			<destination>system/workplace/resources/filetypes/function.png
			</destination>
			<type>image</type>
			<uuidstructure>fd4ead16-608c-4a1b-92c0-3a417a55ae07</uuidstructure>
			<uuidresource>fd4ead16-608c-4a1b-92c0-3a417a55ae08</uuidresource>
			<datelastmodified>Wed, 04 May 2011 12:28:00 GMT</datelastmodified>
			<userlastmodified>Admin</userlastmodified>
			<datecreated>Wed, 04 May 2011 12:27:02 GMT</datecreated>
			<usercreated>Admin</usercreated>
			<flags>0</flags>
			<properties>
				<property type="shared">
					<name>image.size</name>
					<value><![CDATA[w:24,h:24]]></value>
				</property>
			</properties>
			<relations />
			<accesscontrol />
		</file>
		<file>
			<source>system/workplace/resources/filetypes/function_big.png
			</source>
			<destination>system/workplace/resources/filetypes/function_big.png
			</destination>
			<type>image</type>
			<uuidstructure>afbccf5a-bce4-4fe9-8c8d-246265f1b3d0</uuidstructure>
			<uuidresource>afbccf5a-bce4-4fe9-8c8d-246265f1b3d1</uuidresource>
			<datelastmodified>Wed, 04 May 2011 12:28:00 GMT</datelastmodified>
			<userlastmodified>Admin</userlastmodified>
			<datecreated>Wed, 04 May 2011 12:27:02 GMT</datecreated>
			<usercreated>Admin</usercreated>
			<flags>0</flags>
			<properties>
				<property type="shared">
					<name>image.size</name>
					<value><![CDATA[w:24,h:24]]></value>
				</property>
			</properties>
			<relations />
			<accesscontrol />
		</file>
		<file>
			<source>system/workplace/resources/filetypes/containerpage_template.png
			</source>
			<destination>system/workplace/resources/filetypes/containerpage_template.png
			</destination>
			<type>image</type>
			<uuidstructure>2f19b03c-759e-11e0-bda2-a1b7a1ca2b7f</uuidstructure>
			<uuidresource>2f19b03d-759e-11e0-bda2-a1b7a1ca2b7f</uuidresource>
			<datelastmodified>Tue, 03 May 2011 16:05:29 GMT</datelastmodified>
			<userlastmodified>Admin</userlastmodified>
			<datecreated>Tue, 03 May 2011 15:58:27 GMT</datecreated>
			<usercreated>Admin</usercreated>
			<flags>0</flags>
			<properties>
				<property type="shared">
					<name>image.size</name>
					<value><![CDATA[w:16,h:16]]></value>
				</property>
			</properties>
			<relations />
			<accesscontrol />
		</file>
		<file>
			<source>system/workplace/resources/filetypes/containerpage_template_big.png
			</source>
			<destination>system/workplace/resources/filetypes/containerpage_template_big.png
			</destination>
			<type>image</type>
			<uuidstructure>d06f4cca-7649-11e0-89d1-5b4e51806a5b</uuidstructure>
			<uuidresource>d06f4ccb-7649-11e0-89d1-5b4e51806a5b</uuidresource>
			<datelastmodified>Wed, 04 May 2011 12:28:00 GMT</datelastmodified>
			<userlastmodified>Admin</userlastmodified>
			<datecreated>Wed, 04 May 2011 12:27:02 GMT</datecreated>
			<usercreated>Admin</usercreated>
			<flags>0</flags>
			<properties>
				<property type="shared">
					<name>image.size</name>
					<value><![CDATA[w:24,h:24]]></value>
				</property>
			</properties>
			<relations />
			<accesscontrol />
		</file>
		<file>
			<source>system/workplace/resources/filetypes/elementgroup.png
			</source>
			<destination>system/workplace/resources/filetypes/elementgroup.png
			</destination>
			<type>image</type>
			<uuidstructure>7cf8f7e7-7596-11e0-b62c-a1b7a1ca2b7f</uuidstructure>
			<uuidresource>7cf8f7e8-7596-11e0-b62c-a1b7a1ca2b7f</uuidresource>
			<datelastmodified>Tue, 03 May 2011 15:44:52 GMT</datelastmodified>
			<userlastmodified>Admin</userlastmodified>
			<datecreated>Tue, 03 May 2011 15:03:22 GMT</datecreated>
			<usercreated>Admin</usercreated>
			<flags>0</flags>
			<properties>
				<property type="shared">
					<name>image.size</name>
					<value><![CDATA[w:16,h:16]]></value>
				</property>
			</properties>
			<relations />
			<accesscontrol />
		</file>
		<file>
			<source>system/workplace/resources/filetypes/elementgroup_big.png
			</source>
			<destination>system/workplace/resources/filetypes/elementgroup_big.png
			</destination>
			<type>image</type>
			<uuidstructure>d07d7da6-7649-11e0-89d1-5b4e51806a5b</uuidstructure>
			<uuidresource>d07d7da7-7649-11e0-89d1-5b4e51806a5b</uuidresource>
			<datelastmodified>Wed, 04 May 2011 12:28:00 GMT</datelastmodified>
			<userlastmodified>Admin</userlastmodified>
			<datecreated>Wed, 04 May 2011 12:27:02 GMT</datecreated>
			<usercreated>Admin</usercreated>
			<flags>0</flags>
			<properties>
				<property type="shared">
					<name>image.size</name>
					<value><![CDATA[w:24,h:24]]></value>
				</property>
			</properties>
			<relations />
			<accesscontrol />
		</file>
		<file>
			<source>system/workplace/resources/filetypes/inheritancegroup.png
			</source>
			<destination>system/workplace/resources/filetypes/inheritancegroup.png
			</destination>
			<type>image</type>
			<uuidstructure>fa1b3707-6c26-11e1-8c1e-91bd90e3b856</uuidstructure>
			<uuidresource>fa1b3708-6c26-11e1-8c1e-91bd90e3b856</uuidresource>
			<datelastmodified>Mon, 12 Mar 2012 09:37:25 GMT</datelastmodified>
			<userlastmodified>Admin</userlastmodified>
			<datecreated>Mon, 12 Mar 2012 09:37:25 GMT</datecreated>
			<usercreated>Admin</usercreated>
			<flags>0</flags>
			<properties>
				<property>
					<name>Title</name>
					<value><![CDATA[inheritancegroup]]></value>
				</property>
				<property type="shared">
					<name>image.size</name>
					<value><![CDATA[w:16,h:16]]></value>
				</property>
			</properties>
			<relations />
			<accesscontrol />
		</file>
		<file>
			<source>system/workplace/resources/filetypes/inheritancegroup_big.png
			</source>
			<destination>system/workplace/resources/filetypes/inheritancegroup_big.png
			</destination>
			<type>image</type>
			<uuidstructure>fa20190b-6c26-11e1-8c1e-91bd90e3b856</uuidstructure>
			<uuidresource>fa20190c-6c26-11e1-8c1e-91bd90e3b856</uuidresource>
			<datelastmodified>Mon, 12 Mar 2012 09:37:25 GMT</datelastmodified>
			<userlastmodified>Admin</userlastmodified>
			<datecreated>Mon, 12 Mar 2012 09:37:25 GMT</datecreated>
			<usercreated>Admin</usercreated>
			<flags>0</flags>
			<properties>
				<property>
					<name>Title</name>
					<value><![CDATA[inheritancegroup_big]]></value>
				</property>
				<property type="shared">
					<name>image.size</name>
					<value><![CDATA[w:24,h:24]]></value>
				</property>
			</properties>
			<relations />
			<accesscontrol />
		</file>
		<file>
			<source>system/workplace/resources/filetypes/module_config.png
			</source>
			<destination>system/workplace/resources/filetypes/module_config.png
			</destination>
			<type>image</type>
			<uuidstructure>7f364afd-a22c-11e0-9ff0-afd4b35f6004</uuidstructure>
			<uuidresource>7f364afe-a22c-11e0-9ff0-afd4b35f6004</uuidresource>
			<datelastmodified>Wed, 29 Jun 2011 08:48:09 GMT</datelastmodified>
			<userlastmodified>Admin</userlastmodified>
			<datecreated>Wed, 29 Jun 2011 08:48:01 GMT</datecreated>
			<usercreated>Admin</usercreated>
			<flags>0</flags>
			<properties>
				<property type="shared">
					<name>image.size</name>
					<value><![CDATA[w:16,h:16]]></value>
				</property>
			</properties>
			<relations />
			<accesscontrol />
		</file>
		<file>
			<source>system/workplace/resources/filetypes/module_config_big.png
			</source>
			<destination>system/workplace/resources/filetypes/module_config_big.png
			</destination>
			<type>image</type>
			<uuidstructure>7f3b05f1-a22c-11e0-9ff0-afd4b35f6004</uuidstructure>
			<uuidresource>7f3b05f2-a22c-11e0-9ff0-afd4b35f6004</uuidresource>
			<datelastmodified>Wed, 29 Jun 2011 08:48:20 GMT</datelastmodified>
			<userlastmodified>Admin</userlastmodified>
			<datecreated>Wed, 29 Jun 2011 08:48:01 GMT</datecreated>
			<usercreated>Admin</usercreated>
			<flags>0</flags>
			<properties>
				<property type="shared">
					<name>image.size</name>
					<value><![CDATA[w:24,h:24]]></value>
				</property>
			</properties>
			<relations />
			<accesscontrol />
		</file>
		<file>
			<source>system/workplace/resources/filetypes/sitemap_config.png
			</source>
			<destination>system/workplace/resources/filetypes/sitemap_config.png
			</destination>
			<type>image</type>
			<uuidstructure>231864b1-758b-11e0-bb02-a1b7a1ca2b7f</uuidstructure>
			<uuidresource>231864b2-758b-11e0-bb02-a1b7a1ca2b7f</uuidresource>
			<datelastmodified>Tue, 03 May 2011 13:42:20 GMT</datelastmodified>
			<userlastmodified>Admin</userlastmodified>
			<datecreated>Tue, 03 May 2011 13:42:07 GMT</datecreated>
			<usercreated>Admin</usercreated>
			<flags>0</flags>
			<properties>
				<property type="shared">
					<name>image.size</name>
					<value><![CDATA[w:16,h:16]]></value>
				</property>
			</properties>
			<relations />
			<accesscontrol />
		</file>
		<file>
			<source>system/workplace/resources/filetypes/sitemap_config_big.png
			</source>
			<destination>system/workplace/resources/filetypes/sitemap_config_big.png
			</destination>
			<type>image</type>
			<uuidstructure>d0afb15e-7649-11e0-89d1-5b4e51806a5b</uuidstructure>
			<uuidresource>d0afb15f-7649-11e0-89d1-5b4e51806a5b</uuidresource>
			<datelastmodified>Wed, 04 May 2011 12:28:00 GMT</datelastmodified>
			<userlastmodified>Admin</userlastmodified>
			<datecreated>Wed, 04 May 2011 12:27:02 GMT</datecreated>
			<usercreated>Admin</usercreated>
			<flags>0</flags>
			<properties>
				<property type="shared">
					<name>image.size</name>
					<value><![CDATA[w:24,h:24]]></value>
				</property>
			</properties>
			<relations />
			<accesscontrol />
		</file>
	</files>
</export>
