<?xml version="1.0" encoding="UTF-8"?>

<export>
	<info>
		<creator>Admin</creator>
		<opencms_version>8.5</opencms_version>
		<createdate>Mon, 10 Sep 2012 15:05:00 GMT</createdate>
		<infoproject>Offline</infoproject>
		<export_version>7</export_version>
	</info>
	<module>
		<name>com.alkacon.opencms.v8.textblock</name>
		<nicename><![CDATA[OpenCms 8 Text Block]]></nicename>
		<group>OpenCms 8 types</group>
		<class/>
		<description><![CDATA[Provides a text block resource type that can be used in OpenCms 8 templates.]]></description>
		<version>8.5.1</version>
		<authorname><![CDATA[Alkacon Software GmbH]]></authorname>
		<authoremail><![CDATA[sales@alkacon.com]]></authoremail>
		<datecreated/>
		<userinstalled/>
		<dateinstalled/>
		<dependencies>
			<dependency name="org.opencms.ade.config" version="8.0.0"/>
		</dependencies>
		<exportpoints>
			<exportpoint uri="/system/modules/com.alkacon.opencms.v8.textblock/classes/" destination="WEB-INF/classes/"/>
		</exportpoints>
		<resources>
			<resource uri="/system/modules/com.alkacon.opencms.v8.textblock/"/>
			<resource uri="/system/workplace/resources/filetypes/v8textblock.png"/>
			<resource uri="/system/workplace/resources/filetypes/v8textblock_big.png"/>
		</resources>
		<parameters/>
		<resourcetypes>
			<type class="org.opencms.file.types.CmsResourceTypeXmlContent" name="v8textblock" id="151">
				<param name="schema">/system/modules/com.alkacon.opencms.v8.textblock/schemas/textblock.xsd</param>
			</type>
		</resourcetypes>
		<explorertypes>
			<explorertype name="v8textblock" key="fileicon.v8textblock" icon="v8textblock.png" bigicon="v8textblock_big.png" reference="xmlcontent">
				<newresource page="structurecontent" uri="newresource_xmlcontent.jsp?newresourcetype=v8textblock" order="110" autosetnavigation="false" autosettitle="false" info="desc.v8textblock"/>
				<accesscontrol>
					<accessentry principal="ROLE.WORKPLACE_USER" permissions="+r+v+w+c"/>
				</accesscontrol>
			</explorertype>
		</explorertypes>
	</module>
	<files>
		<file>
			<destination>system</destination>
			<type>folder</type>
			<uuidstructure>8aecd78a-f666-11e1-930b-2fc8aa430640</uuidstructure>
			<datelastmodified>Tue, 04 Sep 2012 08:00:07 GMT</datelastmodified>
			<userlastmodified>Admin</userlastmodified>
			<datecreated>Tue, 04 Sep 2012 08:00:07 GMT</datecreated>
			<usercreated>Admin</usercreated>
			<flags>0</flags>
			<properties/>
			<relations/>
			<accesscontrol>
				<accessentry>
					<uuidprincipal>ROLE.WORKPLACE_USER</uuidprincipal>
					<flags>514</flags>
					<permissionset>
						<allowed>1</allowed>
						<denied>0</denied>
					</permissionset>
				</accessentry>
			</accesscontrol>
		</file>
		<file>
			<destination>system/modules</destination>
			<type>folder</type>
			<uuidstructure>8bfa5026-f666-11e1-930b-2fc8aa430640</uuidstructure>
			<datelastmodified>Tue, 04 Sep 2012 08:00:09 GMT</datelastmodified>
			<userlastmodified>Admin</userlastmodified>
			<datecreated>Tue, 04 Sep 2012 08:00:09 GMT</datecreated>
			<usercreated>Admin</usercreated>
			<flags>0</flags>
			<properties/>
			<relations/>
			<accesscontrol>
				<accessentry>
					<uuidprincipal>ROLE.WORKPLACE_USER</uuidprincipal>
					<flags>514</flags>
					<permissionset>
						<allowed>5</allowed>
						<denied>0</denied>
					</permissionset>
				</accessentry>
			</accesscontrol>
		</file>
		<file>
			<destination>system/modules/com.alkacon.opencms.v8.textblock</destination>
			<type>folder</type>
			<uuidstructure>6b2385c9-fb49-11e1-adb6-2fc8aa430640</uuidstructure>
			<datelastmodified>Mon, 10 Sep 2012 13:14:14 GMT</datelastmodified>
			<userlastmodified>Admin</userlastmodified>
			<datecreated>Mon, 10 Sep 2012 13:14:14 GMT</datecreated>
			<usercreated>Admin</usercreated>
			<flags>0</flags>
			<properties/>
			<relations/>
			<accesscontrol/>
		</file>
		<file>
			<source>system/modules/com.alkacon.opencms.v8.textblock/.config</source>
			<destination>system/modules/com.alkacon.opencms.v8.textblock/.config</destination>
			<type>module_config</type>
			<uuidstructure>a699bec8-fb4e-11e1-94d1-2fc8aa430640</uuidstructure>
			<uuidresource>a699bec9-fb4e-11e1-94d1-2fc8aa430640</uuidresource>
			<datelastmodified>Mon, 10 Sep 2012 15:03:57 GMT</datelastmodified>
			<userlastmodified>Admin</userlastmodified>
			<datecreated>Mon, 10 Sep 2012 13:51:41 GMT</datecreated>
			<usercreated>Admin</usercreated>
			<flags>0</flags>
			<properties>
				<property>
					<name>locale</name>
					<value><![CDATA[en]]></value>
				</property>
				<property>
					<name>locale-available</name>
					<value><![CDATA[en]]></value>
				</property>
			</properties>
			<relations/>
			<accesscontrol/>
		</file>
		<file>
			<destination>system/modules/com.alkacon.opencms.v8.textblock/classes</destination>
			<type>folder</type>
			<uuidstructure>6b39099f-fb49-11e1-adb6-2fc8aa430640</uuidstructure>
			<datelastmodified>Mon, 10 Sep 2012 13:14:14 GMT</datelastmodified>
			<userlastmodified>Admin</userlastmodified>
			<datecreated>Mon, 10 Sep 2012 13:14:14 GMT</datecreated>
			<usercreated>Admin</usercreated>
			<flags>0</flags>
			<properties/>
			<relations/>
			<accesscontrol/>
		</file>
		<file>
			<destination>system/modules/com.alkacon.opencms.v8.textblock/classes/com</destination>
			<type>folder</type>
			<uuidstructure>6b3b5391-fb49-11e1-adb6-2fc8aa430640</uuidstructure>
			<datelastmodified>Mon, 10 Sep 2012 13:14:14 GMT</datelastmodified>
			<userlastmodified>Admin</userlastmodified>
			<datecreated>Mon, 10 Sep 2012 13:14:14 GMT</datecreated>
			<usercreated>Admin</usercreated>
			<flags>0</flags>
			<properties/>
			<relations/>
			<accesscontrol/>
		</file>
		<file>
			<destination>system/modules/com.alkacon.opencms.v8.textblock/classes/com/alkacon</destination>
			<type>folder</type>
			<uuidstructure>6b3dc493-fb49-11e1-adb6-2fc8aa430640</uuidstructure>
			<datelastmodified>Mon, 10 Sep 2012 13:14:14 GMT</datelastmodified>
			<userlastmodified>Admin</userlastmodified>
			<datecreated>Mon, 10 Sep 2012 13:14:14 GMT</datecreated>
			<usercreated>Admin</usercreated>
			<flags>0</flags>
			<properties/>
			<relations/>
			<accesscontrol/>
		</file>
		<file>
			<destination>system/modules/com.alkacon.opencms.v8.textblock/classes/com/alkacon/opencms</destination>
			<type>folder</type>
			<uuidstructure>6b427f85-fb49-11e1-adb6-2fc8aa430640</uuidstructure>
			<datelastmodified>Mon, 10 Sep 2012 13:14:14 GMT</datelastmodified>
			<userlastmodified>Admin</userlastmodified>
			<datecreated>Mon, 10 Sep 2012 13:14:14 GMT</datecreated>
			<usercreated>Admin</usercreated>
			<flags>0</flags>
			<properties/>
			<relations/>
			<accesscontrol/>
		</file>
		<file>
			<destination>system/modules/com.alkacon.opencms.v8.textblock/classes/com/alkacon/opencms/v8</destination>
			<type>folder</type>
			<uuidstructure>6b44f087-fb49-11e1-adb6-2fc8aa430640</uuidstructure>
			<datelastmodified>Mon, 10 Sep 2012 13:14:14 GMT</datelastmodified>
			<userlastmodified>Admin</userlastmodified>
			<datecreated>Mon, 10 Sep 2012 13:14:14 GMT</datecreated>
			<usercreated>Admin</usercreated>
			<flags>0</flags>
			<properties/>
			<relations/>
			<accesscontrol/>
		</file>
		<file>
			<destination>system/modules/com.alkacon.opencms.v8.textblock/classes/com/alkacon/opencms/v8/textblock</destination>
			<type>folder</type>
			<uuidstructure>6b473a79-fb49-11e1-adb6-2fc8aa430640</uuidstructure>
			<datelastmodified>Mon, 10 Sep 2012 13:14:14 GMT</datelastmodified>
			<userlastmodified>Admin</userlastmodified>
			<datecreated>Mon, 10 Sep 2012 13:14:14 GMT</datecreated>
			<usercreated>Admin</usercreated>
			<flags>0</flags>
			<properties/>
			<relations/>
			<accesscontrol/>
		</file>
		<file>
			<source>system/modules/com.alkacon.opencms.v8.textblock/classes/com/alkacon/opencms/v8/textblock/workplace.properties</source>
			<destination>system/modules/com.alkacon.opencms.v8.textblock/classes/com/alkacon/opencms/v8/textblock/workplace.properties</destination>
			<type>plain</type>
			<uuidstructure>7f527f2d-fb4a-11e1-adb6-2fc8aa430640</uuidstructure>
			<uuidresource>3575800a-fb4a-11e1-adb6-2fc8aa430640</uuidresource>
			<datelastmodified>Mon, 10 Sep 2012 13:21:28 GMT</datelastmodified>
			<userlastmodified>Admin</userlastmodified>
			<datecreated>Mon, 10 Sep 2012 13:19:54 GMT</datecreated>
			<usercreated>Admin</usercreated>
			<flags>0</flags>
			<properties/>
			<relations/>
			<accesscontrol/>
		</file>
		<file>
			<source>system/modules/com.alkacon.opencms.v8.textblock/classes/com/alkacon/opencms/v8/textblock/workplace_de.properties</source>
			<destination>system/modules/com.alkacon.opencms.v8.textblock/classes/com/alkacon/opencms/v8/textblock/workplace_de.properties</destination>
			<type>plain</type>
			<uuidstructure>35699926-fb4a-11e1-adb6-2fc8aa430640</uuidstructure>
			<uuidresource>35699927-fb4a-11e1-adb6-2fc8aa430640</uuidresource>
			<datelastmodified>Mon, 10 Sep 2012 13:20:53 GMT</datelastmodified>
			<userlastmodified>Admin</userlastmodified>
			<datecreated>Mon, 10 Sep 2012 13:19:54 GMT</datecreated>
			<usercreated>Admin</usercreated>
			<flags>0</flags>
			<properties>
				<property>
					<name>content-encoding</name>
					<value><![CDATA[ISO-8859-1]]></value>
				</property>
			</properties>
			<relations/>
			<accesscontrol/>
		</file>
		<file>
			<destination>system/modules/com.alkacon.opencms.v8.textblock/classes/com/alkacon/opencms/v8/textblock/workplace_en.properties</destination>
			<type>plain</type>
			<uuidstructure>35758009-fb4a-11e1-adb6-2fc8aa430640</uuidstructure>
			<uuidresource>3575800a-fb4a-11e1-adb6-2fc8aa430640</uuidresource>
			<datelastmodified>Mon, 10 Sep 2012 13:21:28 GMT</datelastmodified>
			<userlastmodified>Admin</userlastmodified>
			<datecreated>Mon, 10 Sep 2012 13:19:54 GMT</datecreated>
			<usercreated>Admin</usercreated>
			<flags>0</flags>
			<properties/>
			<relations/>
			<accesscontrol/>
		</file>
		<file>
			<destination>system/modules/com.alkacon.opencms.v8.textblock/formatters</destination>
			<type>folder</type>
			<uuidstructure>6b31ddab-fb49-11e1-adb6-2fc8aa430640</uuidstructure>
			<datelastmodified>Mon, 10 Sep 2012 13:14:14 GMT</datelastmodified>
			<userlastmodified>Admin</userlastmodified>
			<datecreated>Mon, 10 Sep 2012 13:14:14 GMT</datecreated>
			<usercreated>Admin</usercreated>
			<flags>0</flags>
			<properties/>
			<relations/>
			<accesscontrol/>
		</file>
		<file>
			<source>system/modules/com.alkacon.opencms.v8.textblock/formatters/detail.jsp</source>
			<destination>system/modules/com.alkacon.opencms.v8.textblock/formatters/detail.jsp</destination>
			<type>jsp</type>
			<uuidstructure>134c61bf-fb4a-11e1-adb6-2fc8aa430640</uuidstructure>
			<uuidresource>134c61c0-fb4a-11e1-adb6-2fc8aa430640</uuidresource>
			<datelastmodified>Mon, 10 Sep 2012 15:02:07 GMT</datelastmodified>
			<userlastmodified>Admin</userlastmodified>
			<datecreated>Mon, 10 Sep 2012 13:18:56 GMT</datecreated>
			<usercreated>Admin</usercreated>
			<flags>0</flags>
			<properties>
				<property>
					<name>Title</name>
					<value><![CDATA[Formatter for detail view]]></value>
				</property>
				<property>
					<name>cache</name>
					<value><![CDATA[container-element;locale]]></value>
				</property>
				<property type="shared">
					<name>export</name>
					<value><![CDATA[false]]></value>
				</property>
			</properties>
			<relations/>
			<accesscontrol/>
		</file>
		<file>
			<source>system/modules/com.alkacon.opencms.v8.textblock/formatters/side.jsp</source>
			<destination>system/modules/com.alkacon.opencms.v8.textblock/formatters/side.jsp</destination>
			<type>jsp</type>
			<uuidstructure>1361e594-fb4a-11e1-adb6-2fc8aa430640</uuidstructure>
			<uuidresource>1361e595-fb4a-11e1-adb6-2fc8aa430640</uuidresource>
			<datelastmodified>Mon, 10 Sep 2012 15:02:19 GMT</datelastmodified>
			<userlastmodified>Admin</userlastmodified>
			<datecreated>Mon, 10 Sep 2012 13:18:56 GMT</datecreated>
			<usercreated>Admin</usercreated>
			<flags>0</flags>
			<properties>
				<property>
					<name>Title</name>
					<value><![CDATA[Formatter for side containers]]></value>
				</property>
				<property>
					<name>cache</name>
					<value><![CDATA[container-element;locale]]></value>
				</property>
				<property type="shared">
					<name>export</name>
					<value><![CDATA[false]]></value>
				</property>
			</properties>
			<relations/>
			<accesscontrol/>
		</file>
		<file>
			<destination>system/modules/com.alkacon.opencms.v8.textblock/resources</destination>
			<type>folder</type>
			<uuidstructure>1bb2f4a9-fb4a-11e1-adb6-2fc8aa430640</uuidstructure>
			<datelastmodified>Mon, 10 Sep 2012 13:19:10 GMT</datelastmodified>
			<userlastmodified>Admin</userlastmodified>
			<datecreated>Mon, 10 Sep 2012 13:19:10 GMT</datecreated>
			<usercreated>Admin</usercreated>
			<flags>0</flags>
			<properties>
				<property>
					<name>export</name>
					<value><![CDATA[true]]></value>
				</property>
			</properties>
			<relations/>
			<accesscontrol/>
		</file>
		<file>
			<destination>system/modules/com.alkacon.opencms.v8.textblock/resources/css</destination>
			<type>folder</type>
			<uuidstructure>1bbc6a8c-fb4a-11e1-adb6-2fc8aa430640</uuidstructure>
			<datelastmodified>Mon, 10 Sep 2012 13:19:10 GMT</datelastmodified>
			<userlastmodified>Admin</userlastmodified>
			<datecreated>Mon, 10 Sep 2012 13:19:10 GMT</datecreated>
			<usercreated>Admin</usercreated>
			<flags>0</flags>
			<properties/>
			<relations/>
			<accesscontrol/>
		</file>
		<file>
			<source>system/modules/com.alkacon.opencms.v8.textblock/resources/css/jquery.colorbox.css</source>
			<destination>system/modules/com.alkacon.opencms.v8.textblock/resources/css/jquery.colorbox.css</destination>
			<type>plain</type>
			<uuidstructure>1bbedb8e-fb4a-11e1-adb6-2fc8aa430640</uuidstructure>
			<uuidresource>1bbedb8f-fb4a-11e1-adb6-2fc8aa430640</uuidresource>
			<datelastmodified>Mon, 12 Mar 2012 16:40:55 GMT</datelastmodified>
			<userlastmodified>Admin</userlastmodified>
			<datecreated>Mon, 10 Sep 2012 13:19:10 GMT</datecreated>
			<usercreated>Admin</usercreated>
			<flags>0</flags>
			<properties>
				<property>
					<name>Title</name>
					<value><![CDATA[jquery.colorbox]]></value>
				</property>
			</properties>
			<relations/>
			<accesscontrol/>
		</file>
		<file>
			<destination>system/modules/com.alkacon.opencms.v8.textblock/resources/img</destination>
			<type>folder</type>
			<uuidstructure>1bc85171-fb4a-11e1-adb6-2fc8aa430640</uuidstructure>
			<datelastmodified>Mon, 10 Sep 2012 13:19:11 GMT</datelastmodified>
			<userlastmodified>Admin</userlastmodified>
			<datecreated>Mon, 10 Sep 2012 13:19:11 GMT</datecreated>
			<usercreated>Admin</usercreated>
			<flags>0</flags>
			<properties/>
			<relations/>
			<accesscontrol/>
		</file>
		<file>
			<destination>system/modules/com.alkacon.opencms.v8.textblock/resources/img/colorbox</destination>
			<type>folder</type>
			<uuidstructure>1bcac273-fb4a-11e1-adb6-2fc8aa430640</uuidstructure>
			<datelastmodified>Mon, 10 Sep 2012 13:19:11 GMT</datelastmodified>
			<userlastmodified>Admin</userlastmodified>
			<datecreated>Mon, 10 Sep 2012 13:19:11 GMT</datecreated>
			<usercreated>Admin</usercreated>
			<flags>0</flags>
			<properties/>
			<relations/>
			<accesscontrol/>
		</file>
		<file>
			<source>system/modules/com.alkacon.opencms.v8.textblock/resources/img/colorbox/border.png</source>
			<destination>system/modules/com.alkacon.opencms.v8.textblock/resources/img/colorbox/border.png</destination>
			<type>image</type>
			<uuidstructure>1bf3592f-fb4a-11e1-adb6-2fc8aa430640</uuidstructure>
			<uuidresource>1bf35930-fb4a-11e1-adb6-2fc8aa430640</uuidresource>
			<datelastmodified>Tue, 04 Sep 2012 09:24:11 GMT</datelastmodified>
			<userlastmodified>Admin</userlastmodified>
			<datecreated>Mon, 10 Sep 2012 13:19:11 GMT</datecreated>
			<usercreated>Admin</usercreated>
			<flags>0</flags>
			<properties>
				<property type="shared">
					<name>image.size</name>
					<value><![CDATA[w:1,h:50]]></value>
				</property>
			</properties>
			<relations/>
			<accesscontrol/>
		</file>
		<file>
			<source>system/modules/com.alkacon.opencms.v8.textblock/resources/img/colorbox/controls.png</source>
			<destination>system/modules/com.alkacon.opencms.v8.textblock/resources/img/colorbox/controls.png</destination>
			<type>image</type>
			<uuidstructure>1bf81422-fb4a-11e1-adb6-2fc8aa430640</uuidstructure>
			<uuidresource>1bf81423-fb4a-11e1-adb6-2fc8aa430640</uuidresource>
			<datelastmodified>Tue, 04 Sep 2012 09:24:11 GMT</datelastmodified>
			<userlastmodified>Admin</userlastmodified>
			<datecreated>Mon, 10 Sep 2012 13:19:11 GMT</datecreated>
			<usercreated>Admin</usercreated>
			<flags>0</flags>
			<properties>
				<property type="shared">
					<name>image.size</name>
					<value><![CDATA[w:175,h:50]]></value>
				</property>
			</properties>
			<relations/>
			<accesscontrol/>
		</file>
		<file>
			<source>system/modules/com.alkacon.opencms.v8.textblock/resources/img/colorbox/loading.gif</source>
			<destination>system/modules/com.alkacon.opencms.v8.textblock/resources/img/colorbox/loading.gif</destination>
			<type>image</type>
			<uuidstructure>1bfccf15-fb4a-11e1-adb6-2fc8aa430640</uuidstructure>
			<uuidresource>1bfccf16-fb4a-11e1-adb6-2fc8aa430640</uuidresource>
			<datelastmodified>Tue, 04 Sep 2012 09:24:11 GMT</datelastmodified>
			<userlastmodified>Admin</userlastmodified>
			<datecreated>Mon, 10 Sep 2012 13:19:11 GMT</datecreated>
			<usercreated>Admin</usercreated>
			<flags>0</flags>
			<properties>
				<property type="shared">
					<name>image.size</name>
					<value><![CDATA[w:32,h:32]]></value>
				</property>
			</properties>
			<relations/>
			<accesscontrol/>
		</file>
		<file>
			<source>system/modules/com.alkacon.opencms.v8.textblock/resources/img/colorbox/loading_background.png</source>
			<destination>system/modules/com.alkacon.opencms.v8.textblock/resources/img/colorbox/loading_background.png</destination>
			<type>image</type>
			<uuidstructure>1c018a08-fb4a-11e1-adb6-2fc8aa430640</uuidstructure>
			<uuidresource>1c018a09-fb4a-11e1-adb6-2fc8aa430640</uuidresource>
			<datelastmodified>Tue, 04 Sep 2012 09:24:11 GMT</datelastmodified>
			<userlastmodified>Admin</userlastmodified>
			<datecreated>Mon, 10 Sep 2012 13:19:11 GMT</datecreated>
			<usercreated>Admin</usercreated>
			<flags>0</flags>
			<properties>
				<property type="shared">
					<name>image.size</name>
					<value><![CDATA[w:40,h:40]]></value>
				</property>
			</properties>
			<relations/>
			<accesscontrol/>
		</file>
		<file>
			<source>system/modules/com.alkacon.opencms.v8.textblock/resources/img/colorbox/overlay.png</source>
			<destination>system/modules/com.alkacon.opencms.v8.textblock/resources/img/colorbox/overlay.png</destination>
			<type>image</type>
			<uuidstructure>1c066c0b-fb4a-11e1-adb6-2fc8aa430640</uuidstructure>
			<uuidresource>1c066c0c-fb4a-11e1-adb6-2fc8aa430640</uuidresource>
			<datelastmodified>Tue, 04 Sep 2012 09:24:11 GMT</datelastmodified>
			<userlastmodified>Admin</userlastmodified>
			<datecreated>Mon, 10 Sep 2012 13:19:11 GMT</datecreated>
			<usercreated>Admin</usercreated>
			<flags>0</flags>
			<properties>
				<property type="shared">
					<name>image.size</name>
					<value><![CDATA[w:30,h:30]]></value>
				</property>
			</properties>
			<relations/>
			<accesscontrol/>
		</file>
		<file>
			<destination>system/modules/com.alkacon.opencms.v8.textblock/resources/img/colorbox/ie6</destination>
			<type>folder</type>
			<uuidstructure>1bcf7d65-fb4a-11e1-adb6-2fc8aa430640</uuidstructure>
			<datelastmodified>Mon, 10 Sep 2012 13:19:11 GMT</datelastmodified>
			<userlastmodified>Admin</userlastmodified>
			<datecreated>Mon, 10 Sep 2012 13:19:11 GMT</datecreated>
			<usercreated>Admin</usercreated>
			<flags>0</flags>
			<properties/>
			<relations/>
			<accesscontrol/>
		</file>
		<file>
			<source>system/modules/com.alkacon.opencms.v8.textblock/resources/img/colorbox/ie6/borderBottomCenter.png</source>
			<destination>system/modules/com.alkacon.opencms.v8.textblock/resources/img/colorbox/ie6/borderBottomCenter.png</destination>
			<type>image</type>
			<uuidstructure>1bd43857-fb4a-11e1-adb6-2fc8aa430640</uuidstructure>
			<uuidresource>1bd43858-fb4a-11e1-adb6-2fc8aa430640</uuidresource>
			<datelastmodified>Tue, 04 Sep 2012 09:24:11 GMT</datelastmodified>
			<userlastmodified>Admin</userlastmodified>
			<datecreated>Mon, 10 Sep 2012 13:19:11 GMT</datecreated>
			<usercreated>Admin</usercreated>
			<flags>0</flags>
			<properties>
				<property type="shared">
					<name>image.size</name>
					<value><![CDATA[w:1,h:21]]></value>
				</property>
			</properties>
			<relations/>
			<accesscontrol/>
		</file>
		<file>
			<source>system/modules/com.alkacon.opencms.v8.textblock/resources/img/colorbox/ie6/borderBottomLeft.png</source>
			<destination>system/modules/com.alkacon.opencms.v8.textblock/resources/img/colorbox/ie6/borderBottomLeft.png</destination>
			<type>image</type>
			<uuidstructure>1bd6a95a-fb4a-11e1-adb6-2fc8aa430640</uuidstructure>
			<uuidresource>1bd6a95b-fb4a-11e1-adb6-2fc8aa430640</uuidresource>
			<datelastmodified>Tue, 04 Sep 2012 09:24:11 GMT</datelastmodified>
			<userlastmodified>Admin</userlastmodified>
			<datecreated>Mon, 10 Sep 2012 13:19:11 GMT</datecreated>
			<usercreated>Admin</usercreated>
			<flags>0</flags>
			<properties>
				<property type="shared">
					<name>image.size</name>
					<value><![CDATA[w:21,h:21]]></value>
				</property>
			</properties>
			<relations/>
			<accesscontrol/>
		</file>
		<file>
			<source>system/modules/com.alkacon.opencms.v8.textblock/resources/img/colorbox/ie6/borderBottomRight.png</source>
			<destination>system/modules/com.alkacon.opencms.v8.textblock/resources/img/colorbox/ie6/borderBottomRight.png</destination>
			<type>image</type>
			<uuidstructure>1bdb644d-fb4a-11e1-adb6-2fc8aa430640</uuidstructure>
			<uuidresource>1bdb644e-fb4a-11e1-adb6-2fc8aa430640</uuidresource>
			<datelastmodified>Tue, 04 Sep 2012 09:24:11 GMT</datelastmodified>
			<userlastmodified>Admin</userlastmodified>
			<datecreated>Mon, 10 Sep 2012 13:19:11 GMT</datecreated>
			<usercreated>Admin</usercreated>
			<flags>0</flags>
			<properties>
				<property type="shared">
					<name>image.size</name>
					<value><![CDATA[w:21,h:21]]></value>
				</property>
			</properties>
			<relations/>
			<accesscontrol/>
		</file>
		<file>
			<source>system/modules/com.alkacon.opencms.v8.textblock/resources/img/colorbox/ie6/borderMiddleLeft.png</source>
			<destination>system/modules/com.alkacon.opencms.v8.textblock/resources/img/colorbox/ie6/borderMiddleLeft.png</destination>
			<type>image</type>
			<uuidstructure>1be04650-fb4a-11e1-adb6-2fc8aa430640</uuidstructure>
			<uuidresource>1be04651-fb4a-11e1-adb6-2fc8aa430640</uuidresource>
			<datelastmodified>Tue, 04 Sep 2012 09:24:11 GMT</datelastmodified>
			<userlastmodified>Admin</userlastmodified>
			<datecreated>Mon, 10 Sep 2012 13:19:11 GMT</datecreated>
			<usercreated>Admin</usercreated>
			<flags>0</flags>
			<properties>
				<property type="shared">
					<name>image.size</name>
					<value><![CDATA[w:21,h:1]]></value>
				</property>
			</properties>
			<relations/>
			<accesscontrol/>
		</file>
		<file>
			<source>system/modules/com.alkacon.opencms.v8.textblock/resources/img/colorbox/ie6/borderMiddleRight.png</source>
			<destination>system/modules/com.alkacon.opencms.v8.textblock/resources/img/colorbox/ie6/borderMiddleRight.png</destination>
			<type>image</type>
			<uuidstructure>1be50143-fb4a-11e1-adb6-2fc8aa430640</uuidstructure>
			<uuidresource>1be50144-fb4a-11e1-adb6-2fc8aa430640</uuidresource>
			<datelastmodified>Tue, 04 Sep 2012 09:24:11 GMT</datelastmodified>
			<userlastmodified>Admin</userlastmodified>
			<datecreated>Mon, 10 Sep 2012 13:19:11 GMT</datecreated>
			<usercreated>Admin</usercreated>
			<flags>0</flags>
			<properties>
				<property type="shared">
					<name>image.size</name>
					<value><![CDATA[w:21,h:1]]></value>
				</property>
			</properties>
			<relations/>
			<accesscontrol/>
		</file>
		<file>
			<source>system/modules/com.alkacon.opencms.v8.textblock/resources/img/colorbox/ie6/borderTopCenter.png</source>
			<destination>system/modules/com.alkacon.opencms.v8.textblock/resources/img/colorbox/ie6/borderTopCenter.png</destination>
			<type>image</type>
			<uuidstructure>1be74b36-fb4a-11e1-adb6-2fc8aa430640</uuidstructure>
			<uuidresource>1be74b37-fb4a-11e1-adb6-2fc8aa430640</uuidresource>
			<datelastmodified>Tue, 04 Sep 2012 09:24:11 GMT</datelastmodified>
			<userlastmodified>Admin</userlastmodified>
			<datecreated>Mon, 10 Sep 2012 13:19:11 GMT</datecreated>
			<usercreated>Admin</usercreated>
			<flags>0</flags>
			<properties>
				<property type="shared">
					<name>image.size</name>
					<value><![CDATA[w:1,h:21]]></value>
				</property>
			</properties>
			<relations/>
			<accesscontrol/>
		</file>
		<file>
			<source>system/modules/com.alkacon.opencms.v8.textblock/resources/img/colorbox/ie6/borderTopLeft.png</source>
			<destination>system/modules/com.alkacon.opencms.v8.textblock/resources/img/colorbox/ie6/borderTopLeft.png</destination>
			<type>image</type>
			<uuidstructure>1bec2d39-fb4a-11e1-adb6-2fc8aa430640</uuidstructure>
			<uuidresource>1bec2d3a-fb4a-11e1-adb6-2fc8aa430640</uuidresource>
			<datelastmodified>Tue, 04 Sep 2012 09:24:11 GMT</datelastmodified>
			<userlastmodified>Admin</userlastmodified>
			<datecreated>Mon, 10 Sep 2012 13:19:11 GMT</datecreated>
			<usercreated>Admin</usercreated>
			<flags>0</flags>
			<properties>
				<property type="shared">
					<name>image.size</name>
					<value><![CDATA[w:21,h:21]]></value>
				</property>
			</properties>
			<relations/>
			<accesscontrol/>
		</file>
		<file>
			<source>system/modules/com.alkacon.opencms.v8.textblock/resources/img/colorbox/ie6/borderTopRight.png</source>
			<destination>system/modules/com.alkacon.opencms.v8.textblock/resources/img/colorbox/ie6/borderTopRight.png</destination>
			<type>image</type>
			<uuidstructure>1bf0e82c-fb4a-11e1-adb6-2fc8aa430640</uuidstructure>
			<uuidresource>1bf0e82d-fb4a-11e1-adb6-2fc8aa430640</uuidresource>
			<datelastmodified>Tue, 04 Sep 2012 09:24:11 GMT</datelastmodified>
			<userlastmodified>Admin</userlastmodified>
			<datecreated>Mon, 10 Sep 2012 13:19:11 GMT</datecreated>
			<usercreated>Admin</usercreated>
			<flags>0</flags>
			<properties>
				<property type="shared">
					<name>image.size</name>
					<value><![CDATA[w:21,h:21]]></value>
				</property>
			</properties>
			<relations/>
			<accesscontrol/>
		</file>
		<file>
			<destination>system/modules/com.alkacon.opencms.v8.textblock/resources/js</destination>
			<type>folder</type>
			<uuidstructure>1c08b5fe-fb4a-11e1-adb6-2fc8aa430640</uuidstructure>
			<datelastmodified>Mon, 10 Sep 2012 13:19:11 GMT</datelastmodified>
			<userlastmodified>Admin</userlastmodified>
			<datecreated>Mon, 10 Sep 2012 13:19:11 GMT</datecreated>
			<usercreated>Admin</usercreated>
			<flags>0</flags>
			<properties/>
			<relations/>
			<accesscontrol/>
		</file>
		<file>
			<source>system/modules/com.alkacon.opencms.v8.textblock/resources/js/jquery.colorbox.init.js</source>
			<destination>system/modules/com.alkacon.opencms.v8.textblock/resources/js/jquery.colorbox.init.js</destination>
			<type>plain</type>
			<uuidstructure>1c0d70f0-fb4a-11e1-adb6-2fc8aa430640</uuidstructure>
			<uuidresource>1c0d70f1-fb4a-11e1-adb6-2fc8aa430640</uuidresource>
			<datelastmodified>Mon, 12 Mar 2012 16:40:26 GMT</datelastmodified>
			<userlastmodified>Admin</userlastmodified>
			<datecreated>Mon, 10 Sep 2012 13:19:11 GMT</datecreated>
			<usercreated>Admin</usercreated>
			<flags>0</flags>
			<properties>
				<property>
					<name>Title</name>
					<value><![CDATA[jquery.colorbox.init]]></value>
				</property>
			</properties>
			<relations/>
			<accesscontrol/>
		</file>
		<file>
			<source>system/modules/com.alkacon.opencms.v8.textblock/resources/js/jquery.colorbox.js</source>
			<destination>system/modules/com.alkacon.opencms.v8.textblock/resources/js/jquery.colorbox.js</destination>
			<type>plain</type>
			<uuidstructure>1c1252f3-fb4a-11e1-adb6-2fc8aa430640</uuidstructure>
			<uuidresource>1c1252f4-fb4a-11e1-adb6-2fc8aa430640</uuidresource>
			<datelastmodified>Mon, 12 Mar 2012 16:40:26 GMT</datelastmodified>
			<userlastmodified>Admin</userlastmodified>
			<datecreated>Mon, 10 Sep 2012 13:19:11 GMT</datecreated>
			<usercreated>Admin</usercreated>
			<flags>0</flags>
			<properties>
				<property>
					<name>Title</name>
					<value><![CDATA[jquery.colorbox]]></value>
				</property>
			</properties>
			<relations/>
			<accesscontrol/>
		</file>
		<file>
			<destination>system/modules/com.alkacon.opencms.v8.textblock/schemas</destination>
			<type>folder</type>
			<uuidstructure>6b34279d-fb49-11e1-adb6-2fc8aa430640</uuidstructure>
			<datelastmodified>Mon, 10 Sep 2012 13:14:14 GMT</datelastmodified>
			<userlastmodified>Admin</userlastmodified>
			<datecreated>Mon, 10 Sep 2012 13:14:14 GMT</datecreated>
			<usercreated>Admin</usercreated>
			<flags>0</flags>
			<properties/>
			<relations/>
			<accesscontrol/>
		</file>
		<file>
			<source>system/modules/com.alkacon.opencms.v8.textblock/schemas/textblock.xsd</source>
			<destination>system/modules/com.alkacon.opencms.v8.textblock/schemas/textblock.xsd</destination>
			<type>plain</type>
			<uuidstructure>0729d83b-fb4a-11e1-adb6-2fc8aa430640</uuidstructure>
			<uuidresource>0729d83c-fb4a-11e1-adb6-2fc8aa430640</uuidresource>
			<datelastmodified>Mon, 10 Sep 2012 13:49:54 GMT</datelastmodified>
			<userlastmodified>Admin</userlastmodified>
			<datecreated>Mon, 10 Sep 2012 13:18:36 GMT</datecreated>
			<usercreated>Admin</usercreated>
			<flags>0</flags>
			<properties>
				<property>
					<name>Title</name>
					<value><![CDATA[XSD for text block]]></value>
				</property>
			</properties>
			<relations/>
			<accesscontrol/>
		</file>
		<file>
			<destination>system/modules/com.alkacon.opencms.v8.textblock/schemas/nested</destination>
			<type>folder</type>
			<uuidstructure>073a7a0e-fb4a-11e1-adb6-2fc8aa430640</uuidstructure>
			<datelastmodified>Mon, 10 Sep 2012 13:18:36 GMT</datelastmodified>
			<userlastmodified>Admin</userlastmodified>
			<datecreated>Mon, 10 Sep 2012 13:18:36 GMT</datecreated>
			<usercreated>Admin</usercreated>
			<flags>0</flags>
			<properties/>
			<relations/>
			<accesscontrol/>
		</file>
		<file>
			<source>system/modules/com.alkacon.opencms.v8.textblock/schemas/nested/attachment.xsd</source>
			<destination>system/modules/com.alkacon.opencms.v8.textblock/schemas/nested/attachment.xsd</destination>
			<type>plain</type>
			<uuidstructure>073f3500-fb4a-11e1-adb6-2fc8aa430640</uuidstructure>
			<uuidresource>073f3501-fb4a-11e1-adb6-2fc8aa430640</uuidresource>
			<datelastmodified>Mon, 10 Sep 2012 13:34:46 GMT</datelastmodified>
			<userlastmodified>Admin</userlastmodified>
			<datecreated>Mon, 10 Sep 2012 13:18:36 GMT</datecreated>
			<usercreated>Admin</usercreated>
			<flags>0</flags>
			<properties>
				<property>
					<name>Title</name>
					<value><![CDATA[Nested XSD for text block attachment]]></value>
				</property>
			</properties>
			<relations/>
			<accesscontrol/>
		</file>
		<file>
			<source>system/modules/com.alkacon.opencms.v8.textblock/schemas/nested/image.xsd</source>
			<destination>system/modules/com.alkacon.opencms.v8.textblock/schemas/nested/image.xsd</destination>
			<type>plain</type>
			<uuidstructure>0743eff3-fb4a-11e1-adb6-2fc8aa430640</uuidstructure>
			<uuidresource>0743eff4-fb4a-11e1-adb6-2fc8aa430640</uuidresource>
			<datelastmodified>Mon, 10 Sep 2012 13:33:06 GMT</datelastmodified>
			<userlastmodified>Admin</userlastmodified>
			<datecreated>Mon, 10 Sep 2012 13:18:36 GMT</datecreated>
			<usercreated>Admin</usercreated>
			<flags>0</flags>
			<properties>
				<property>
					<name>Title</name>
					<value><![CDATA[Nested XSD for text block image]]></value>
				</property>
			</properties>
			<relations/>
			<accesscontrol/>
		</file>
		<file>
			<source>system/modules/com.alkacon.opencms.v8.textblock/schemas/nested/link.xsd</source>
			<destination>system/modules/com.alkacon.opencms.v8.textblock/schemas/nested/link.xsd</destination>
			<type>plain</type>
			<uuidstructure>074660f6-fb4a-11e1-adb6-2fc8aa430640</uuidstructure>
			<uuidresource>074660f7-fb4a-11e1-adb6-2fc8aa430640</uuidresource>
			<datelastmodified>Mon, 10 Sep 2012 13:35:20 GMT</datelastmodified>
			<userlastmodified>Admin</userlastmodified>
			<datecreated>Mon, 10 Sep 2012 13:18:36 GMT</datecreated>
			<usercreated>Admin</usercreated>
			<flags>0</flags>
			<properties>
				<property>
					<name>Title</name>
					<value><![CDATA[Nested XSD for text block link]]></value>
				</property>
			</properties>
			<relations/>
			<accesscontrol/>
		</file>
		<file>
			<source>system/modules/com.alkacon.opencms.v8.textblock/schemas/nested/option.xsd</source>
			<destination>system/modules/com.alkacon.opencms.v8.textblock/schemas/nested/option.xsd</destination>
			<type>plain</type>
			<uuidstructure>074b1be9-fb4a-11e1-adb6-2fc8aa430640</uuidstructure>
			<uuidresource>074b1bea-fb4a-11e1-adb6-2fc8aa430640</uuidresource>
			<datelastmodified>Mon, 10 Sep 2012 13:34:03 GMT</datelastmodified>
			<userlastmodified>Admin</userlastmodified>
			<datecreated>Mon, 10 Sep 2012 13:18:36 GMT</datecreated>
			<usercreated>Admin</usercreated>
			<flags>0</flags>
			<properties>
				<property>
					<name>Title</name>
					<value><![CDATA[Nested XSD for text block option]]></value>
				</property>
			</properties>
			<relations/>
			<accesscontrol/>
		</file>
		<file>
			<source>system/modules/com.alkacon.opencms.v8.textblock/schemas/nested/paragraph.xsd</source>
			<destination>system/modules/com.alkacon.opencms.v8.textblock/schemas/nested/paragraph.xsd</destination>
			<type>plain</type>
			<uuidstructure>074ffdec-fb4a-11e1-adb6-2fc8aa430640</uuidstructure>
			<uuidresource>074ffded-fb4a-11e1-adb6-2fc8aa430640</uuidresource>
			<datelastmodified>Mon, 10 Sep 2012 13:35:36 GMT</datelastmodified>
			<userlastmodified>Admin</userlastmodified>
			<datecreated>Mon, 10 Sep 2012 13:18:36 GMT</datecreated>
			<usercreated>Admin</usercreated>
			<flags>0</flags>
			<properties>
				<property>
					<name>Title</name>
					<value><![CDATA[Nested XSD for text block paragraph]]></value>
				</property>
			</properties>
			<relations/>
			<accesscontrol/>
		</file>
		<file>
			<destination>system/workplace</destination>
			<type>folder</type>
			<uuidstructure>825afce2-11b7-11db-91cd-fdbae480bac9</uuidstructure>
			<datelastmodified>Mon, 27 Mar 2006 12:00:00 GMT</datelastmodified>
			<userlastmodified>Admin</userlastmodified>
			<datecreated>Mon, 27 Jun 2005 08:00:00 GMT</datecreated>
			<usercreated>Admin</usercreated>
			<flags>0</flags>
			<properties>
				<property>
					<name>content-encoding</name>
					<value><![CDATA[UTF-8]]></value>
				</property>
				<property>
					<name>export</name>
					<value><![CDATA[false]]></value>
				</property>
				<property>
					<name>login-form</name>
					<value><![CDATA[/system/login/index.html]]></value>
				</property>
			</properties>
			<relations/>
			<accesscontrol>
				<accessentry>
					<uuidprincipal>ALL_OTHERS</uuidprincipal>
					<flags>134</flags>
					<permissionset>
						<allowed>0</allowed>
						<denied>0</denied>
					</permissionset>
				</accessentry>
				<accessentry>
					<uuidprincipal>ROLE.WORKPLACE_USER</uuidprincipal>
					<flags>518</flags>
					<permissionset>
						<allowed>5</allowed>
						<denied>0</denied>
					</permissionset>
				</accessentry>
			</accesscontrol>
		</file>
		<file>
			<destination>system/workplace/resources</destination>
			<type>folder</type>
			<uuidstructure>82c16052-11b7-11db-91cd-fdbae480bac9</uuidstructure>
			<datelastmodified>Mon, 27 Mar 2006 12:00:00 GMT</datelastmodified>
			<userlastmodified>Admin</userlastmodified>
			<datecreated>Mon, 27 Jun 2005 08:00:00 GMT</datecreated>
			<usercreated>Admin</usercreated>
			<flags>0</flags>
			<properties/>
			<relations/>
			<accesscontrol/>
		</file>
		<file>
			<destination>system/workplace/resources/filetypes</destination>
			<type>folder</type>
			<uuidstructure>83ca1dcc-11b7-11db-91cd-fdbae480bac9</uuidstructure>
			<datelastmodified>Mon, 27 Mar 2006 12:00:00 GMT</datelastmodified>
			<userlastmodified>Admin</userlastmodified>
			<datecreated>Mon, 27 Jun 2005 08:00:00 GMT</datecreated>
			<usercreated>Admin</usercreated>
			<flags>0</flags>
			<properties/>
			<relations/>
			<accesscontrol/>
		</file>
		<file>
			<source>system/workplace/resources/filetypes/v8textblock.png</source>
			<destination>system/workplace/resources/filetypes/v8textblock.png</destination>
			<type>image</type>
			<uuidstructure>88bda8e5-fb4d-11e1-872e-2fc8aa430640</uuidstructure>
			<uuidresource>88bda8e6-fb4d-11e1-872e-2fc8aa430640</uuidresource>
			<datelastmodified>Mon, 10 Sep 2012 13:43:47 GMT</datelastmodified>
			<userlastmodified>Admin</userlastmodified>
			<datecreated>Mon, 10 Sep 2012 13:43:42 GMT</datecreated>
			<usercreated>Admin</usercreated>
			<flags>0</flags>
			<properties>
				<property type="shared">
					<name>image.size</name>
					<value><![CDATA[w:16,h:16]]></value>
				</property>
			</properties>
			<relations/>
			<accesscontrol/>
		</file>
		<file>
			<source>system/workplace/resources/filetypes/v8textblock_big.png</source>
			<destination>system/workplace/resources/filetypes/v8textblock_big.png</destination>
			<type>image</type>
			<uuidstructure>88d576a9-fb4d-11e1-872e-2fc8aa430640</uuidstructure>
			<uuidresource>88d576aa-fb4d-11e1-872e-2fc8aa430640</uuidresource>
			<datelastmodified>Mon, 10 Sep 2012 13:43:50 GMT</datelastmodified>
			<userlastmodified>Admin</userlastmodified>
			<datecreated>Mon, 10 Sep 2012 13:43:42 GMT</datecreated>
			<usercreated>Admin</usercreated>
			<flags>0</flags>
			<properties>
				<property type="shared">
					<name>image.size</name>
					<value><![CDATA[w:24,h:24]]></value>
				</property>
			</properties>
			<relations/>
			<accesscontrol/>
		</file>
	</files>
</export>
