<?xml version="1.0" encoding="UTF-8"?>
<export>
  <info>
    <creator>Admin</creator>
    <opencms_version>8.5.0</opencms_version>
    <createdate>Thu, 11 Mar 2010 15:38:07 GMT</createdate>
    <infoproject>Offline</infoproject>
    <export_version>7</export_version>
  </info>
  <module>
    <name>org.opencms.ade.galleries</name>
    <nicename><![CDATA[OpenCms 8 ADE Galleries]]></nicename>
    <group>OpenCms ADE</group>
    <class/>
    <description><![CDATA[<p>Gwt based gallery dialog for OpenCms 8<p>
<p><i>(c) 2013 by Alkacon Software GmbH (http://www.alkacon.com).</i></p>]]></description>
    <version>8.5.1</version>
    <authorname><![CDATA[Alkacon Software GmbH]]></authorname>
    <authoremail><![CDATA[info@alkacon.com]]></authoremail>
    <datecreated/>
    <userinstalled/>
    <dateinstalled/>
    <dependencies>
      <dependency name="org.opencms.ade.config" version="8.5.0"/>
      <dependency name="org.opencms.ade.upload" version="8.5.0"/>
    </dependencies>
    <exportpoints>
      <exportpoint uri="/system/modules/org.opencms.ade.galleries/resources/" destination="resources/ade/"/>
    </exportpoints>
    <resources>
      <resource uri="/system/modules/org.opencms.ade.galleries/"/>
      <resource uri="/system/workplace/commons/open_ade_gallery.jsp"/>
    </resources>
    <parameters>
      
    <param name="gwt.buildid">20130207</param>
</parameters>
  </module>
  <files>
    <file>
      <destination>system</destination>
      <type>folder</type>
      <uuidstructure>36de529b-2d1f-11df-a454-43be96c33985</uuidstructure>
      <datelastmodified>Thu, 11 Mar 2010 15:03:13 GMT</datelastmodified>
      <userlastmodified>Admin</userlastmodified>
      <datecreated>Thu, 11 Mar 2010 15:03:13 GMT</datecreated>
      <usercreated>Admin</usercreated>
      <flags>0</flags>
      <properties/>
      <relations/>
      <accesscontrol>
        <accessentry>
          <uuidprincipal>ROLE.WORKPLACE_USER</uuidprincipal>
          <flags>514</flags>
          <permissionset>
            <allowed>1</allowed>
            <denied>0</denied>
          </permissionset>
        </accessentry>
      </accesscontrol>
    </file>
    <file>
      <destination>system/modules</destination>
      <type>folder</type>
      <uuidstructure>377e1544-2d1f-11df-a454-43be96c33985</uuidstructure>
      <datelastmodified>Thu, 11 Mar 2010 15:03:14 GMT</datelastmodified>
      <userlastmodified>Admin</userlastmodified>
      <datecreated>Thu, 11 Mar 2010 15:03:14 GMT</datecreated>
      <usercreated>Admin</usercreated>
      <flags>0</flags>
      <properties/>
      <relations/>
      <accesscontrol>
        <accessentry>
          <uuidprincipal>ROLE.WORKPLACE_USER</uuidprincipal>
          <flags>514</flags>
          <permissionset>
            <allowed>5</allowed>
            <denied>0</denied>
          </permissionset>
        </accessentry>
      </accesscontrol>
    </file>
    <file>
      <destination>system/modules/org.opencms.ade.galleries</destination>
      <type>folder</type>
      <uuidstructure>b90ebbf5-2d23-11df-abdb-43be96c33985</uuidstructure>
      <datelastmodified>Thu, 11 Mar 2010 15:35:29 GMT</datelastmodified>
      <userlastmodified>Admin</userlastmodified>
      <datecreated>Thu, 11 Mar 2010 15:35:29 GMT</datecreated>
      <usercreated>Admin</usercreated>
      <flags>0</flags>
      <properties/>
      <relations/>
      <accesscontrol/>
    </file>
    <file>
      <source>system/modules/org.opencms.ade.galleries/gallery.jsp</source>
      <destination>system/modules/org.opencms.ade.galleries/gallery.jsp</destination>
      <type>jsp</type>
      <uuidstructure>01e0b3b9-2d24-11df-abdb-43be96c33985</uuidstructure>
      <uuidresource>01e0b3ba-2d24-11df-abdb-43be96c33985</uuidresource>
      <datelastmodified>Thu, 11 Mar 2010 15:37:31 GMT</datelastmodified>
      <userlastmodified>Admin</userlastmodified>
      <datecreated>Thu, 11 Mar 2010 15:37:31 GMT</datecreated>
      <usercreated>Admin</usercreated>
      <flags>0</flags>
      <properties>
        <property type="shared">
          <name>export</name>
          <value><![CDATA[false]]></value>
        </property>
      </properties>
      <relations/>
      <accesscontrol/>
    </file>
    <file>
      <destination>system/modules/org.opencms.ade.galleries/resources</destination>
      <type>folder</type>
      <uuidstructure>ecb7d4f7-2d23-11df-abdb-43be96c33985</uuidstructure>
      <datelastmodified>Thu, 11 Mar 2010 15:36:56 GMT</datelastmodified>
      <userlastmodified>Admin</userlastmodified>
      <datecreated>Thu, 11 Mar 2010 15:36:56 GMT</datecreated>
      <usercreated>Admin</usercreated>
      <flags>0</flags>
      <properties/>
      <relations/>
      <accesscontrol/>
    </file>
    <file>
      <destination>system/modules/org.opencms.ade.galleries/resources/galleries</destination>
      <type>folder</type>
      <uuidstructure>2c1ece75-719f-11e0-8a6a-cd21a79dc8d2</uuidstructure>
      <datelastmodified>Thu, 28 Apr 2011 13:55:27 GMT</datelastmodified>
      <userlastmodified>Admin</userlastmodified>
      <datecreated>Thu, 28 Apr 2011 13:55:27 GMT</datecreated>
      <usercreated>Admin</usercreated>
      <flags>0</flags>
      <properties/>
      <relations/>
      <accesscontrol/>
    </file>
    <file>
      <source>system/modules/org.opencms.ade.galleries/resources/galleries/0326AF455425F6065C00E0361659A798.cache.png</source>
      <destination>system/modules/org.opencms.ade.galleries/resources/galleries/0326AF455425F6065C00E0361659A798.cache.png</destination>
      <type>image</type>
      <uuidstructure>61322de7-0225-11e2-894a-d93aa7f5002a</uuidstructure>
      <uuidresource>61322de8-0225-11e2-894a-d93aa7f5002a</uuidresource>
      <datelastmodified>Wed, 19 Sep 2012 06:43:54 GMT</datelastmodified>
      <userlastmodified>Admin</userlastmodified>
      <datecreated>Wed, 19 Sep 2012 06:43:54 GMT</datecreated>
      <usercreated>Admin</usercreated>
      <flags>0</flags>
      <properties/>
      <relations/>
      <accesscontrol/>
    </file>
    <file>
      <source>system/modules/org.opencms.ade.galleries/resources/galleries/07B79EDA917A4EB940EFF2814B61B238.cache.png</source>
      <destination>system/modules/org.opencms.ade.galleries/resources/galleries/07B79EDA917A4EB940EFF2814B61B238.cache.png</destination>
      <type>image</type>
      <uuidstructure>133c39aa-76ef-11e0-be8e-919f96d1d073</uuidstructure>
      <uuidresource>133c39ab-76ef-11e0-be8e-919f96d1d073</uuidresource>
      <datelastmodified>Thu, 05 May 2011 08:10:01 GMT</datelastmodified>
      <userlastmodified>Admin</userlastmodified>
      <datecreated>Thu, 05 May 2011 08:10:01 GMT</datecreated>
      <usercreated>Admin</usercreated>
      <flags>0</flags>
      <properties/>
      <relations/>
      <accesscontrol/>
    </file>
    <file>
      <source>system/modules/org.opencms.ade.galleries/resources/galleries/0C2636863EBF1B7E60FACEDA96D6E448.cache.gif</source>
      <destination>system/modules/org.opencms.ade.galleries/resources/galleries/0C2636863EBF1B7E60FACEDA96D6E448.cache.gif</destination>
      <type>image</type>
      <uuidstructure>133eaaae-76ef-11e0-be8e-919f96d1d073</uuidstructure>
      <uuidresource>133eaaaf-76ef-11e0-be8e-919f96d1d073</uuidresource>
      <datelastmodified>Thu, 05 May 2011 08:10:01 GMT</datelastmodified>
      <userlastmodified>Admin</userlastmodified>
      <datecreated>Thu, 05 May 2011 08:10:01 GMT</datecreated>
      <usercreated>Admin</usercreated>
      <flags>0</flags>
      <properties/>
      <relations/>
      <accesscontrol/>
    </file>
    <file>
      <source>system/modules/org.opencms.ade.galleries/resources/galleries/0F89659FF3F324AE4116F700257E32BD.cache.gif</source>
      <destination>system/modules/org.opencms.ade.galleries/resources/galleries/0F89659FF3F324AE4116F700257E32BD.cache.gif</destination>
      <type>image</type>
      <uuidstructure>613477db-0225-11e2-894a-d93aa7f5002a</uuidstructure>
      <uuidresource>613477dc-0225-11e2-894a-d93aa7f5002a</uuidresource>
      <datelastmodified>Wed, 19 Sep 2012 06:43:54 GMT</datelastmodified>
      <userlastmodified>Admin</userlastmodified>
      <datecreated>Wed, 19 Sep 2012 06:43:54 GMT</datecreated>
      <usercreated>Admin</usercreated>
      <flags>0</flags>
      <properties/>
      <relations/>
      <accesscontrol/>
    </file>
    <file>
      <source>system/modules/org.opencms.ade.galleries/resources/galleries/124DCEE507CAB7576C003C7BAF0D9924.cache.png</source>
      <destination>system/modules/org.opencms.ade.galleries/resources/galleries/124DCEE507CAB7576C003C7BAF0D9924.cache.png</destination>
      <type>image</type>
      <uuidstructure>133eaab0-76ef-11e0-be8e-919f96d1d073</uuidstructure>
      <uuidresource>133eaab1-76ef-11e0-be8e-919f96d1d073</uuidresource>
      <datelastmodified>Thu, 05 May 2011 08:10:01 GMT</datelastmodified>
      <userlastmodified>Admin</userlastmodified>
      <datecreated>Thu, 05 May 2011 08:10:01 GMT</datecreated>
      <usercreated>Admin</usercreated>
      <flags>0</flags>
      <properties/>
      <relations/>
      <accesscontrol/>
    </file>
    <file>
      <source>system/modules/org.opencms.ade.galleries/resources/galleries/130216F44FAF2CA3A53FBD439D3CA97A.cache.png</source>
      <destination>system/modules/org.opencms.ade.galleries/resources/galleries/130216F44FAF2CA3A53FBD439D3CA97A.cache.png</destination>
      <type>image</type>
      <uuidstructure>133eaab2-76ef-11e0-be8e-919f96d1d073</uuidstructure>
      <uuidresource>133eaab3-76ef-11e0-be8e-919f96d1d073</uuidresource>
      <datelastmodified>Thu, 05 May 2011 08:10:01 GMT</datelastmodified>
      <userlastmodified>Admin</userlastmodified>
      <datecreated>Thu, 05 May 2011 08:10:01 GMT</datecreated>
      <usercreated>Admin</usercreated>
      <flags>0</flags>
      <properties/>
      <relations/>
      <accesscontrol/>
    </file>
    <file>
      <source>system/modules/org.opencms.ade.galleries/resources/galleries/13D2931874E71D07F248A0CDF051CC85.cache.png</source>
      <destination>system/modules/org.opencms.ade.galleries/resources/galleries/13D2931874E71D07F248A0CDF051CC85.cache.png</destination>
      <type>image</type>
      <uuidstructure>613477dd-0225-11e2-894a-d93aa7f5002a</uuidstructure>
      <uuidresource>613477de-0225-11e2-894a-d93aa7f5002a</uuidresource>
      <datelastmodified>Wed, 19 Sep 2012 06:43:54 GMT</datelastmodified>
      <userlastmodified>Admin</userlastmodified>
      <datecreated>Wed, 19 Sep 2012 06:43:54 GMT</datecreated>
      <usercreated>Admin</usercreated>
      <flags>0</flags>
      <properties/>
      <relations/>
      <accesscontrol/>
    </file>
    <file>
      <source>system/modules/org.opencms.ade.galleries/resources/galleries/157263C9722C7F5A5AD963F6B5594F87.cache.png</source>
      <destination>system/modules/org.opencms.ade.galleries/resources/galleries/157263C9722C7F5A5AD963F6B5594F87.cache.png</destination>
      <type>image</type>
      <uuidstructure>1340f4a6-76ef-11e0-be8e-919f96d1d073</uuidstructure>
      <uuidresource>1340f4a7-76ef-11e0-be8e-919f96d1d073</uuidresource>
      <datelastmodified>Thu, 05 May 2011 08:10:01 GMT</datelastmodified>
      <userlastmodified>Admin</userlastmodified>
      <datecreated>Thu, 05 May 2011 08:10:01 GMT</datecreated>
      <usercreated>Admin</usercreated>
      <flags>0</flags>
      <properties/>
      <relations/>
      <accesscontrol/>
    </file>
    <file>
      <source>system/modules/org.opencms.ade.galleries/resources/galleries/1BA570A78005D17EB033A5D959952436.cache.gif</source>
      <destination>system/modules/org.opencms.ade.galleries/resources/galleries/1BA570A78005D17EB033A5D959952436.cache.gif</destination>
      <type>image</type>
      <uuidstructure>134365aa-76ef-11e0-be8e-919f96d1d073</uuidstructure>
      <uuidresource>134365ab-76ef-11e0-be8e-919f96d1d073</uuidresource>
      <datelastmodified>Thu, 05 May 2011 08:10:01 GMT</datelastmodified>
      <userlastmodified>Admin</userlastmodified>
      <datecreated>Thu, 05 May 2011 08:10:01 GMT</datecreated>
      <usercreated>Admin</usercreated>
      <flags>0</flags>
      <properties/>
      <relations/>
      <accesscontrol/>
    </file>
    <file>
      <source>system/modules/org.opencms.ade.galleries/resources/galleries/1D0A264C2E6019D983DD72D1EE01457E.cache.png</source>
      <destination>system/modules/org.opencms.ade.galleries/resources/galleries/1D0A264C2E6019D983DD72D1EE01457E.cache.png</destination>
      <type>image</type>
      <uuidstructure>134365ac-76ef-11e0-be8e-919f96d1d073</uuidstructure>
      <uuidresource>134365ad-76ef-11e0-be8e-919f96d1d073</uuidresource>
      <datelastmodified>Thu, 05 May 2011 08:10:01 GMT</datelastmodified>
      <userlastmodified>Admin</userlastmodified>
      <datecreated>Thu, 05 May 2011 08:10:01 GMT</datecreated>
      <usercreated>Admin</usercreated>
      <flags>0</flags>
      <properties/>
      <relations/>
      <accesscontrol/>
    </file>
    <file>
      <source>system/modules/org.opencms.ade.galleries/resources/galleries/21998B27314C5C5FC843A89E07E05FCF.cache.png</source>
      <destination>system/modules/org.opencms.ade.galleries/resources/galleries/21998B27314C5C5FC843A89E07E05FCF.cache.png</destination>
      <type>image</type>
      <uuidstructure>1345d6ae-76ef-11e0-be8e-919f96d1d073</uuidstructure>
      <uuidresource>1345d6af-76ef-11e0-be8e-919f96d1d073</uuidresource>
      <datelastmodified>Thu, 05 May 2011 08:10:01 GMT</datelastmodified>
      <userlastmodified>Admin</userlastmodified>
      <datecreated>Thu, 05 May 2011 08:10:01 GMT</datecreated>
      <usercreated>Admin</usercreated>
      <flags>0</flags>
      <properties/>
      <relations/>
      <accesscontrol/>
    </file>
    <file>
      <source>system/modules/org.opencms.ade.galleries/resources/galleries/223E04DC70F69BC559571D1C0E0667E5.cache.png</source>
      <destination>system/modules/org.opencms.ade.galleries/resources/galleries/223E04DC70F69BC559571D1C0E0667E5.cache.png</destination>
      <type>image</type>
      <uuidstructure>6136e8e1-0225-11e2-894a-d93aa7f5002a</uuidstructure>
      <uuidresource>6136e8e2-0225-11e2-894a-d93aa7f5002a</uuidresource>
      <datelastmodified>Wed, 19 Sep 2012 06:43:54 GMT</datelastmodified>
      <userlastmodified>Admin</userlastmodified>
      <datecreated>Wed, 19 Sep 2012 06:43:54 GMT</datecreated>
      <usercreated>Admin</usercreated>
      <flags>0</flags>
      <properties/>
      <relations/>
      <accesscontrol/>
    </file>
    <file>
      <source>system/modules/org.opencms.ade.galleries/resources/galleries/EA664946D3B44C83C416FEE1FA660F5F.cache.html</source>
      <destination>system/modules/org.opencms.ade.galleries/resources/galleries/EA664946D3B44C83C416FEE1FA660F5F.cache.html</destination>
      <type>plain</type>
      <uuidstructure>c7314899-710f-11e2-8744-8324bff4f684</uuidstructure>
      <uuidresource>c731e4da-710f-11e2-8744-8324bff4f684</uuidresource>
      <datelastmodified>Thu, 07 Feb 2013 10:18:55 GMT</datelastmodified>
      <userlastmodified>Admin</userlastmodified>
      <datecreated>Thu, 07 Feb 2013 10:18:55 GMT</datecreated>
      <usercreated>Admin</usercreated>
      <flags>0</flags>
      <properties/>
      <relations/>
      <accesscontrol/>
    </file>
    <file>
      <source>system/modules/org.opencms.ade.galleries/resources/galleries/2504A645642997C1DF7023CD97BFE880.cache.gif</source>
      <destination>system/modules/org.opencms.ade.galleries/resources/galleries/2504A645642997C1DF7023CD97BFE880.cache.gif</destination>
      <type>image</type>
      <uuidstructure>1345d6b0-76ef-11e0-be8e-919f96d1d073</uuidstructure>
      <uuidresource>1345d6b1-76ef-11e0-be8e-919f96d1d073</uuidresource>
      <datelastmodified>Thu, 05 May 2011 08:10:01 GMT</datelastmodified>
      <userlastmodified>Admin</userlastmodified>
      <datecreated>Thu, 05 May 2011 08:10:01 GMT</datecreated>
      <usercreated>Admin</usercreated>
      <flags>0</flags>
      <properties/>
      <relations/>
      <accesscontrol/>
    </file>
    <file>
      <source>system/modules/org.opencms.ade.galleries/resources/galleries/28876666747FD7CF017B39F122F45BFC.cache.png</source>
      <destination>system/modules/org.opencms.ade.galleries/resources/galleries/28876666747FD7CF017B39F122F45BFC.cache.png</destination>
      <type>image</type>
      <uuidstructure>1345d6b2-76ef-11e0-be8e-919f96d1d073</uuidstructure>
      <uuidresource>1345d6b3-76ef-11e0-be8e-919f96d1d073</uuidresource>
      <datelastmodified>Thu, 05 May 2011 08:10:01 GMT</datelastmodified>
      <userlastmodified>Admin</userlastmodified>
      <datecreated>Thu, 05 May 2011 08:10:01 GMT</datecreated>
      <usercreated>Admin</usercreated>
      <flags>0</flags>
      <properties/>
      <relations/>
      <accesscontrol/>
    </file>
    <file>
      <source>system/modules/org.opencms.ade.galleries/resources/galleries/28900C5A986D9BEE9FC75B51403369F9.cache.png</source>
      <destination>system/modules/org.opencms.ade.galleries/resources/galleries/28900C5A986D9BEE9FC75B51403369F9.cache.png</destination>
      <type>image</type>
      <uuidstructure>1345d6b4-76ef-11e0-be8e-919f96d1d073</uuidstructure>
      <uuidresource>1345d6b5-76ef-11e0-be8e-919f96d1d073</uuidresource>
      <datelastmodified>Thu, 05 May 2011 08:10:01 GMT</datelastmodified>
      <userlastmodified>Admin</userlastmodified>
      <datecreated>Thu, 05 May 2011 08:10:01 GMT</datecreated>
      <usercreated>Admin</usercreated>
      <flags>0</flags>
      <properties/>
      <relations/>
      <accesscontrol/>
    </file>
    <file>
      <source>system/modules/org.opencms.ade.galleries/resources/galleries/2D5DCEC84E5ECEEC13AE608620DDA715.cache.png</source>
      <destination>system/modules/org.opencms.ade.galleries/resources/galleries/2D5DCEC84E5ECEEC13AE608620DDA715.cache.png</destination>
      <type>image</type>
      <uuidstructure>134820a8-76ef-11e0-be8e-919f96d1d073</uuidstructure>
      <uuidresource>134820a9-76ef-11e0-be8e-919f96d1d073</uuidresource>
      <datelastmodified>Thu, 05 May 2011 08:10:01 GMT</datelastmodified>
      <userlastmodified>Admin</userlastmodified>
      <datecreated>Thu, 05 May 2011 08:10:01 GMT</datecreated>
      <usercreated>Admin</usercreated>
      <flags>0</flags>
      <properties/>
      <relations/>
      <accesscontrol/>
    </file>
    <file>
      <source>system/modules/org.opencms.ade.galleries/resources/galleries/2DEFE4429494EC4398B219CEADD32C22.cache.png</source>
      <destination>system/modules/org.opencms.ade.galleries/resources/galleries/2DEFE4429494EC4398B219CEADD32C22.cache.png</destination>
      <type>image</type>
      <uuidstructure>134a91aa-76ef-11e0-be8e-919f96d1d073</uuidstructure>
      <uuidresource>134a91ab-76ef-11e0-be8e-919f96d1d073</uuidresource>
      <datelastmodified>Thu, 05 May 2011 08:10:01 GMT</datelastmodified>
      <userlastmodified>Admin</userlastmodified>
      <datecreated>Thu, 05 May 2011 08:10:01 GMT</datecreated>
      <usercreated>Admin</usercreated>
      <flags>0</flags>
      <properties/>
      <relations/>
      <accesscontrol/>
    </file>
    <file>
      <source>system/modules/org.opencms.ade.galleries/resources/galleries/34DF72E9BC55C50215EC758739B146FB.gwt.rpc</source>
      <destination>system/modules/org.opencms.ade.galleries/resources/galleries/34DF72E9BC55C50215EC758739B146FB.gwt.rpc</destination>
      <type>plain</type>
      <uuidstructure>20136dbd-28d7-11e2-b03f-9316b28cdbb9</uuidstructure>
      <uuidresource>20136dbe-28d7-11e2-b03f-9316b28cdbb9</uuidresource>
      <datelastmodified>Wed, 07 Nov 2012 12:31:59 GMT</datelastmodified>
      <userlastmodified>Admin</userlastmodified>
      <datecreated>Wed, 07 Nov 2012 12:31:59 GMT</datecreated>
      <usercreated>Admin</usercreated>
      <flags>0</flags>
      <properties/>
      <relations/>
      <accesscontrol/>
    </file>
    <file>
      <source>system/modules/org.opencms.ade.galleries/resources/galleries/3E13412DD77AE068AAF96B6978824A75.cache.png</source>
      <destination>system/modules/org.opencms.ade.galleries/resources/galleries/3E13412DD77AE068AAF96B6978824A75.cache.png</destination>
      <type>image</type>
      <uuidstructure>6136e8e5-0225-11e2-894a-d93aa7f5002a</uuidstructure>
      <uuidresource>6136e8e6-0225-11e2-894a-d93aa7f5002a</uuidresource>
      <datelastmodified>Wed, 19 Sep 2012 06:43:54 GMT</datelastmodified>
      <userlastmodified>Admin</userlastmodified>
      <datecreated>Wed, 19 Sep 2012 06:43:54 GMT</datecreated>
      <usercreated>Admin</usercreated>
      <flags>0</flags>
      <properties/>
      <relations/>
      <accesscontrol/>
    </file>
    <file>
      <source>system/modules/org.opencms.ade.galleries/resources/galleries/3E1B3C4D2B52FD7957DA6E43F8D5D4C9.cache.png</source>
      <destination>system/modules/org.opencms.ade.galleries/resources/galleries/3E1B3C4D2B52FD7957DA6E43F8D5D4C9.cache.png</destination>
      <type>image</type>
      <uuidstructure>0efe25f5-0ac4-11e1-bbd6-59b57c56cb9f</uuidstructure>
      <uuidresource>0efe25f6-0ac4-11e1-bbd6-59b57c56cb9f</uuidresource>
      <datelastmodified>Wed, 09 Nov 2011 11:14:57 GMT</datelastmodified>
      <userlastmodified>Admin</userlastmodified>
      <datecreated>Wed, 09 Nov 2011 11:14:57 GMT</datecreated>
      <usercreated>Admin</usercreated>
      <flags>0</flags>
      <properties/>
      <relations/>
      <accesscontrol/>
    </file>
    <file>
      <source>system/modules/org.opencms.ade.galleries/resources/galleries/4ED1C0B9BE23F2D66FC198C0FD3527D2.cache.png</source>
      <destination>system/modules/org.opencms.ade.galleries/resources/galleries/4ED1C0B9BE23F2D66FC198C0FD3527D2.cache.png</destination>
      <type>image</type>
      <uuidstructure>613959e9-0225-11e2-894a-d93aa7f5002a</uuidstructure>
      <uuidresource>613959ea-0225-11e2-894a-d93aa7f5002a</uuidresource>
      <datelastmodified>Wed, 19 Sep 2012 06:43:54 GMT</datelastmodified>
      <userlastmodified>Admin</userlastmodified>
      <datecreated>Wed, 19 Sep 2012 06:43:54 GMT</datecreated>
      <usercreated>Admin</usercreated>
      <flags>0</flags>
      <properties/>
      <relations/>
      <accesscontrol/>
    </file>
    <file>
      <source>system/modules/org.opencms.ade.galleries/resources/galleries/5134B68A54EF0AA02D7490A45E37C5B4.gwt.rpc</source>
      <destination>system/modules/org.opencms.ade.galleries/resources/galleries/5134B68A54EF0AA02D7490A45E37C5B4.gwt.rpc</destination>
      <type>plain</type>
      <uuidstructure>20184fc3-28d7-11e2-b03f-9316b28cdbb9</uuidstructure>
      <uuidresource>20184fc4-28d7-11e2-b03f-9316b28cdbb9</uuidresource>
      <datelastmodified>Wed, 07 Nov 2012 12:31:59 GMT</datelastmodified>
      <userlastmodified>Admin</userlastmodified>
      <datecreated>Wed, 07 Nov 2012 12:31:59 GMT</datecreated>
      <usercreated>Admin</usercreated>
      <flags>0</flags>
      <properties/>
      <relations/>
      <accesscontrol/>
    </file>
    <file>
      <source>system/modules/org.opencms.ade.galleries/resources/galleries/528F1389CBD23A696B89EF4D65007A96.cache.png</source>
      <destination>system/modules/org.opencms.ade.galleries/resources/galleries/528F1389CBD23A696B89EF4D65007A96.cache.png</destination>
      <type>image</type>
      <uuidstructure>134d01b2-76ef-11e0-be8e-919f96d1d073</uuidstructure>
      <uuidresource>134d01b3-76ef-11e0-be8e-919f96d1d073</uuidresource>
      <datelastmodified>Thu, 05 May 2011 08:10:01 GMT</datelastmodified>
      <userlastmodified>Admin</userlastmodified>
      <datecreated>Thu, 05 May 2011 08:10:01 GMT</datecreated>
      <usercreated>Admin</usercreated>
      <flags>0</flags>
      <properties/>
      <relations/>
      <accesscontrol/>
    </file>
    <file>
      <source>system/modules/org.opencms.ade.galleries/resources/galleries/55E6EF5AA7ECB5C3456D0C233F3D34A1.cache.png</source>
      <destination>system/modules/org.opencms.ade.galleries/resources/galleries/55E6EF5AA7ECB5C3456D0C233F3D34A1.cache.png</destination>
      <type>image</type>
      <uuidstructure>134d01b4-76ef-11e0-be8e-919f96d1d073</uuidstructure>
      <uuidresource>134d01b5-76ef-11e0-be8e-919f96d1d073</uuidresource>
      <datelastmodified>Thu, 05 May 2011 08:10:01 GMT</datelastmodified>
      <userlastmodified>Admin</userlastmodified>
      <datecreated>Thu, 05 May 2011 08:10:01 GMT</datecreated>
      <usercreated>Admin</usercreated>
      <flags>0</flags>
      <properties/>
      <relations/>
      <accesscontrol/>
    </file>
    <file>
      <source>system/modules/org.opencms.ade.galleries/resources/galleries/588C4DA28DB8FF451F98C17E3DB78A1B.cache.gif</source>
      <destination>system/modules/org.opencms.ade.galleries/resources/galleries/588C4DA28DB8FF451F98C17E3DB78A1B.cache.gif</destination>
      <type>image</type>
      <uuidstructure>20184fc5-28d7-11e2-b03f-9316b28cdbb9</uuidstructure>
      <uuidresource>201a99b6-28d7-11e2-b03f-9316b28cdbb9</uuidresource>
      <datelastmodified>Wed, 07 Nov 2012 12:31:59 GMT</datelastmodified>
      <userlastmodified>Admin</userlastmodified>
      <datecreated>Wed, 07 Nov 2012 12:31:59 GMT</datecreated>
      <usercreated>Admin</usercreated>
      <flags>0</flags>
      <properties/>
      <relations/>
      <accesscontrol/>
    </file>
    <file>
      <source>system/modules/org.opencms.ade.galleries/resources/galleries/607C234F8298753CFE48C010F4F5B7C2.cache.png</source>
      <destination>system/modules/org.opencms.ade.galleries/resources/galleries/607C234F8298753CFE48C010F4F5B7C2.cache.png</destination>
      <type>image</type>
      <uuidstructure>134f4ba6-76ef-11e0-be8e-919f96d1d073</uuidstructure>
      <uuidresource>134f4ba7-76ef-11e0-be8e-919f96d1d073</uuidresource>
      <datelastmodified>Thu, 05 May 2011 08:10:01 GMT</datelastmodified>
      <userlastmodified>Admin</userlastmodified>
      <datecreated>Thu, 05 May 2011 08:10:01 GMT</datecreated>
      <usercreated>Admin</usercreated>
      <flags>0</flags>
      <properties/>
      <relations/>
      <accesscontrol/>
    </file>
    <file>
      <source>system/modules/org.opencms.ade.galleries/resources/galleries/614A8351A28C0A4378525F849533D3FF.gwt.rpc</source>
      <destination>system/modules/org.opencms.ade.galleries/resources/galleries/614A8351A28C0A4378525F849533D3FF.gwt.rpc</destination>
      <type>plain</type>
      <uuidstructure>227d240b-926a-11e0-b771-6ddabb6d145d</uuidstructure>
      <uuidresource>227d240c-926a-11e0-b771-6ddabb6d145d</uuidresource>
      <datelastmodified>Thu, 09 Jun 2011 07:28:56 GMT</datelastmodified>
      <userlastmodified>Admin</userlastmodified>
      <datecreated>Thu, 09 Jun 2011 07:28:56 GMT</datecreated>
      <usercreated>Admin</usercreated>
      <flags>0</flags>
      <properties/>
      <relations/>
      <accesscontrol/>
    </file>
    <file>
      <source>system/modules/org.opencms.ade.galleries/resources/galleries/67F03376FF6E2527B53E363D94D0F88C.cache.png</source>
      <destination>system/modules/org.opencms.ade.galleries/resources/galleries/67F03376FF6E2527B53E363D94D0F88C.cache.png</destination>
      <type>image</type>
      <uuidstructure>134f4baa-76ef-11e0-be8e-919f96d1d073</uuidstructure>
      <uuidresource>134f4bab-76ef-11e0-be8e-919f96d1d073</uuidresource>
      <datelastmodified>Thu, 05 May 2011 08:10:01 GMT</datelastmodified>
      <userlastmodified>Admin</userlastmodified>
      <datecreated>Thu, 05 May 2011 08:10:01 GMT</datecreated>
      <usercreated>Admin</usercreated>
      <flags>0</flags>
      <properties/>
      <relations/>
      <accesscontrol/>
    </file>
    <file>
      <source>system/modules/org.opencms.ade.galleries/resources/galleries/621E7AECB85215D9A5E912779DC2E099.cache.html</source>
      <destination>system/modules/org.opencms.ade.galleries/resources/galleries/621E7AECB85215D9A5E912779DC2E099.cache.html</destination>
      <type>plain</type>
      <uuidstructure>c7730c8f-710f-11e2-8744-8324bff4f684</uuidstructure>
      <uuidresource>c77333a0-710f-11e2-8744-8324bff4f684</uuidresource>
      <datelastmodified>Thu, 07 Feb 2013 10:18:55 GMT</datelastmodified>
      <userlastmodified>Admin</userlastmodified>
      <datecreated>Thu, 07 Feb 2013 10:18:55 GMT</datecreated>
      <usercreated>Admin</usercreated>
      <flags>0</flags>
      <properties/>
      <relations/>
      <accesscontrol/>
    </file>
    <file>
      <source>system/modules/org.opencms.ade.galleries/resources/galleries/68007ADE137131ED0FF40540F74FEF7C.cache.png</source>
      <destination>system/modules/org.opencms.ade.galleries/resources/galleries/68007ADE137131ED0FF40540F74FEF7C.cache.png</destination>
      <type>image</type>
      <uuidstructure>78f2aeb5-2fc1-11e2-9fa1-b33f9d57d633</uuidstructure>
      <uuidresource>78f2aeb6-2fc1-11e2-9fa1-b33f9d57d633</uuidresource>
      <datelastmodified>Fri, 16 Nov 2012 07:44:37 GMT</datelastmodified>
      <userlastmodified>Admin</userlastmodified>
      <datecreated>Fri, 16 Nov 2012 07:44:37 GMT</datecreated>
      <usercreated>Admin</usercreated>
      <flags>0</flags>
      <properties/>
      <relations/>
      <accesscontrol/>
    </file>
    <file>
      <destination>system/modules/org.opencms.ade.galleries/resources/galleries/6C2B5BDF0A7B5F0A11DB17A1F8A75A56.cache.ico</destination>
      <type>folder</type>
      <uuidstructure>201a99b9-28d7-11e2-b03f-9316b28cdbb9</uuidstructure>
      <uuidresource>201a99ba-28d7-11e2-b03f-9316b28cdbb9</uuidresource>
      <datelastmodified>Wed, 07 Nov 2012 12:31:59 GMT</datelastmodified>
      <userlastmodified>Admin</userlastmodified>
      <datecreated>Wed, 07 Nov 2012 12:31:59 GMT</datecreated>
      <usercreated>Admin</usercreated>
      <flags>0</flags>
      <properties/>
      <relations/>
      <accesscontrol/>
    </file>
    <file>
      <source>system/modules/org.opencms.ade.galleries/resources/galleries/6D49AA540BF48A6BC5BB40598BB369C1.cache.png</source>
      <destination>system/modules/org.opencms.ade.galleries/resources/galleries/6D49AA540BF48A6BC5BB40598BB369C1.cache.png</destination>
      <type>image</type>
      <uuidstructure>1351bcac-76ef-11e0-be8e-919f96d1d073</uuidstructure>
      <uuidresource>1351bcad-76ef-11e0-be8e-919f96d1d073</uuidresource>
      <datelastmodified>Thu, 05 May 2011 08:10:01 GMT</datelastmodified>
      <userlastmodified>Admin</userlastmodified>
      <datecreated>Thu, 05 May 2011 08:10:01 GMT</datecreated>
      <usercreated>Admin</usercreated>
      <flags>0</flags>
      <properties/>
      <relations/>
      <accesscontrol/>
    </file>
    <file>
      <source>system/modules/org.opencms.ade.galleries/resources/galleries/7E76FDCA9138C1F6988CF904B0281C64.cache.gif</source>
      <destination>system/modules/org.opencms.ade.galleries/resources/galleries/7E76FDCA9138C1F6988CF904B0281C64.cache.gif</destination>
      <type>image</type>
      <uuidstructure>1351bcae-76ef-11e0-be8e-919f96d1d073</uuidstructure>
      <uuidresource>1351bcaf-76ef-11e0-be8e-919f96d1d073</uuidresource>
      <datelastmodified>Thu, 05 May 2011 08:10:01 GMT</datelastmodified>
      <userlastmodified>Admin</userlastmodified>
      <datecreated>Thu, 05 May 2011 08:10:01 GMT</datecreated>
      <usercreated>Admin</usercreated>
      <flags>0</flags>
      <properties/>
      <relations/>
      <accesscontrol/>
    </file>
    <file>
      <source>system/modules/org.opencms.ade.galleries/resources/galleries/806F8EE738687B189D7F262612700F41.cache.gif</source>
      <destination>system/modules/org.opencms.ade.galleries/resources/galleries/806F8EE738687B189D7F262612700F41.cache.gif</destination>
      <type>image</type>
      <uuidstructure>613ba3e1-0225-11e2-894a-d93aa7f5002a</uuidstructure>
      <uuidresource>613ba3e2-0225-11e2-894a-d93aa7f5002a</uuidresource>
      <datelastmodified>Wed, 19 Sep 2012 06:43:54 GMT</datelastmodified>
      <userlastmodified>Admin</userlastmodified>
      <datecreated>Wed, 19 Sep 2012 06:43:54 GMT</datecreated>
      <usercreated>Admin</usercreated>
      <flags>0</flags>
      <properties/>
      <relations/>
      <accesscontrol/>
    </file>
    <file>
      <source>system/modules/org.opencms.ade.galleries/resources/galleries/8AA3C50791DF9AA6DC608FDE692C9390.cache.gif</source>
      <destination>system/modules/org.opencms.ade.galleries/resources/galleries/8AA3C50791DF9AA6DC608FDE692C9390.cache.gif</destination>
      <type>image</type>
      <uuidstructure>135406a2-76ef-11e0-be8e-919f96d1d073</uuidstructure>
      <uuidresource>135406a3-76ef-11e0-be8e-919f96d1d073</uuidresource>
      <datelastmodified>Thu, 05 May 2011 08:10:01 GMT</datelastmodified>
      <userlastmodified>Admin</userlastmodified>
      <datecreated>Thu, 05 May 2011 08:10:01 GMT</datecreated>
      <usercreated>Admin</usercreated>
      <flags>0</flags>
      <properties/>
      <relations/>
      <accesscontrol/>
    </file>
    <file>
      <source>system/modules/org.opencms.ade.galleries/resources/galleries/8FBDBF2C058ACA8C7B7681D8E5194E8B.cache.png</source>
      <destination>system/modules/org.opencms.ade.galleries/resources/galleries/8FBDBF2C058ACA8C7B7681D8E5194E8B.cache.png</destination>
      <type>image</type>
      <uuidstructure>135406a4-76ef-11e0-be8e-919f96d1d073</uuidstructure>
      <uuidresource>135406a5-76ef-11e0-be8e-919f96d1d073</uuidresource>
      <datelastmodified>Thu, 05 May 2011 08:10:01 GMT</datelastmodified>
      <userlastmodified>Admin</userlastmodified>
      <datecreated>Thu, 05 May 2011 08:10:01 GMT</datecreated>
      <usercreated>Admin</usercreated>
      <flags>0</flags>
      <properties/>
      <relations/>
      <accesscontrol/>
    </file>
    <file>
      <source>system/modules/org.opencms.ade.galleries/resources/galleries/90583D1788B44DDC496D964A8FC3C94F.cache.png</source>
      <destination>system/modules/org.opencms.ade.galleries/resources/galleries/90583D1788B44DDC496D964A8FC3C94F.cache.png</destination>
      <type>image</type>
      <uuidstructure>135677a6-76ef-11e0-be8e-919f96d1d073</uuidstructure>
      <uuidresource>135677a7-76ef-11e0-be8e-919f96d1d073</uuidresource>
      <datelastmodified>Thu, 05 May 2011 08:10:01 GMT</datelastmodified>
      <userlastmodified>Admin</userlastmodified>
      <datecreated>Thu, 05 May 2011 08:10:01 GMT</datecreated>
      <usercreated>Admin</usercreated>
      <flags>0</flags>
      <properties/>
      <relations/>
      <accesscontrol/>
    </file>
    <file>
      <source>system/modules/org.opencms.ade.galleries/resources/galleries/9B56DF4CD68CC5BCB6821A8DE7E4830C.cache.gif</source>
      <destination>system/modules/org.opencms.ade.galleries/resources/galleries/9B56DF4CD68CC5BCB6821A8DE7E4830C.cache.gif</destination>
      <type>image</type>
      <uuidstructure>135677a8-76ef-11e0-be8e-919f96d1d073</uuidstructure>
      <uuidresource>135677a9-76ef-11e0-be8e-919f96d1d073</uuidresource>
      <datelastmodified>Thu, 05 May 2011 08:10:01 GMT</datelastmodified>
      <userlastmodified>Admin</userlastmodified>
      <datecreated>Thu, 05 May 2011 08:10:01 GMT</datecreated>
      <usercreated>Admin</usercreated>
      <flags>0</flags>
      <properties/>
      <relations/>
      <accesscontrol/>
    </file>
    <file>
      <source>system/modules/org.opencms.ade.galleries/resources/galleries/9C084B18DE6C5D4F831AAA6137CBD5BF.gwt.rpc</source>
      <destination>system/modules/org.opencms.ade.galleries/resources/galleries/9C084B18DE6C5D4F831AAA6137CBD5BF.gwt.rpc</destination>
      <type>plain</type>
      <uuidstructure>613e14e3-0225-11e2-894a-d93aa7f5002a</uuidstructure>
      <uuidresource>613e14e4-0225-11e2-894a-d93aa7f5002a</uuidresource>
      <datelastmodified>Wed, 19 Sep 2012 06:43:54 GMT</datelastmodified>
      <userlastmodified>Admin</userlastmodified>
      <datecreated>Wed, 19 Sep 2012 06:43:54 GMT</datecreated>
      <usercreated>Admin</usercreated>
      <flags>0</flags>
      <properties/>
      <relations/>
      <accesscontrol/>
    </file>
    <file>
      <source>system/modules/org.opencms.ade.galleries/resources/galleries/A3E30CCBF7AFC58EDCC069857295C9EA.cache.png</source>
      <destination>system/modules/org.opencms.ade.galleries/resources/galleries/A3E30CCBF7AFC58EDCC069857295C9EA.cache.png</destination>
      <type>image</type>
      <uuidstructure>1358e8ac-76ef-11e0-be8e-919f96d1d073</uuidstructure>
      <uuidresource>1358e8ad-76ef-11e0-be8e-919f96d1d073</uuidresource>
      <datelastmodified>Thu, 05 May 2011 08:10:01 GMT</datelastmodified>
      <userlastmodified>Admin</userlastmodified>
      <datecreated>Thu, 05 May 2011 08:10:01 GMT</datecreated>
      <usercreated>Admin</usercreated>
      <flags>0</flags>
      <properties/>
      <relations/>
      <accesscontrol/>
    </file>
    <file>
      <source>system/modules/org.opencms.ade.galleries/resources/galleries/BD712F3FA3AA1B7E7077956853F8FFF5.cache.html</source>
      <destination>system/modules/org.opencms.ade.galleries/resources/galleries/BD712F3FA3AA1B7E7077956853F8FFF5.cache.html</destination>
      <type>plain</type>
      <uuidstructure>c7493d6b-710f-11e2-8744-8324bff4f684</uuidstructure>
      <uuidresource>c74b393c-710f-11e2-8744-8324bff4f684</uuidresource>
      <datelastmodified>Thu, 07 Feb 2013 10:18:55 GMT</datelastmodified>
      <userlastmodified>Admin</userlastmodified>
      <datecreated>Thu, 07 Feb 2013 10:18:55 GMT</datecreated>
      <usercreated>Admin</usercreated>
      <flags>0</flags>
      <properties/>
      <relations/>
      <accesscontrol/>
    </file>
    <file>
      <source>system/modules/org.opencms.ade.galleries/resources/galleries/A561A3D036C6711C97A1ACB01B3E9688.cache.png</source>
      <destination>system/modules/org.opencms.ade.galleries/resources/galleries/A561A3D036C6711C97A1ACB01B3E9688.cache.png</destination>
      <type>image</type>
      <uuidstructure>135da3a0-76ef-11e0-be8e-919f96d1d073</uuidstructure>
      <uuidresource>135da3a1-76ef-11e0-be8e-919f96d1d073</uuidresource>
      <datelastmodified>Thu, 05 May 2011 08:10:01 GMT</datelastmodified>
      <userlastmodified>Admin</userlastmodified>
      <datecreated>Thu, 05 May 2011 08:10:01 GMT</datecreated>
      <usercreated>Admin</usercreated>
      <flags>0</flags>
      <properties/>
      <relations/>
      <accesscontrol/>
    </file>
    <file>
      <source>system/modules/org.opencms.ade.galleries/resources/galleries/AB193F88C59FE43073B7E3554AE1E4E1.cache.png</source>
      <destination>system/modules/org.opencms.ade.galleries/resources/galleries/AB193F88C59FE43073B7E3554AE1E4E1.cache.png</destination>
      <type>image</type>
      <uuidstructure>135da3a2-76ef-11e0-be8e-919f96d1d073</uuidstructure>
      <uuidresource>135da3a3-76ef-11e0-be8e-919f96d1d073</uuidresource>
      <datelastmodified>Thu, 05 May 2011 08:10:01 GMT</datelastmodified>
      <userlastmodified>Admin</userlastmodified>
      <datecreated>Thu, 05 May 2011 08:10:01 GMT</datecreated>
      <usercreated>Admin</usercreated>
      <flags>0</flags>
      <properties/>
      <relations/>
      <accesscontrol/>
    </file>
    <file>
      <source>system/modules/org.opencms.ade.galleries/resources/galleries/AB196D9D7834625802449A82C5811B43.cache.png</source>
      <destination>system/modules/org.opencms.ade.galleries/resources/galleries/AB196D9D7834625802449A82C5811B43.cache.png</destination>
      <type>image</type>
      <uuidstructure>613e14e5-0225-11e2-894a-d93aa7f5002a</uuidstructure>
      <uuidresource>613e14e6-0225-11e2-894a-d93aa7f5002a</uuidresource>
      <datelastmodified>Wed, 19 Sep 2012 06:43:54 GMT</datelastmodified>
      <userlastmodified>Admin</userlastmodified>
      <datecreated>Wed, 19 Sep 2012 06:43:54 GMT</datecreated>
      <usercreated>Admin</usercreated>
      <flags>0</flags>
      <properties/>
      <relations/>
      <accesscontrol/>
    </file>
    <file>
      <source>system/modules/org.opencms.ade.galleries/resources/galleries/BBE79FE9C388A062A6B594894C4044E8.cache.png</source>
      <destination>system/modules/org.opencms.ade.galleries/resources/galleries/BBE79FE9C388A062A6B594894C4044E8.cache.png</destination>
      <type>image</type>
      <uuidstructure>136014a6-76ef-11e0-be8e-919f96d1d073</uuidstructure>
      <uuidresource>136014a7-76ef-11e0-be8e-919f96d1d073</uuidresource>
      <datelastmodified>Thu, 05 May 2011 08:10:01 GMT</datelastmodified>
      <userlastmodified>Admin</userlastmodified>
      <datecreated>Thu, 05 May 2011 08:10:01 GMT</datecreated>
      <usercreated>Admin</usercreated>
      <flags>0</flags>
      <properties/>
      <relations/>
      <accesscontrol/>
    </file>
    <file>
      <source>system/modules/org.opencms.ade.galleries/resources/galleries/BC31847090F12A42F8370C7772D75499.cache.gif</source>
      <destination>system/modules/org.opencms.ade.galleries/resources/galleries/BC31847090F12A42F8370C7772D75499.cache.gif</destination>
      <type>image</type>
      <uuidstructure>136014a8-76ef-11e0-be8e-919f96d1d073</uuidstructure>
      <uuidresource>136014a9-76ef-11e0-be8e-919f96d1d073</uuidresource>
      <datelastmodified>Thu, 05 May 2011 08:10:01 GMT</datelastmodified>
      <userlastmodified>Admin</userlastmodified>
      <datecreated>Thu, 05 May 2011 08:10:01 GMT</datecreated>
      <usercreated>Admin</usercreated>
      <flags>0</flags>
      <properties/>
      <relations/>
      <accesscontrol/>
    </file>
    <file>
      <source>system/modules/org.opencms.ade.galleries/resources/galleries/BC4060A672A6E9FEC3C40F408301EFC6.cache.png</source>
      <destination>system/modules/org.opencms.ade.galleries/resources/galleries/BC4060A672A6E9FEC3C40F408301EFC6.cache.png</destination>
      <type>image</type>
      <uuidstructure>13625e9a-76ef-11e0-be8e-919f96d1d073</uuidstructure>
      <uuidresource>13625e9b-76ef-11e0-be8e-919f96d1d073</uuidresource>
      <datelastmodified>Thu, 05 May 2011 08:10:01 GMT</datelastmodified>
      <userlastmodified>Admin</userlastmodified>
      <datecreated>Thu, 05 May 2011 08:10:01 GMT</datecreated>
      <usercreated>Admin</usercreated>
      <flags>0</flags>
      <properties/>
      <relations/>
      <accesscontrol/>
    </file>
    <file>
      <source>system/modules/org.opencms.ade.galleries/resources/galleries/A43DC29EAA1637FFC0525619AC2F35AD.cache.html</source>
      <destination>system/modules/org.opencms.ade.galleries/resources/galleries/A43DC29EAA1637FFC0525619AC2F35AD.cache.html</destination>
      <type>plain</type>
      <uuidstructure>c77667f1-710f-11e2-8744-8324bff4f684</uuidstructure>
      <uuidresource>c7768f02-710f-11e2-8744-8324bff4f684</uuidresource>
      <datelastmodified>Thu, 07 Feb 2013 10:18:55 GMT</datelastmodified>
      <userlastmodified>Admin</userlastmodified>
      <datecreated>Thu, 07 Feb 2013 10:18:55 GMT</datecreated>
      <usercreated>Admin</usercreated>
      <flags>0</flags>
      <properties/>
      <relations/>
      <accesscontrol/>
    </file>
    <file>
      <source>system/modules/org.opencms.ade.galleries/resources/galleries/C289AFE3CC9CDADB99A0AB6F0D8AA8BC.gwt.rpc</source>
      <destination>system/modules/org.opencms.ade.galleries/resources/galleries/C289AFE3CC9CDADB99A0AB6F0D8AA8BC.gwt.rpc</destination>
      <type>plain</type>
      <uuidstructure>e7ce53b4-6151-11e2-a5af-13f2d77be977</uuidstructure>
      <uuidresource>e7ce53b5-6151-11e2-a5af-13f2d77be977</uuidresource>
      <datelastmodified>Fri, 18 Jan 2013 09:31:58 GMT</datelastmodified>
      <userlastmodified>Admin</userlastmodified>
      <datecreated>Fri, 18 Jan 2013 09:31:58 GMT</datecreated>
      <usercreated>Admin</usercreated>
      <flags>0</flags>
      <properties/>
      <relations/>
      <accesscontrol/>
    </file>
    <file>
      <source>system/modules/org.opencms.ade.galleries/resources/galleries/C4E7AE2AFCDCAD9F4590E02BBF69A6EA.cache.gif</source>
      <destination>system/modules/org.opencms.ade.galleries/resources/galleries/C4E7AE2AFCDCAD9F4590E02BBF69A6EA.cache.gif</destination>
      <type>image</type>
      <uuidstructure>1364cf9e-76ef-11e0-be8e-919f96d1d073</uuidstructure>
      <uuidresource>1364cf9f-76ef-11e0-be8e-919f96d1d073</uuidresource>
      <datelastmodified>Thu, 05 May 2011 08:10:01 GMT</datelastmodified>
      <userlastmodified>Admin</userlastmodified>
      <datecreated>Thu, 05 May 2011 08:10:01 GMT</datecreated>
      <usercreated>Admin</usercreated>
      <flags>0</flags>
      <properties/>
      <relations/>
      <accesscontrol/>
    </file>
    <file>
      <source>system/modules/org.opencms.ade.galleries/resources/galleries/3DF0A05B0C1C92F6655AA1CD8FFAE278.cache.html</source>
      <destination>system/modules/org.opencms.ade.galleries/resources/galleries/3DF0A05B0C1C92F6655AA1CD8FFAE278.cache.html</destination>
      <type>plain</type>
      <uuidstructure>c76020cd-710f-11e2-8744-8324bff4f684</uuidstructure>
      <uuidresource>c768371e-710f-11e2-8744-8324bff4f684</uuidresource>
      <datelastmodified>Thu, 07 Feb 2013 10:18:55 GMT</datelastmodified>
      <userlastmodified>Admin</userlastmodified>
      <datecreated>Thu, 07 Feb 2013 10:18:55 GMT</datecreated>
      <usercreated>Admin</usercreated>
      <flags>0</flags>
      <properties/>
      <relations/>
      <accesscontrol/>
    </file>
    <file>
      <source>system/modules/org.opencms.ade.galleries/resources/galleries/C62A1C906AE595C56C586D0305BB6C50.cache.gif</source>
      <destination>system/modules/org.opencms.ade.galleries/resources/galleries/C62A1C906AE595C56C586D0305BB6C50.cache.gif</destination>
      <type>image</type>
      <uuidstructure>1364cfa0-76ef-11e0-be8e-919f96d1d073</uuidstructure>
      <uuidresource>1364cfa1-76ef-11e0-be8e-919f96d1d073</uuidresource>
      <datelastmodified>Thu, 05 May 2011 08:10:01 GMT</datelastmodified>
      <userlastmodified>Admin</userlastmodified>
      <datecreated>Thu, 05 May 2011 08:10:01 GMT</datecreated>
      <usercreated>Admin</usercreated>
      <flags>0</flags>
      <properties/>
      <relations/>
      <accesscontrol/>
    </file>
    <file>
      <source>system/modules/org.opencms.ade.galleries/resources/galleries/CAA394C2FA294B6F7278AAC5BA442038.gwt.rpc</source>
      <destination>system/modules/org.opencms.ade.galleries/resources/galleries/CAA394C2FA294B6F7278AAC5BA442038.gwt.rpc</destination>
      <type>plain</type>
      <uuidstructure>61405edb-0225-11e2-894a-d93aa7f5002a</uuidstructure>
      <uuidresource>61405edc-0225-11e2-894a-d93aa7f5002a</uuidresource>
      <datelastmodified>Wed, 19 Sep 2012 06:43:54 GMT</datelastmodified>
      <userlastmodified>Admin</userlastmodified>
      <datecreated>Wed, 19 Sep 2012 06:43:54 GMT</datecreated>
      <usercreated>Admin</usercreated>
      <flags>0</flags>
      <properties/>
      <relations/>
      <accesscontrol/>
    </file>
    <file>
      <source>system/modules/org.opencms.ade.galleries/resources/galleries/CD452626E44B1D27115781B923D2F971.cache.png</source>
      <destination>system/modules/org.opencms.ade.galleries/resources/galleries/CD452626E44B1D27115781B923D2F971.cache.png</destination>
      <type>image</type>
      <uuidstructure>13671992-76ef-11e0-be8e-919f96d1d073</uuidstructure>
      <uuidresource>13671993-76ef-11e0-be8e-919f96d1d073</uuidresource>
      <datelastmodified>Thu, 05 May 2011 08:10:01 GMT</datelastmodified>
      <userlastmodified>Admin</userlastmodified>
      <datecreated>Thu, 05 May 2011 08:10:01 GMT</datecreated>
      <usercreated>Admin</usercreated>
      <flags>0</flags>
      <properties/>
      <relations/>
      <accesscontrol/>
    </file>
    <file>
      <source>system/modules/org.opencms.ade.galleries/resources/galleries/clear.cache.gif</source>
      <destination>system/modules/org.opencms.ade.galleries/resources/galleries/clear.cache.gif</destination>
      <type>image</type>
      <uuidstructure>009cc98c-71b1-11e0-bda6-0d213cbd7b28</uuidstructure>
      <uuidresource>009cc98d-71b1-11e0-bda6-0d213cbd7b28</uuidresource>
      <datelastmodified>Thu, 28 Apr 2011 16:03:05 GMT</datelastmodified>
      <userlastmodified>Admin</userlastmodified>
      <datecreated>Thu, 28 Apr 2011 16:03:05 GMT</datecreated>
      <usercreated>Admin</usercreated>
      <flags>0</flags>
      <properties/>
      <relations/>
      <accesscontrol/>
    </file>
    <file>
      <source>system/modules/org.opencms.ade.galleries/resources/galleries/D164AE4B2C36F7E2EC3E7B33F7880692.cache.png</source>
      <destination>system/modules/org.opencms.ade.galleries/resources/galleries/D164AE4B2C36F7E2EC3E7B33F7880692.cache.png</destination>
      <type>image</type>
      <uuidstructure>0f079be3-0ac4-11e1-bbd6-59b57c56cb9f</uuidstructure>
      <uuidresource>0f079be4-0ac4-11e1-bbd6-59b57c56cb9f</uuidresource>
      <datelastmodified>Wed, 09 Nov 2011 11:14:57 GMT</datelastmodified>
      <userlastmodified>Admin</userlastmodified>
      <datecreated>Wed, 09 Nov 2011 11:14:57 GMT</datecreated>
      <usercreated>Admin</usercreated>
      <flags>0</flags>
      <properties/>
      <relations/>
      <accesscontrol/>
    </file>
    <file>
      <source>system/modules/org.opencms.ade.galleries/resources/galleries/D5F586C438B34AD62B41411FC16B0579.cache.png</source>
      <destination>system/modules/org.opencms.ade.galleries/resources/galleries/D5F586C438B34AD62B41411FC16B0579.cache.png</destination>
      <type>image</type>
      <uuidstructure>13671994-76ef-11e0-be8e-919f96d1d073</uuidstructure>
      <uuidresource>13671995-76ef-11e0-be8e-919f96d1d073</uuidresource>
      <datelastmodified>Thu, 05 May 2011 08:10:01 GMT</datelastmodified>
      <userlastmodified>Admin</userlastmodified>
      <datecreated>Thu, 05 May 2011 08:10:01 GMT</datecreated>
      <usercreated>Admin</usercreated>
      <flags>0</flags>
      <properties/>
      <relations/>
      <accesscontrol/>
    </file>
    <file>
      <source>system/modules/org.opencms.ade.galleries/resources/galleries/DB77414A9B90F3BC2249D073D7FA8FFA.cache.png</source>
      <destination>system/modules/org.opencms.ade.galleries/resources/galleries/DB77414A9B90F3BC2249D073D7FA8FFA.cache.png</destination>
      <type>image</type>
      <uuidstructure>13698a98-76ef-11e0-be8e-919f96d1d073</uuidstructure>
      <uuidresource>13698a99-76ef-11e0-be8e-919f96d1d073</uuidresource>
      <datelastmodified>Thu, 05 May 2011 08:10:01 GMT</datelastmodified>
      <userlastmodified>Admin</userlastmodified>
      <datecreated>Thu, 05 May 2011 08:10:01 GMT</datecreated>
      <usercreated>Admin</usercreated>
      <flags>0</flags>
      <properties/>
      <relations/>
      <accesscontrol/>
    </file>
    <file>
      <source>system/modules/org.opencms.ade.galleries/resources/galleries/C0BF497D9BCC6543CCEABED7549A31B8.cache.html</source>
      <destination>system/modules/org.opencms.ade.galleries/resources/galleries/C0BF497D9BCC6543CCEABED7549A31B8.cache.html</destination>
      <type>plain</type>
      <uuidstructure>c77a3885-710f-11e2-8744-8324bff4f684</uuidstructure>
      <uuidresource>c77a5f96-710f-11e2-8744-8324bff4f684</uuidresource>
      <datelastmodified>Thu, 07 Feb 2013 10:18:55 GMT</datelastmodified>
      <userlastmodified>Admin</userlastmodified>
      <datecreated>Thu, 07 Feb 2013 10:18:55 GMT</datecreated>
      <usercreated>Admin</usercreated>
      <flags>0</flags>
      <properties/>
      <relations/>
      <accesscontrol/>
    </file>
    <file>
      <source>system/modules/org.opencms.ade.galleries/resources/galleries/DE6D506998BC702C9DB949F7F80C8A14.cache.png</source>
      <destination>system/modules/org.opencms.ade.galleries/resources/galleries/DE6D506998BC702C9DB949F7F80C8A14.cache.png</destination>
      <type>image</type>
      <uuidstructure>13698a9a-76ef-11e0-be8e-919f96d1d073</uuidstructure>
      <uuidresource>13698a9b-76ef-11e0-be8e-919f96d1d073</uuidresource>
      <datelastmodified>Thu, 05 May 2011 08:10:01 GMT</datelastmodified>
      <userlastmodified>Admin</userlastmodified>
      <datecreated>Thu, 05 May 2011 08:10:01 GMT</datecreated>
      <usercreated>Admin</usercreated>
      <flags>0</flags>
      <properties/>
      <relations/>
      <accesscontrol/>
    </file>
    <file>
      <source>system/modules/org.opencms.ade.galleries/resources/galleries/E30C58794782F528AA8C1B61B8014A21.cache.png</source>
      <destination>system/modules/org.opencms.ade.galleries/resources/galleries/E30C58794782F528AA8C1B61B8014A21.cache.png</destination>
      <type>image</type>
      <uuidstructure>136bfb9e-76ef-11e0-be8e-919f96d1d073</uuidstructure>
      <uuidresource>136bfb9f-76ef-11e0-be8e-919f96d1d073</uuidresource>
      <datelastmodified>Thu, 05 May 2011 08:10:01 GMT</datelastmodified>
      <userlastmodified>Admin</userlastmodified>
      <datecreated>Thu, 05 May 2011 08:10:01 GMT</datecreated>
      <usercreated>Admin</usercreated>
      <flags>0</flags>
      <properties/>
      <relations/>
      <accesscontrol/>
    </file>
    <file>
      <source>system/modules/org.opencms.ade.galleries/resources/galleries/E5410C4FBA247FAF319663A7DFEBA0C9.cache.png</source>
      <destination>system/modules/org.opencms.ade.galleries/resources/galleries/E5410C4FBA247FAF319663A7DFEBA0C9.cache.png</destination>
      <type>image</type>
      <uuidstructure>136e4592-76ef-11e0-be8e-919f96d1d073</uuidstructure>
      <uuidresource>136e4593-76ef-11e0-be8e-919f96d1d073</uuidresource>
      <datelastmodified>Thu, 05 May 2011 08:10:01 GMT</datelastmodified>
      <userlastmodified>Admin</userlastmodified>
      <datecreated>Thu, 05 May 2011 08:10:01 GMT</datecreated>
      <usercreated>Admin</usercreated>
      <flags>0</flags>
      <properties/>
      <relations/>
      <accesscontrol/>
    </file>
    <file>
      <source>system/modules/org.opencms.ade.galleries/resources/galleries/A64592A12450F0D60494FBBB67AEE819.cache.html</source>
      <destination>system/modules/org.opencms.ade.galleries/resources/galleries/A64592A12450F0D60494FBBB67AEE819.cache.html</destination>
      <type>plain</type>
      <uuidstructure>c777c783-710f-11e2-8744-8324bff4f684</uuidstructure>
      <uuidresource>c777ee94-710f-11e2-8744-8324bff4f684</uuidresource>
      <datelastmodified>Thu, 07 Feb 2013 10:18:55 GMT</datelastmodified>
      <userlastmodified>Admin</userlastmodified>
      <datecreated>Thu, 07 Feb 2013 10:18:55 GMT</datecreated>
      <usercreated>Admin</usercreated>
      <flags>0</flags>
      <properties/>
      <relations/>
      <accesscontrol/>
    </file>
    <file>
      <source>system/modules/org.opencms.ade.galleries/resources/galleries/FABA47515896922C62828F7194DD4D7B.cache.png</source>
      <destination>system/modules/org.opencms.ade.galleries/resources/galleries/FABA47515896922C62828F7194DD4D7B.cache.png</destination>
      <type>image</type>
      <uuidstructure>614540e1-0225-11e2-894a-d93aa7f5002a</uuidstructure>
      <uuidresource>614540e2-0225-11e2-894a-d93aa7f5002a</uuidresource>
      <datelastmodified>Wed, 19 Sep 2012 06:43:54 GMT</datelastmodified>
      <userlastmodified>Admin</userlastmodified>
      <datecreated>Wed, 19 Sep 2012 06:43:54 GMT</datecreated>
      <usercreated>Admin</usercreated>
      <flags>0</flags>
      <properties/>
      <relations/>
      <accesscontrol/>
    </file>
    <file>
      <source>system/modules/org.opencms.ade.galleries/resources/galleries/FB17FA3513A8D75A35707EEE3E8B97F8.cache.png</source>
      <destination>system/modules/org.opencms.ade.galleries/resources/galleries/FB17FA3513A8D75A35707EEE3E8B97F8.cache.png</destination>
      <type>image</type>
      <uuidstructure>614540e3-0225-11e2-894a-d93aa7f5002a</uuidstructure>
      <uuidresource>614540e4-0225-11e2-894a-d93aa7f5002a</uuidresource>
      <datelastmodified>Wed, 19 Sep 2012 06:43:54 GMT</datelastmodified>
      <userlastmodified>Admin</userlastmodified>
      <datecreated>Wed, 19 Sep 2012 06:43:54 GMT</datecreated>
      <usercreated>Admin</usercreated>
      <flags>0</flags>
      <properties/>
      <relations/>
      <accesscontrol/>
    </file>
    <file>
      <source>system/modules/org.opencms.ade.galleries/resources/galleries/galleries.nocache.js</source>
      <destination>system/modules/org.opencms.ade.galleries/resources/galleries/galleries.nocache.js</destination>
      <type>plain</type>
      <uuidstructure>00a8b080-71b1-11e0-bda6-0d213cbd7b28</uuidstructure>
      <uuidresource>00a8b081-71b1-11e0-bda6-0d213cbd7b28</uuidresource>
      <datelastmodified>Thu, 28 Apr 2011 16:03:05 GMT</datelastmodified>
      <userlastmodified>Admin</userlastmodified>
      <datecreated>Thu, 28 Apr 2011 16:03:05 GMT</datecreated>
      <usercreated>Admin</usercreated>
      <flags>0</flags>
      <properties/>
      <relations/>
      <accesscontrol/>
    </file>
    <file>
      <source>system/modules/org.opencms.ade.galleries/resources/galleries/hosted.html</source>
      <destination>system/modules/org.opencms.ade.galleries/resources/galleries/hosted.html</destination>
      <type>plain</type>
      <uuidstructure>00a8b082-71b1-11e0-bda6-0d213cbd7b28</uuidstructure>
      <uuidresource>00a8b083-71b1-11e0-bda6-0d213cbd7b28</uuidresource>
      <datelastmodified>Thu, 28 Apr 2011 16:03:05 GMT</datelastmodified>
      <userlastmodified>Admin</userlastmodified>
      <datecreated>Thu, 28 Apr 2011 16:03:05 GMT</datecreated>
      <usercreated>Admin</usercreated>
      <flags>0</flags>
      <properties/>
      <relations/>
      <accesscontrol/>
    </file>
    <file>
      <destination>system/workplace</destination>
      <type>folder</type>
      <uuidstructure>825afce2-11b7-11db-91cd-fdbae480bac9</uuidstructure>
      <datelastmodified>Mon, 27 Mar 2006 12:00:00 GMT</datelastmodified>
      <userlastmodified>Admin</userlastmodified>
      <datecreated>Mon, 27 Jun 2005 08:00:00 GMT</datecreated>
      <usercreated>Admin</usercreated>
      <flags>0</flags>
      <properties>
        <property>
          <name>content-encoding</name>
          <value><![CDATA[UTF-8]]></value>
        </property>
        <property>
          <name>export</name>
          <value><![CDATA[false]]></value>
        </property>
        <property>
          <name>login-form</name>
          <value><![CDATA[/system/login/index.html]]></value>
        </property>
      </properties>
      <relations/>
      <accesscontrol>
        <accessentry>
          <uuidprincipal>ALL_OTHERS</uuidprincipal>
          <flags>134</flags>
          <permissionset>
            <allowed>0</allowed>
            <denied>0</denied>
          </permissionset>
        </accessentry>
        <accessentry>
          <uuidprincipal>ROLE.WORKPLACE_USER</uuidprincipal>
          <flags>518</flags>
          <permissionset>
            <allowed>5</allowed>
            <denied>0</denied>
          </permissionset>
        </accessentry>
      </accesscontrol>
    </file>
    <file>
      <destination>system/workplace/commons</destination>
      <type>folder</type>
      <uuidstructure>8272cacb-11b7-11db-91cd-fdbae480bac9</uuidstructure>
      <datelastmodified>Mon, 27 Mar 2006 12:00:00 GMT</datelastmodified>
      <userlastmodified>Admin</userlastmodified>
      <datecreated>Mon, 27 Jun 2005 08:00:00 GMT</datecreated>
      <usercreated>Admin</usercreated>
      <flags>0</flags>
      <properties>
        <property>
          <name>cache</name>
          <value><![CDATA[false]]></value>
        </property>
      </properties>
      <relations/>
      <accesscontrol/>
    </file>
    <file>
      <source>system/workplace/commons/open_ade_gallery.jsp</source>
      <destination>system/workplace/commons/open_ade_gallery.jsp</destination>
      <type>jsp</type>
      <uuidstructure>c94f1961-7489-11df-bd01-83befda52004</uuidstructure>
      <uuidresource>c94f1962-7489-11df-bd01-83befda52004</uuidresource>
      <datelastmodified>Thu, 10 Jun 2010 12:16:47 GMT</datelastmodified>
      <userlastmodified>Admin</userlastmodified>
      <datecreated>Thu, 10 Jun 2010 12:14:58 GMT</datecreated>
      <usercreated>Admin</usercreated>
      <flags>0</flags>
      <properties>
        <property>
          <name>Title</name>
          <value><![CDATA[Dialog - Open ADE gallery]]></value>
        </property>
        <property type="shared">
          <name>export</name>
          <value><![CDATA[false]]></value>
        </property>
      </properties>
      <relations/>
      <accesscontrol/>
    </file>
  </files>
</export>
