<?xml version="1.0" encoding="UTF-8"?>
<export>
  <info>
    <creator>Admin</creator>
    <opencms_version>8.5.0</opencms_version>
    <createdate>Thu, 08 Dec 2011 08:18:34 GMT</createdate>
    <infoproject>Offline</infoproject>
    <export_version>7</export_version>
  </info>
  <module>
    <name>org.opencms.ade.publish</name>
    <nicename><![CDATA[OpenCms 8 ADE Publish]]></nicename>
    <group>OpenCms ADE</group>
    <class/>
    <description><![CDATA[<p>Gwt based publish dialog for OpenCms 8<p>
<p><i>(c) 2013 by Alkacon Software GmbH (http://www.alkacon.com).</i></p>]]></description>
    <version>8.5.1</version>
    <authorname/>
    <authoremail/>
    <datecreated/>
    <userinstalled/>
    <dateinstalled/>
    <dependencies/>
    <exportpoints>
      <exportpoint uri="/system/modules/org.opencms.ade.publish/resources/" destination="resources/ade/"/>
    </exportpoints>
    <resources>
      <resource uri="/system/modules/org.opencms.ade.publish/"/>
    </resources>
    <parameters>
      
    <param name="gwt.buildid">20130207</param>
</parameters>
  </module>
  <files>
    <file>
      <destination>system</destination>
      <type>folder</type>
      <uuidstructure>f233e6a6-20e6-11e1-ac1d-4d6aceb32220</uuidstructure>
      <datelastmodified>Wed, 07 Dec 2011 15:20:07 GMT</datelastmodified>
      <userlastmodified>Admin</userlastmodified>
      <datecreated>Wed, 07 Dec 2011 15:20:07 GMT</datecreated>
      <usercreated>Admin</usercreated>
      <flags>0</flags>
      <properties/>
      <relations/>
      <accesscontrol>
        <accessentry>
          <uuidprincipal>ROLE.WORKPLACE_USER</uuidprincipal>
          <flags>514</flags>
          <permissionset>
            <allowed>1</allowed>
            <denied>0</denied>
          </permissionset>
        </accessentry>
      </accesscontrol>
    </file>
    <file>
      <destination>system/modules</destination>
      <type>folder</type>
      <uuidstructure>f2eb7712-20e6-11e1-ac1d-4d6aceb32220</uuidstructure>
      <datelastmodified>Wed, 07 Dec 2011 15:20:08 GMT</datelastmodified>
      <userlastmodified>Admin</userlastmodified>
      <datecreated>Wed, 07 Dec 2011 15:20:08 GMT</datecreated>
      <usercreated>Admin</usercreated>
      <flags>0</flags>
      <properties/>
      <relations/>
      <accesscontrol>
        <accessentry>
          <uuidprincipal>ROLE.WORKPLACE_USER</uuidprincipal>
          <flags>514</flags>
          <permissionset>
            <allowed>5</allowed>
            <denied>0</denied>
          </permissionset>
        </accessentry>
      </accesscontrol>
    </file>
    <file>
      <destination>system/modules/org.opencms.ade.publish</destination>
      <type>folder</type>
      <uuidstructure>f4a8034b-2174-11e1-a3f6-4d6aceb32220</uuidstructure>
      <datelastmodified>Thu, 08 Dec 2011 08:16:40 GMT</datelastmodified>
      <userlastmodified>Admin</userlastmodified>
      <datecreated>Thu, 08 Dec 2011 08:16:40 GMT</datecreated>
      <usercreated>Admin</usercreated>
      <flags>0</flags>
      <properties/>
      <relations/>
      <accesscontrol/>
    </file>
    <file>
      <source>system/modules/org.opencms.ade.publish/publish.jsp</source>
      <destination>system/modules/org.opencms.ade.publish/publish.jsp</destination>
      <type>jsp</type>
      <uuidstructure>26ada581-2175-11e1-a3f6-4d6aceb32220</uuidstructure>
      <uuidresource>26ada582-2175-11e1-a3f6-4d6aceb32220</uuidresource>
      <datelastmodified>Thu, 08 Dec 2011 08:18:04 GMT</datelastmodified>
      <userlastmodified>Admin</userlastmodified>
      <datecreated>Thu, 08 Dec 2011 08:18:04 GMT</datecreated>
      <usercreated>Admin</usercreated>
      <flags>0</flags>
      <properties>
        <property type="shared">
          <name>export</name>
          <value><![CDATA[false]]></value>
        </property>
        <property>
          <name>login-form</name>
          <value><![CDATA[/system/login/index.html]]></value>
        </property>
      </properties>
      <relations/>
      <accesscontrol>
        <accessentry>
          <uuidprincipal>ALL_OTHERS</uuidprincipal>
          <flags>132</flags>
          <permissionset>
            <allowed>0</allowed>
            <denied>0</denied>
          </permissionset>
        </accessentry>
      </accesscontrol>
    </file>
    <file>
      <destination>system/modules/org.opencms.ade.publish/resources</destination>
      <type>folder</type>
      <uuidstructure>11d83ded-2175-11e1-a3f6-4d6aceb32220</uuidstructure>
      <datelastmodified>Thu, 08 Dec 2011 08:17:29 GMT</datelastmodified>
      <userlastmodified>Admin</userlastmodified>
      <datecreated>Thu, 08 Dec 2011 08:17:29 GMT</datecreated>
      <usercreated>Admin</usercreated>
      <flags>0</flags>
      <properties/>
      <relations/>
      <accesscontrol/>
    </file>
    <file>
      <destination>system/modules/org.opencms.ade.publish/resources/publish</destination>
      <type>folder</type>
      <uuidstructure>19a8ab4f-2175-11e1-a3f6-4d6aceb32220</uuidstructure>
      <datelastmodified>Thu, 08 Dec 2011 08:17:42 GMT</datelastmodified>
      <userlastmodified>Admin</userlastmodified>
      <datecreated>Thu, 08 Dec 2011 08:17:42 GMT</datecreated>
      <usercreated>Admin</usercreated>
      <flags>0</flags>
      <properties/>
      <relations/>
      <accesscontrol/>
    </file>
    <file>
      <source>system/modules/org.opencms.ade.publish/resources/publish/0326AF455425F6065C00E0361659A798.cache.png</source>
      <destination>system/modules/org.opencms.ade.publish/resources/publish/0326AF455425F6065C00E0361659A798.cache.png</destination>
      <type>image</type>
      <uuidstructure>f295b8af-0225-11e2-894a-d93aa7f5002a</uuidstructure>
      <uuidresource>f295b8b0-0225-11e2-894a-d93aa7f5002a</uuidresource>
      <datelastmodified>Wed, 19 Sep 2012 06:47:58 GMT</datelastmodified>
      <userlastmodified>Admin</userlastmodified>
      <datecreated>Wed, 19 Sep 2012 06:47:58 GMT</datecreated>
      <usercreated>Admin</usercreated>
      <flags>0</flags>
      <properties/>
      <relations/>
      <accesscontrol/>
    </file>
    <file>
      <source>system/modules/org.opencms.ade.publish/resources/publish/07B79EDA917A4EB940EFF2814B61B238.cache.png</source>
      <destination>system/modules/org.opencms.ade.publish/resources/publish/07B79EDA917A4EB940EFF2814B61B238.cache.png</destination>
      <type>image</type>
      <uuidstructure>e33fd136-2186-11e1-9135-231989d90dfe</uuidstructure>
      <uuidresource>e33fd137-2186-11e1-9135-231989d90dfe</uuidresource>
      <datelastmodified>Thu, 08 Dec 2011 10:25:01 GMT</datelastmodified>
      <userlastmodified>Admin</userlastmodified>
      <datecreated>Thu, 08 Dec 2011 10:25:01 GMT</datecreated>
      <usercreated>Admin</usercreated>
      <flags>0</flags>
      <properties/>
      <relations/>
      <accesscontrol/>
    </file>
    <file>
      <source>system/modules/org.opencms.ade.publish/resources/publish/0C2636863EBF1B7E60FACEDA96D6E448.cache.gif</source>
      <destination>system/modules/org.opencms.ade.publish/resources/publish/0C2636863EBF1B7E60FACEDA96D6E448.cache.gif</destination>
      <type>image</type>
      <uuidstructure>e342423a-2186-11e1-9135-231989d90dfe</uuidstructure>
      <uuidresource>e342423b-2186-11e1-9135-231989d90dfe</uuidresource>
      <datelastmodified>Thu, 08 Dec 2011 10:25:01 GMT</datelastmodified>
      <userlastmodified>Admin</userlastmodified>
      <datecreated>Thu, 08 Dec 2011 10:25:02 GMT</datecreated>
      <usercreated>Admin</usercreated>
      <flags>0</flags>
      <properties/>
      <relations/>
      <accesscontrol/>
    </file>
    <file>
      <source>system/modules/org.opencms.ade.publish/resources/publish/0F89659FF3F324AE4116F700257E32BD.cache.gif</source>
      <destination>system/modules/org.opencms.ade.publish/resources/publish/0F89659FF3F324AE4116F700257E32BD.cache.gif</destination>
      <type>image</type>
      <uuidstructure>f295b8b1-0225-11e2-894a-d93aa7f5002a</uuidstructure>
      <uuidresource>f295b8b2-0225-11e2-894a-d93aa7f5002a</uuidresource>
      <datelastmodified>Wed, 19 Sep 2012 06:47:58 GMT</datelastmodified>
      <userlastmodified>Admin</userlastmodified>
      <datecreated>Wed, 19 Sep 2012 06:47:58 GMT</datecreated>
      <usercreated>Admin</usercreated>
      <flags>0</flags>
      <properties/>
      <relations/>
      <accesscontrol/>
    </file>
    <file>
      <source>system/modules/org.opencms.ade.publish/resources/publish/124DCEE507CAB7576C003C7BAF0D9924.cache.png</source>
      <destination>system/modules/org.opencms.ade.publish/resources/publish/124DCEE507CAB7576C003C7BAF0D9924.cache.png</destination>
      <type>image</type>
      <uuidstructure>e3448c2c-2186-11e1-9135-231989d90dfe</uuidstructure>
      <uuidresource>e3448c2d-2186-11e1-9135-231989d90dfe</uuidresource>
      <datelastmodified>Thu, 08 Dec 2011 10:25:02 GMT</datelastmodified>
      <userlastmodified>Admin</userlastmodified>
      <datecreated>Thu, 08 Dec 2011 10:25:02 GMT</datecreated>
      <usercreated>Admin</usercreated>
      <flags>0</flags>
      <properties/>
      <relations/>
      <accesscontrol/>
    </file>
    <file>
      <source>system/modules/org.opencms.ade.publish/resources/publish/130216F44FAF2CA3A53FBD439D3CA97A.cache.png</source>
      <destination>system/modules/org.opencms.ade.publish/resources/publish/130216F44FAF2CA3A53FBD439D3CA97A.cache.png</destination>
      <type>image</type>
      <uuidstructure>e3448c2e-2186-11e1-9135-231989d90dfe</uuidstructure>
      <uuidresource>e3448c2f-2186-11e1-9135-231989d90dfe</uuidresource>
      <datelastmodified>Thu, 08 Dec 2011 10:25:02 GMT</datelastmodified>
      <userlastmodified>Admin</userlastmodified>
      <datecreated>Thu, 08 Dec 2011 10:25:02 GMT</datecreated>
      <usercreated>Admin</usercreated>
      <flags>0</flags>
      <properties/>
      <relations/>
      <accesscontrol/>
    </file>
    <file>
      <source>system/modules/org.opencms.ade.publish/resources/publish/13D2931874E71D07F248A0CDF051CC85.cache.png</source>
      <destination>system/modules/org.opencms.ade.publish/resources/publish/13D2931874E71D07F248A0CDF051CC85.cache.png</destination>
      <type>image</type>
      <uuidstructure>f29802a3-0225-11e2-894a-d93aa7f5002a</uuidstructure>
      <uuidresource>f29802a4-0225-11e2-894a-d93aa7f5002a</uuidresource>
      <datelastmodified>Wed, 19 Sep 2012 06:47:58 GMT</datelastmodified>
      <userlastmodified>Admin</userlastmodified>
      <datecreated>Wed, 19 Sep 2012 06:47:58 GMT</datecreated>
      <usercreated>Admin</usercreated>
      <flags>0</flags>
      <properties/>
      <relations/>
      <accesscontrol/>
    </file>
    <file>
      <source>system/modules/org.opencms.ade.publish/resources/publish/76787F1BD2681BA37EF931B33A8847B4.cache.html</source>
      <destination>system/modules/org.opencms.ade.publish/resources/publish/76787F1BD2681BA37EF931B33A8847B4.cache.html</destination>
      <type>plain</type>
      <uuidstructure>58af43ec-7111-11e2-bce9-418172bd2125</uuidstructure>
      <uuidresource>58afe02d-7111-11e2-bce9-418172bd2125</uuidresource>
      <datelastmodified>Thu, 07 Feb 2013 10:30:09 GMT</datelastmodified>
      <userlastmodified>Admin</userlastmodified>
      <datecreated>Thu, 07 Feb 2013 10:30:09 GMT</datecreated>
      <usercreated>Admin</usercreated>
      <flags>0</flags>
      <properties/>
      <relations/>
      <accesscontrol/>
    </file>
    <file>
      <source>system/modules/org.opencms.ade.publish/resources/publish/157263C9722C7F5A5AD963F6B5594F87.cache.png</source>
      <destination>system/modules/org.opencms.ade.publish/resources/publish/157263C9722C7F5A5AD963F6B5594F87.cache.png</destination>
      <type>image</type>
      <uuidstructure>e3448c30-2186-11e1-9135-231989d90dfe</uuidstructure>
      <uuidresource>e3448c31-2186-11e1-9135-231989d90dfe</uuidresource>
      <datelastmodified>Thu, 08 Dec 2011 10:25:02 GMT</datelastmodified>
      <userlastmodified>Admin</userlastmodified>
      <datecreated>Thu, 08 Dec 2011 10:25:02 GMT</datecreated>
      <usercreated>Admin</usercreated>
      <flags>0</flags>
      <properties/>
      <relations/>
      <accesscontrol/>
    </file>
    <file>
      <source>system/modules/org.opencms.ade.publish/resources/publish/1BA570A78005D17EB033A5D959952436.cache.gif</source>
      <destination>system/modules/org.opencms.ade.publish/resources/publish/1BA570A78005D17EB033A5D959952436.cache.gif</destination>
      <type>image</type>
      <uuidstructure>e346fd32-2186-11e1-9135-231989d90dfe</uuidstructure>
      <uuidresource>e346fd33-2186-11e1-9135-231989d90dfe</uuidresource>
      <datelastmodified>Thu, 08 Dec 2011 10:25:02 GMT</datelastmodified>
      <userlastmodified>Admin</userlastmodified>
      <datecreated>Thu, 08 Dec 2011 10:25:02 GMT</datecreated>
      <usercreated>Admin</usercreated>
      <flags>0</flags>
      <properties/>
      <relations/>
      <accesscontrol/>
    </file>
    <file>
      <source>system/modules/org.opencms.ade.publish/resources/publish/1D0A264C2E6019D983DD72D1EE01457E.cache.png</source>
      <destination>system/modules/org.opencms.ade.publish/resources/publish/1D0A264C2E6019D983DD72D1EE01457E.cache.png</destination>
      <type>image</type>
      <uuidstructure>e346fd34-2186-11e1-9135-231989d90dfe</uuidstructure>
      <uuidresource>e346fd35-2186-11e1-9135-231989d90dfe</uuidresource>
      <datelastmodified>Thu, 08 Dec 2011 10:25:02 GMT</datelastmodified>
      <userlastmodified>Admin</userlastmodified>
      <datecreated>Thu, 08 Dec 2011 10:25:02 GMT</datecreated>
      <usercreated>Admin</usercreated>
      <flags>0</flags>
      <properties/>
      <relations/>
      <accesscontrol/>
    </file>
    <file>
      <source>system/modules/org.opencms.ade.publish/resources/publish/21998B27314C5C5FC843A89E07E05FCF.cache.png</source>
      <destination>system/modules/org.opencms.ade.publish/resources/publish/21998B27314C5C5FC843A89E07E05FCF.cache.png</destination>
      <type>image</type>
      <uuidstructure>e346fd36-2186-11e1-9135-231989d90dfe</uuidstructure>
      <uuidresource>e346fd37-2186-11e1-9135-231989d90dfe</uuidresource>
      <datelastmodified>Thu, 08 Dec 2011 10:25:02 GMT</datelastmodified>
      <userlastmodified>Admin</userlastmodified>
      <datecreated>Thu, 08 Dec 2011 10:25:02 GMT</datecreated>
      <usercreated>Admin</usercreated>
      <flags>0</flags>
      <properties/>
      <relations/>
      <accesscontrol/>
    </file>
    <file>
      <source>system/modules/org.opencms.ade.publish/resources/publish/223E04DC70F69BC559571D1C0E0667E5.cache.png</source>
      <destination>system/modules/org.opencms.ade.publish/resources/publish/223E04DC70F69BC559571D1C0E0667E5.cache.png</destination>
      <type>image</type>
      <uuidstructure>f29802a5-0225-11e2-894a-d93aa7f5002a</uuidstructure>
      <uuidresource>f29802a6-0225-11e2-894a-d93aa7f5002a</uuidresource>
      <datelastmodified>Wed, 19 Sep 2012 06:47:58 GMT</datelastmodified>
      <userlastmodified>Admin</userlastmodified>
      <datecreated>Wed, 19 Sep 2012 06:47:58 GMT</datecreated>
      <usercreated>Admin</usercreated>
      <flags>0</flags>
      <properties/>
      <relations/>
      <accesscontrol/>
    </file>
    <file>
      <source>system/modules/org.opencms.ade.publish/resources/publish/7FE71A35010A8A8285B175A9F12CFB18.cache.html</source>
      <destination>system/modules/org.opencms.ade.publish/resources/publish/7FE71A35010A8A8285B175A9F12CFB18.cache.html</destination>
      <type>plain</type>
      <uuidstructure>58e17782-7111-11e2-bce9-418172bd2125</uuidstructure>
      <uuidresource>58e2fe23-7111-11e2-bce9-418172bd2125</uuidresource>
      <datelastmodified>Thu, 07 Feb 2013 10:30:09 GMT</datelastmodified>
      <userlastmodified>Admin</userlastmodified>
      <datecreated>Thu, 07 Feb 2013 10:30:09 GMT</datecreated>
      <usercreated>Admin</usercreated>
      <flags>0</flags>
      <properties/>
      <relations/>
      <accesscontrol/>
    </file>
    <file>
      <source>system/modules/org.opencms.ade.publish/resources/publish/A137259F4C7EEDDEF19B041196934101.cache.html</source>
      <destination>system/modules/org.opencms.ade.publish/resources/publish/A137259F4C7EEDDEF19B041196934101.cache.html</destination>
      <type>plain</type>
      <uuidstructure>58e918a4-7111-11e2-bce9-418172bd2125</uuidstructure>
      <uuidresource>58e98dd5-7111-11e2-bce9-418172bd2125</uuidresource>
      <datelastmodified>Thu, 07 Feb 2013 10:30:09 GMT</datelastmodified>
      <userlastmodified>Admin</userlastmodified>
      <datecreated>Thu, 07 Feb 2013 10:30:09 GMT</datecreated>
      <usercreated>Admin</usercreated>
      <flags>0</flags>
      <properties/>
      <relations/>
      <accesscontrol/>
    </file>
    <file>
      <source>system/modules/org.opencms.ade.publish/resources/publish/2504A645642997C1DF7023CD97BFE880.cache.gif</source>
      <destination>system/modules/org.opencms.ade.publish/resources/publish/2504A645642997C1DF7023CD97BFE880.cache.gif</destination>
      <type>image</type>
      <uuidstructure>e349472a-2186-11e1-9135-231989d90dfe</uuidstructure>
      <uuidresource>e349472b-2186-11e1-9135-231989d90dfe</uuidresource>
      <datelastmodified>Thu, 08 Dec 2011 10:25:02 GMT</datelastmodified>
      <userlastmodified>Admin</userlastmodified>
      <datecreated>Thu, 08 Dec 2011 10:25:02 GMT</datecreated>
      <usercreated>Admin</usercreated>
      <flags>0</flags>
      <properties/>
      <relations/>
      <accesscontrol/>
    </file>
    <file>
      <source>system/modules/org.opencms.ade.publish/resources/publish/27246C8DD21072403777D9C61FEA16B7.gwt.rpc</source>
      <destination>system/modules/org.opencms.ade.publish/resources/publish/27246C8DD21072403777D9C61FEA16B7.gwt.rpc</destination>
      <type>plain</type>
      <uuidstructure>c38fbfa7-3e02-11e1-ab84-95d73b6ee199</uuidstructure>
      <uuidresource>c38fbfa8-3e02-11e1-ab84-95d73b6ee199</uuidresource>
      <datelastmodified>Fri, 13 Jan 2012 16:22:18 GMT</datelastmodified>
      <userlastmodified>Admin</userlastmodified>
      <datecreated>Fri, 13 Jan 2012 16:22:18 GMT</datecreated>
      <usercreated>Admin</usercreated>
      <flags>0</flags>
      <properties/>
      <relations/>
      <accesscontrol/>
    </file>
    <file>
      <source>system/modules/org.opencms.ade.publish/resources/publish/B549E191BEA9A2F2BB95C1029EE89D69.cache.html</source>
      <destination>system/modules/org.opencms.ade.publish/resources/publish/B549E191BEA9A2F2BB95C1029EE89D69.cache.html</destination>
      <type>plain</type>
      <uuidstructure>58d0aea0-7111-11e2-bce9-418172bd2125</uuidstructure>
      <uuidresource>58d123d1-7111-11e2-bce9-418172bd2125</uuidresource>
      <datelastmodified>Thu, 07 Feb 2013 10:30:09 GMT</datelastmodified>
      <userlastmodified>Admin</userlastmodified>
      <datecreated>Thu, 07 Feb 2013 10:30:09 GMT</datecreated>
      <usercreated>Admin</usercreated>
      <flags>0</flags>
      <properties/>
      <relations/>
      <accesscontrol/>
    </file>
    <file>
      <source>system/modules/org.opencms.ade.publish/resources/publish/28876666747FD7CF017B39F122F45BFC.cache.png</source>
      <destination>system/modules/org.opencms.ade.publish/resources/publish/28876666747FD7CF017B39F122F45BFC.cache.png</destination>
      <type>image</type>
      <uuidstructure>e349472c-2186-11e1-9135-231989d90dfe</uuidstructure>
      <uuidresource>e349472d-2186-11e1-9135-231989d90dfe</uuidresource>
      <datelastmodified>Thu, 08 Dec 2011 10:25:02 GMT</datelastmodified>
      <userlastmodified>Admin</userlastmodified>
      <datecreated>Thu, 08 Dec 2011 10:25:02 GMT</datecreated>
      <usercreated>Admin</usercreated>
      <flags>0</flags>
      <properties/>
      <relations/>
      <accesscontrol/>
    </file>
    <file>
      <source>system/modules/org.opencms.ade.publish/resources/publish/28900C5A986D9BEE9FC75B51403369F9.cache.png</source>
      <destination>system/modules/org.opencms.ade.publish/resources/publish/28900C5A986D9BEE9FC75B51403369F9.cache.png</destination>
      <type>image</type>
      <uuidstructure>e349472e-2186-11e1-9135-231989d90dfe</uuidstructure>
      <uuidresource>e349472f-2186-11e1-9135-231989d90dfe</uuidresource>
      <datelastmodified>Thu, 08 Dec 2011 10:25:02 GMT</datelastmodified>
      <userlastmodified>Admin</userlastmodified>
      <datecreated>Thu, 08 Dec 2011 10:25:02 GMT</datecreated>
      <usercreated>Admin</usercreated>
      <flags>0</flags>
      <properties/>
      <relations/>
      <accesscontrol/>
    </file>
    <file>
      <source>system/modules/org.opencms.ade.publish/resources/publish/2D5DCEC84E5ECEEC13AE608620DDA715.cache.png</source>
      <destination>system/modules/org.opencms.ade.publish/resources/publish/2D5DCEC84E5ECEEC13AE608620DDA715.cache.png</destination>
      <type>image</type>
      <uuidstructure>e3494730-2186-11e1-9135-231989d90dfe</uuidstructure>
      <uuidresource>e3494731-2186-11e1-9135-231989d90dfe</uuidresource>
      <datelastmodified>Thu, 08 Dec 2011 10:25:02 GMT</datelastmodified>
      <userlastmodified>Admin</userlastmodified>
      <datecreated>Thu, 08 Dec 2011 10:25:02 GMT</datecreated>
      <usercreated>Admin</usercreated>
      <flags>0</flags>
      <properties/>
      <relations/>
      <accesscontrol/>
    </file>
    <file>
      <source>system/modules/org.opencms.ade.publish/resources/publish/2DEFE4429494EC4398B219CEADD32C22.cache.png</source>
      <destination>system/modules/org.opencms.ade.publish/resources/publish/2DEFE4429494EC4398B219CEADD32C22.cache.png</destination>
      <type>image</type>
      <uuidstructure>e3494732-2186-11e1-9135-231989d90dfe</uuidstructure>
      <uuidresource>e3494733-2186-11e1-9135-231989d90dfe</uuidresource>
      <datelastmodified>Thu, 08 Dec 2011 10:25:02 GMT</datelastmodified>
      <userlastmodified>Admin</userlastmodified>
      <datecreated>Thu, 08 Dec 2011 10:25:02 GMT</datecreated>
      <usercreated>Admin</usercreated>
      <flags>0</flags>
      <properties/>
      <relations/>
      <accesscontrol/>
    </file>
    <file>
      <source>system/modules/org.opencms.ade.publish/resources/publish/3E13412DD77AE068AAF96B6978824A75.cache.png</source>
      <destination>system/modules/org.opencms.ade.publish/resources/publish/3E13412DD77AE068AAF96B6978824A75.cache.png</destination>
      <type>image</type>
      <uuidstructure>f29a73a9-0225-11e2-894a-d93aa7f5002a</uuidstructure>
      <uuidresource>f29a73aa-0225-11e2-894a-d93aa7f5002a</uuidresource>
      <datelastmodified>Wed, 19 Sep 2012 06:47:58 GMT</datelastmodified>
      <userlastmodified>Admin</userlastmodified>
      <datecreated>Wed, 19 Sep 2012 06:47:58 GMT</datecreated>
      <usercreated>Admin</usercreated>
      <flags>0</flags>
      <properties/>
      <relations/>
      <accesscontrol/>
    </file>
    <file>
      <source>system/modules/org.opencms.ade.publish/resources/publish/066DBF067C1F521A1A7F6CF478CF8B63.cache.html</source>
      <destination>system/modules/org.opencms.ade.publish/resources/publish/066DBF067C1F521A1A7F6CF478CF8B63.cache.html</destination>
      <type>plain</type>
      <uuidstructure>58b9560e-7111-11e2-bce9-418172bd2125</uuidstructure>
      <uuidresource>58b9f24f-7111-11e2-bce9-418172bd2125</uuidresource>
      <datelastmodified>Thu, 07 Feb 2013 10:30:09 GMT</datelastmodified>
      <userlastmodified>Admin</userlastmodified>
      <datecreated>Thu, 07 Feb 2013 10:30:09 GMT</datecreated>
      <usercreated>Admin</usercreated>
      <flags>0</flags>
      <properties/>
      <relations/>
      <accesscontrol/>
    </file>
    <file>
      <source>system/modules/org.opencms.ade.publish/resources/publish/3E1B3C4D2B52FD7957DA6E43F8D5D4C9.cache.png</source>
      <destination>system/modules/org.opencms.ade.publish/resources/publish/3E1B3C4D2B52FD7957DA6E43F8D5D4C9.cache.png</destination>
      <type>image</type>
      <uuidstructure>e34bb838-2186-11e1-9135-231989d90dfe</uuidstructure>
      <uuidresource>e34bb839-2186-11e1-9135-231989d90dfe</uuidresource>
      <datelastmodified>Thu, 08 Dec 2011 10:25:02 GMT</datelastmodified>
      <userlastmodified>Admin</userlastmodified>
      <datecreated>Thu, 08 Dec 2011 10:25:02 GMT</datecreated>
      <usercreated>Admin</usercreated>
      <flags>0</flags>
      <properties/>
      <relations/>
      <accesscontrol/>
    </file>
    <file>
      <source>system/modules/org.opencms.ade.publish/resources/publish/417D700D877F5E7DCC8AE5DB200F7F2A.gwt.rpc</source>
      <destination>system/modules/org.opencms.ade.publish/resources/publish/417D700D877F5E7DCC8AE5DB200F7F2A.gwt.rpc</destination>
      <type>plain</type>
      <uuidstructure>e1bcc2dd-28d7-11e2-b03f-9316b28cdbb9</uuidstructure>
      <uuidresource>e1bcc2de-28d7-11e2-b03f-9316b28cdbb9</uuidresource>
      <datelastmodified>Wed, 07 Nov 2012 12:37:24 GMT</datelastmodified>
      <userlastmodified>Admin</userlastmodified>
      <datecreated>Wed, 07 Nov 2012 12:37:24 GMT</datecreated>
      <usercreated>Admin</usercreated>
      <flags>0</flags>
      <properties/>
      <relations/>
      <accesscontrol/>
    </file>
    <file>
      <source>system/modules/org.opencms.ade.publish/resources/publish/4ED1C0B9BE23F2D66FC198C0FD3527D2.cache.png</source>
      <destination>system/modules/org.opencms.ade.publish/resources/publish/4ED1C0B9BE23F2D66FC198C0FD3527D2.cache.png</destination>
      <type>image</type>
      <uuidstructure>f29a73ab-0225-11e2-894a-d93aa7f5002a</uuidstructure>
      <uuidresource>f29a73ac-0225-11e2-894a-d93aa7f5002a</uuidresource>
      <datelastmodified>Wed, 19 Sep 2012 06:47:58 GMT</datelastmodified>
      <userlastmodified>Admin</userlastmodified>
      <datecreated>Wed, 19 Sep 2012 06:47:58 GMT</datecreated>
      <usercreated>Admin</usercreated>
      <flags>0</flags>
      <properties/>
      <relations/>
      <accesscontrol/>
    </file>
    <file>
      <source>system/modules/org.opencms.ade.publish/resources/publish/528F1389CBD23A696B89EF4D65007A96.cache.png</source>
      <destination>system/modules/org.opencms.ade.publish/resources/publish/528F1389CBD23A696B89EF4D65007A96.cache.png</destination>
      <type>image</type>
      <uuidstructure>e34e293e-2186-11e1-9135-231989d90dfe</uuidstructure>
      <uuidresource>e34e293f-2186-11e1-9135-231989d90dfe</uuidresource>
      <datelastmodified>Thu, 08 Dec 2011 10:25:02 GMT</datelastmodified>
      <userlastmodified>Admin</userlastmodified>
      <datecreated>Thu, 08 Dec 2011 10:25:02 GMT</datecreated>
      <usercreated>Admin</usercreated>
      <flags>0</flags>
      <properties/>
      <relations/>
      <accesscontrol/>
    </file>
    <file>
      <source>system/modules/org.opencms.ade.publish/resources/publish/55E6EF5AA7ECB5C3456D0C233F3D34A1.cache.png</source>
      <destination>system/modules/org.opencms.ade.publish/resources/publish/55E6EF5AA7ECB5C3456D0C233F3D34A1.cache.png</destination>
      <type>image</type>
      <uuidstructure>e34e2940-2186-11e1-9135-231989d90dfe</uuidstructure>
      <uuidresource>e34e2941-2186-11e1-9135-231989d90dfe</uuidresource>
      <datelastmodified>Thu, 08 Dec 2011 10:25:02 GMT</datelastmodified>
      <userlastmodified>Admin</userlastmodified>
      <datecreated>Thu, 08 Dec 2011 10:25:02 GMT</datecreated>
      <usercreated>Admin</usercreated>
      <flags>0</flags>
      <properties/>
      <relations/>
      <accesscontrol/>
    </file>
    <file>
      <source>system/modules/org.opencms.ade.publish/resources/publish/588C4DA28DB8FF451F98C17E3DB78A1B.cache.gif</source>
      <destination>system/modules/org.opencms.ade.publish/resources/publish/588C4DA28DB8FF451F98C17E3DB78A1B.cache.gif</destination>
      <type>image</type>
      <uuidstructure>e1bf0cd3-28d7-11e2-b03f-9316b28cdbb9</uuidstructure>
      <uuidresource>e1bf0cd4-28d7-11e2-b03f-9316b28cdbb9</uuidresource>
      <datelastmodified>Wed, 07 Nov 2012 12:37:24 GMT</datelastmodified>
      <userlastmodified>Admin</userlastmodified>
      <datecreated>Wed, 07 Nov 2012 12:37:24 GMT</datecreated>
      <usercreated>Admin</usercreated>
      <flags>0</flags>
      <properties/>
      <relations/>
      <accesscontrol/>
    </file>
    <file>
      <source>system/modules/org.opencms.ade.publish/resources/publish/607C234F8298753CFE48C010F4F5B7C2.cache.png</source>
      <destination>system/modules/org.opencms.ade.publish/resources/publish/607C234F8298753CFE48C010F4F5B7C2.cache.png</destination>
      <type>image</type>
      <uuidstructure>e34e2942-2186-11e1-9135-231989d90dfe</uuidstructure>
      <uuidresource>e34e2943-2186-11e1-9135-231989d90dfe</uuidresource>
      <datelastmodified>Thu, 08 Dec 2011 10:25:02 GMT</datelastmodified>
      <userlastmodified>Admin</userlastmodified>
      <datecreated>Thu, 08 Dec 2011 10:25:02 GMT</datecreated>
      <usercreated>Admin</usercreated>
      <flags>0</flags>
      <properties/>
      <relations/>
      <accesscontrol/>
    </file>
    <file>
      <source>system/modules/org.opencms.ade.publish/resources/publish/614A8351A28C0A4378525F849533D3FF.gwt.rpc</source>
      <destination>system/modules/org.opencms.ade.publish/resources/publish/614A8351A28C0A4378525F849533D3FF.gwt.rpc</destination>
      <type>plain</type>
      <uuidstructure>e34e2944-2186-11e1-9135-231989d90dfe</uuidstructure>
      <uuidresource>e34e2945-2186-11e1-9135-231989d90dfe</uuidresource>
      <datelastmodified>Thu, 08 Dec 2011 10:25:02 GMT</datelastmodified>
      <userlastmodified>Admin</userlastmodified>
      <datecreated>Thu, 08 Dec 2011 10:25:02 GMT</datecreated>
      <usercreated>Admin</usercreated>
      <flags>0</flags>
      <properties/>
      <relations/>
      <accesscontrol/>
    </file>
    <file>
      <source>system/modules/org.opencms.ade.publish/resources/publish/67F03376FF6E2527B53E363D94D0F88C.cache.png</source>
      <destination>system/modules/org.opencms.ade.publish/resources/publish/67F03376FF6E2527B53E363D94D0F88C.cache.png</destination>
      <type>image</type>
      <uuidstructure>e34e2946-2186-11e1-9135-231989d90dfe</uuidstructure>
      <uuidresource>e34e2947-2186-11e1-9135-231989d90dfe</uuidresource>
      <datelastmodified>Thu, 08 Dec 2011 10:25:02 GMT</datelastmodified>
      <userlastmodified>Admin</userlastmodified>
      <datecreated>Thu, 08 Dec 2011 10:25:02 GMT</datecreated>
      <usercreated>Admin</usercreated>
      <flags>0</flags>
      <properties/>
      <relations/>
      <accesscontrol/>
    </file>
    <file>
      <source>system/modules/org.opencms.ade.publish/resources/publish/68007ADE137131ED0FF40540F74FEF7C.cache.png</source>
      <destination>system/modules/org.opencms.ade.publish/resources/publish/68007ADE137131ED0FF40540F74FEF7C.cache.png</destination>
      <type>image</type>
      <uuidstructure>3a622f0b-2fc2-11e2-9fa1-b33f9d57d633</uuidstructure>
      <uuidresource>3a622f0c-2fc2-11e2-9fa1-b33f9d57d633</uuidresource>
      <datelastmodified>Fri, 16 Nov 2012 07:50:02 GMT</datelastmodified>
      <userlastmodified>Admin</userlastmodified>
      <datecreated>Fri, 16 Nov 2012 07:50:02 GMT</datecreated>
      <usercreated>Admin</usercreated>
      <flags>0</flags>
      <properties/>
      <relations/>
      <accesscontrol/>
    </file>
    <file>
      <destination>system/modules/org.opencms.ade.publish/resources/publish/6C2B5BDF0A7B5F0A11DB17A1F8A75A56.cache.ico</destination>
      <type>folder</type>
      <uuidstructure>e1de0687-28d7-11e2-b03f-9316b28cdbb9</uuidstructure>
      <uuidresource>e1de0688-28d7-11e2-b03f-9316b28cdbb9</uuidresource>
      <datelastmodified>Wed, 07 Nov 2012 12:37:24 GMT</datelastmodified>
      <userlastmodified>Admin</userlastmodified>
      <datecreated>Wed, 07 Nov 2012 12:37:24 GMT</datecreated>
      <usercreated>Admin</usercreated>
      <flags>0</flags>
      <properties/>
      <relations/>
      <accesscontrol/>
    </file>
    <file>
      <source>system/modules/org.opencms.ade.publish/resources/publish/6D49AA540BF48A6BC5BB40598BB369C1.cache.png</source>
      <destination>system/modules/org.opencms.ade.publish/resources/publish/6D49AA540BF48A6BC5BB40598BB369C1.cache.png</destination>
      <type>image</type>
      <uuidstructure>e350733a-2186-11e1-9135-231989d90dfe</uuidstructure>
      <uuidresource>e350733b-2186-11e1-9135-231989d90dfe</uuidresource>
      <datelastmodified>Thu, 08 Dec 2011 10:25:02 GMT</datelastmodified>
      <userlastmodified>Admin</userlastmodified>
      <datecreated>Thu, 08 Dec 2011 10:25:02 GMT</datecreated>
      <usercreated>Admin</usercreated>
      <flags>0</flags>
      <properties/>
      <relations/>
      <accesscontrol/>
    </file>
    <file>
      <source>system/modules/org.opencms.ade.publish/resources/publish/7E76FDCA9138C1F6988CF904B0281C64.cache.gif</source>
      <destination>system/modules/org.opencms.ade.publish/resources/publish/7E76FDCA9138C1F6988CF904B0281C64.cache.gif</destination>
      <type>image</type>
      <uuidstructure>e350733e-2186-11e1-9135-231989d90dfe</uuidstructure>
      <uuidresource>e350733f-2186-11e1-9135-231989d90dfe</uuidresource>
      <datelastmodified>Thu, 08 Dec 2011 10:25:02 GMT</datelastmodified>
      <userlastmodified>Admin</userlastmodified>
      <datecreated>Thu, 08 Dec 2011 10:25:02 GMT</datecreated>
      <usercreated>Admin</usercreated>
      <flags>0</flags>
      <properties/>
      <relations/>
      <accesscontrol/>
    </file>
    <file>
      <source>system/modules/org.opencms.ade.publish/resources/publish/806F8EE738687B189D7F262612700F41.cache.gif</source>
      <destination>system/modules/org.opencms.ade.publish/resources/publish/806F8EE738687B189D7F262612700F41.cache.gif</destination>
      <type>image</type>
      <uuidstructure>f29cbd9f-0225-11e2-894a-d93aa7f5002a</uuidstructure>
      <uuidresource>f29cbda0-0225-11e2-894a-d93aa7f5002a</uuidresource>
      <datelastmodified>Wed, 19 Sep 2012 06:47:58 GMT</datelastmodified>
      <userlastmodified>Admin</userlastmodified>
      <datecreated>Wed, 19 Sep 2012 06:47:58 GMT</datecreated>
      <usercreated>Admin</usercreated>
      <flags>0</flags>
      <properties/>
      <relations/>
      <accesscontrol/>
    </file>
    <file>
      <source>system/modules/org.opencms.ade.publish/resources/publish/8AA3C50791DF9AA6DC608FDE692C9390.cache.gif</source>
      <destination>system/modules/org.opencms.ade.publish/resources/publish/8AA3C50791DF9AA6DC608FDE692C9390.cache.gif</destination>
      <type>image</type>
      <uuidstructure>e352e442-2186-11e1-9135-231989d90dfe</uuidstructure>
      <uuidresource>e352e443-2186-11e1-9135-231989d90dfe</uuidresource>
      <datelastmodified>Thu, 08 Dec 2011 10:25:02 GMT</datelastmodified>
      <userlastmodified>Admin</userlastmodified>
      <datecreated>Thu, 08 Dec 2011 10:25:02 GMT</datecreated>
      <usercreated>Admin</usercreated>
      <flags>0</flags>
      <properties/>
      <relations/>
      <accesscontrol/>
    </file>
    <file>
      <source>system/modules/org.opencms.ade.publish/resources/publish/8FBDBF2C058ACA8C7B7681D8E5194E8B.cache.png</source>
      <destination>system/modules/org.opencms.ade.publish/resources/publish/8FBDBF2C058ACA8C7B7681D8E5194E8B.cache.png</destination>
      <type>image</type>
      <uuidstructure>e352e446-2186-11e1-9135-231989d90dfe</uuidstructure>
      <uuidresource>e352e447-2186-11e1-9135-231989d90dfe</uuidresource>
      <datelastmodified>Thu, 08 Dec 2011 10:25:02 GMT</datelastmodified>
      <userlastmodified>Admin</userlastmodified>
      <datecreated>Thu, 08 Dec 2011 10:25:02 GMT</datecreated>
      <usercreated>Admin</usercreated>
      <flags>0</flags>
      <properties/>
      <relations/>
      <accesscontrol/>
    </file>
    <file>
      <source>system/modules/org.opencms.ade.publish/resources/publish/90583D1788B44DDC496D964A8FC3C94F.cache.png</source>
      <destination>system/modules/org.opencms.ade.publish/resources/publish/90583D1788B44DDC496D964A8FC3C94F.cache.png</destination>
      <type>image</type>
      <uuidstructure>e352e448-2186-11e1-9135-231989d90dfe</uuidstructure>
      <uuidresource>e352e449-2186-11e1-9135-231989d90dfe</uuidresource>
      <datelastmodified>Thu, 08 Dec 2011 10:25:02 GMT</datelastmodified>
      <userlastmodified>Admin</userlastmodified>
      <datecreated>Thu, 08 Dec 2011 10:25:02 GMT</datecreated>
      <usercreated>Admin</usercreated>
      <flags>0</flags>
      <properties/>
      <relations/>
      <accesscontrol/>
    </file>
    <file>
      <source>system/modules/org.opencms.ade.publish/resources/publish/9B56DF4CD68CC5BCB6821A8DE7E4830C.cache.gif</source>
      <destination>system/modules/org.opencms.ade.publish/resources/publish/9B56DF4CD68CC5BCB6821A8DE7E4830C.cache.gif</destination>
      <type>image</type>
      <uuidstructure>e355554e-2186-11e1-9135-231989d90dfe</uuidstructure>
      <uuidresource>e355554f-2186-11e1-9135-231989d90dfe</uuidresource>
      <datelastmodified>Thu, 08 Dec 2011 10:25:02 GMT</datelastmodified>
      <userlastmodified>Admin</userlastmodified>
      <datecreated>Thu, 08 Dec 2011 10:25:02 GMT</datecreated>
      <usercreated>Admin</usercreated>
      <flags>0</flags>
      <properties/>
      <relations/>
      <accesscontrol/>
    </file>
    <file>
      <source>system/modules/org.opencms.ade.publish/resources/publish/A3E30CCBF7AFC58EDCC069857295C9EA.cache.png</source>
      <destination>system/modules/org.opencms.ade.publish/resources/publish/A3E30CCBF7AFC58EDCC069857295C9EA.cache.png</destination>
      <type>image</type>
      <uuidstructure>e3579f44-2186-11e1-9135-231989d90dfe</uuidstructure>
      <uuidresource>e3579f45-2186-11e1-9135-231989d90dfe</uuidresource>
      <datelastmodified>Thu, 08 Dec 2011 10:25:02 GMT</datelastmodified>
      <userlastmodified>Admin</userlastmodified>
      <datecreated>Thu, 08 Dec 2011 10:25:02 GMT</datecreated>
      <usercreated>Admin</usercreated>
      <flags>0</flags>
      <properties/>
      <relations/>
      <accesscontrol/>
    </file>
    <file>
      <source>system/modules/org.opencms.ade.publish/resources/publish/A561A3D036C6711C97A1ACB01B3E9688.cache.png</source>
      <destination>system/modules/org.opencms.ade.publish/resources/publish/A561A3D036C6711C97A1ACB01B3E9688.cache.png</destination>
      <type>image</type>
      <uuidstructure>e3579f46-2186-11e1-9135-231989d90dfe</uuidstructure>
      <uuidresource>e3579f47-2186-11e1-9135-231989d90dfe</uuidresource>
      <datelastmodified>Thu, 08 Dec 2011 10:25:02 GMT</datelastmodified>
      <userlastmodified>Admin</userlastmodified>
      <datecreated>Thu, 08 Dec 2011 10:25:02 GMT</datecreated>
      <usercreated>Admin</usercreated>
      <flags>0</flags>
      <properties/>
      <relations/>
      <accesscontrol/>
    </file>
    <file>
      <source>system/modules/org.opencms.ade.publish/resources/publish/AB193F88C59FE43073B7E3554AE1E4E1.cache.png</source>
      <destination>system/modules/org.opencms.ade.publish/resources/publish/AB193F88C59FE43073B7E3554AE1E4E1.cache.png</destination>
      <type>image</type>
      <uuidstructure>e3579f48-2186-11e1-9135-231989d90dfe</uuidstructure>
      <uuidresource>e3579f49-2186-11e1-9135-231989d90dfe</uuidresource>
      <datelastmodified>Thu, 08 Dec 2011 10:25:02 GMT</datelastmodified>
      <userlastmodified>Admin</userlastmodified>
      <datecreated>Thu, 08 Dec 2011 10:25:02 GMT</datecreated>
      <usercreated>Admin</usercreated>
      <flags>0</flags>
      <properties/>
      <relations/>
      <accesscontrol/>
    </file>
    <file>
      <source>system/modules/org.opencms.ade.publish/resources/publish/AB196D9D7834625802449A82C5811B43.cache.png</source>
      <destination>system/modules/org.opencms.ade.publish/resources/publish/AB196D9D7834625802449A82C5811B43.cache.png</destination>
      <type>image</type>
      <uuidstructure>f29f2ea5-0225-11e2-894a-d93aa7f5002a</uuidstructure>
      <uuidresource>f29f2ea6-0225-11e2-894a-d93aa7f5002a</uuidresource>
      <datelastmodified>Wed, 19 Sep 2012 06:47:58 GMT</datelastmodified>
      <userlastmodified>Admin</userlastmodified>
      <datecreated>Wed, 19 Sep 2012 06:47:58 GMT</datecreated>
      <usercreated>Admin</usercreated>
      <flags>0</flags>
      <properties/>
      <relations/>
      <accesscontrol/>
    </file>
    <file>
      <source>system/modules/org.opencms.ade.publish/resources/publish/BBE79FE9C388A062A6B594894C4044E8.cache.png</source>
      <destination>system/modules/org.opencms.ade.publish/resources/publish/BBE79FE9C388A062A6B594894C4044E8.cache.png</destination>
      <type>image</type>
      <uuidstructure>e35a104a-2186-11e1-9135-231989d90dfe</uuidstructure>
      <uuidresource>e35a104b-2186-11e1-9135-231989d90dfe</uuidresource>
      <datelastmodified>Thu, 08 Dec 2011 10:25:02 GMT</datelastmodified>
      <userlastmodified>Admin</userlastmodified>
      <datecreated>Thu, 08 Dec 2011 10:25:02 GMT</datecreated>
      <usercreated>Admin</usercreated>
      <flags>0</flags>
      <properties/>
      <relations/>
      <accesscontrol/>
    </file>
    <file>
      <source>system/modules/org.opencms.ade.publish/resources/publish/BC31847090F12A42F8370C7772D75499.cache.gif</source>
      <destination>system/modules/org.opencms.ade.publish/resources/publish/BC31847090F12A42F8370C7772D75499.cache.gif</destination>
      <type>image</type>
      <uuidstructure>e35a104c-2186-11e1-9135-231989d90dfe</uuidstructure>
      <uuidresource>e35a104d-2186-11e1-9135-231989d90dfe</uuidresource>
      <datelastmodified>Thu, 08 Dec 2011 10:25:02 GMT</datelastmodified>
      <userlastmodified>Admin</userlastmodified>
      <datecreated>Thu, 08 Dec 2011 10:25:02 GMT</datecreated>
      <usercreated>Admin</usercreated>
      <flags>0</flags>
      <properties/>
      <relations/>
      <accesscontrol/>
    </file>
    <file>
      <source>system/modules/org.opencms.ade.publish/resources/publish/BC4060A672A6E9FEC3C40F408301EFC6.cache.png</source>
      <destination>system/modules/org.opencms.ade.publish/resources/publish/BC4060A672A6E9FEC3C40F408301EFC6.cache.png</destination>
      <type>image</type>
      <uuidstructure>e35a104e-2186-11e1-9135-231989d90dfe</uuidstructure>
      <uuidresource>e35a104f-2186-11e1-9135-231989d90dfe</uuidresource>
      <datelastmodified>Thu, 08 Dec 2011 10:25:02 GMT</datelastmodified>
      <userlastmodified>Admin</userlastmodified>
      <datecreated>Thu, 08 Dec 2011 10:25:02 GMT</datecreated>
      <usercreated>Admin</usercreated>
      <flags>0</flags>
      <properties/>
      <relations/>
      <accesscontrol/>
    </file>
    <file>
      <source>system/modules/org.opencms.ade.publish/resources/publish/C4E7AE2AFCDCAD9F4590E02BBF69A6EA.cache.gif</source>
      <destination>system/modules/org.opencms.ade.publish/resources/publish/C4E7AE2AFCDCAD9F4590E02BBF69A6EA.cache.gif</destination>
      <type>image</type>
      <uuidstructure>e35c5940-2186-11e1-9135-231989d90dfe</uuidstructure>
      <uuidresource>e35c5941-2186-11e1-9135-231989d90dfe</uuidresource>
      <datelastmodified>Thu, 08 Dec 2011 10:25:02 GMT</datelastmodified>
      <userlastmodified>Admin</userlastmodified>
      <datecreated>Thu, 08 Dec 2011 10:25:02 GMT</datecreated>
      <usercreated>Admin</usercreated>
      <flags>0</flags>
      <properties/>
      <relations/>
      <accesscontrol/>
    </file>
    <file>
      <source>system/modules/org.opencms.ade.publish/resources/publish/C62A1C906AE595C56C586D0305BB6C50.cache.gif</source>
      <destination>system/modules/org.opencms.ade.publish/resources/publish/C62A1C906AE595C56C586D0305BB6C50.cache.gif</destination>
      <type>image</type>
      <uuidstructure>e35c5942-2186-11e1-9135-231989d90dfe</uuidstructure>
      <uuidresource>e35c5943-2186-11e1-9135-231989d90dfe</uuidresource>
      <datelastmodified>Thu, 08 Dec 2011 10:25:02 GMT</datelastmodified>
      <userlastmodified>Admin</userlastmodified>
      <datecreated>Thu, 08 Dec 2011 10:25:02 GMT</datecreated>
      <usercreated>Admin</usercreated>
      <flags>0</flags>
      <properties/>
      <relations/>
      <accesscontrol/>
    </file>
    <file>
      <source>system/modules/org.opencms.ade.publish/resources/publish/CD452626E44B1D27115781B923D2F971.cache.png</source>
      <destination>system/modules/org.opencms.ade.publish/resources/publish/CD452626E44B1D27115781B923D2F971.cache.png</destination>
      <type>image</type>
      <uuidstructure>e35c5944-2186-11e1-9135-231989d90dfe</uuidstructure>
      <uuidresource>e35c5945-2186-11e1-9135-231989d90dfe</uuidresource>
      <datelastmodified>Thu, 08 Dec 2011 10:25:02 GMT</datelastmodified>
      <userlastmodified>Admin</userlastmodified>
      <datecreated>Thu, 08 Dec 2011 10:25:02 GMT</datecreated>
      <usercreated>Admin</usercreated>
      <flags>0</flags>
      <properties/>
      <relations/>
      <accesscontrol/>
    </file>
    <file>
      <source>system/modules/org.opencms.ade.publish/resources/publish/clear.cache.gif</source>
      <destination>system/modules/org.opencms.ade.publish/resources/publish/clear.cache.gif</destination>
      <type>image</type>
      <uuidstructure>e35c5946-2186-11e1-9135-231989d90dfe</uuidstructure>
      <uuidresource>e35c5947-2186-11e1-9135-231989d90dfe</uuidresource>
      <datelastmodified>Thu, 08 Dec 2011 10:25:02 GMT</datelastmodified>
      <userlastmodified>Admin</userlastmodified>
      <datecreated>Thu, 08 Dec 2011 10:25:02 GMT</datecreated>
      <usercreated>Admin</usercreated>
      <flags>0</flags>
      <properties/>
      <relations/>
      <accesscontrol/>
    </file>
    <file>
      <source>system/modules/org.opencms.ade.publish/resources/publish/D164AE4B2C36F7E2EC3E7B33F7880692.cache.png</source>
      <destination>system/modules/org.opencms.ade.publish/resources/publish/D164AE4B2C36F7E2EC3E7B33F7880692.cache.png</destination>
      <type>image</type>
      <uuidstructure>e35eca48-2186-11e1-9135-231989d90dfe</uuidstructure>
      <uuidresource>e35eca49-2186-11e1-9135-231989d90dfe</uuidresource>
      <datelastmodified>Thu, 08 Dec 2011 10:25:02 GMT</datelastmodified>
      <userlastmodified>Admin</userlastmodified>
      <datecreated>Thu, 08 Dec 2011 10:25:02 GMT</datecreated>
      <usercreated>Admin</usercreated>
      <flags>0</flags>
      <properties/>
      <relations/>
      <accesscontrol/>
    </file>
    <file>
      <source>system/modules/org.opencms.ade.publish/resources/publish/D5F586C438B34AD62B41411FC16B0579.cache.png</source>
      <destination>system/modules/org.opencms.ade.publish/resources/publish/D5F586C438B34AD62B41411FC16B0579.cache.png</destination>
      <type>image</type>
      <uuidstructure>e35eca4a-2186-11e1-9135-231989d90dfe</uuidstructure>
      <uuidresource>e35eca4b-2186-11e1-9135-231989d90dfe</uuidresource>
      <datelastmodified>Thu, 08 Dec 2011 10:25:02 GMT</datelastmodified>
      <userlastmodified>Admin</userlastmodified>
      <datecreated>Thu, 08 Dec 2011 10:25:02 GMT</datecreated>
      <usercreated>Admin</usercreated>
      <flags>0</flags>
      <properties/>
      <relations/>
      <accesscontrol/>
    </file>
    <file>
      <source>system/modules/org.opencms.ade.publish/resources/publish/DB77414A9B90F3BC2249D073D7FA8FFA.cache.png</source>
      <destination>system/modules/org.opencms.ade.publish/resources/publish/DB77414A9B90F3BC2249D073D7FA8FFA.cache.png</destination>
      <type>image</type>
      <uuidstructure>e35eca4c-2186-11e1-9135-231989d90dfe</uuidstructure>
      <uuidresource>e35eca4d-2186-11e1-9135-231989d90dfe</uuidresource>
      <datelastmodified>Thu, 08 Dec 2011 10:25:02 GMT</datelastmodified>
      <userlastmodified>Admin</userlastmodified>
      <datecreated>Thu, 08 Dec 2011 10:25:02 GMT</datecreated>
      <usercreated>Admin</usercreated>
      <flags>0</flags>
      <properties/>
      <relations/>
      <accesscontrol/>
    </file>
    <file>
      <source>system/modules/org.opencms.ade.publish/resources/publish/DE6D506998BC702C9DB949F7F80C8A14.cache.png</source>
      <destination>system/modules/org.opencms.ade.publish/resources/publish/DE6D506998BC702C9DB949F7F80C8A14.cache.png</destination>
      <type>image</type>
      <uuidstructure>e3613b4e-2186-11e1-9135-231989d90dfe</uuidstructure>
      <uuidresource>e3613b4f-2186-11e1-9135-231989d90dfe</uuidresource>
      <datelastmodified>Thu, 08 Dec 2011 10:25:02 GMT</datelastmodified>
      <userlastmodified>Admin</userlastmodified>
      <datecreated>Thu, 08 Dec 2011 10:25:02 GMT</datecreated>
      <usercreated>Admin</usercreated>
      <flags>0</flags>
      <properties/>
      <relations/>
      <accesscontrol/>
    </file>
    <file>
      <source>system/modules/org.opencms.ade.publish/resources/publish/E30C58794782F528AA8C1B61B8014A21.cache.png</source>
      <destination>system/modules/org.opencms.ade.publish/resources/publish/E30C58794782F528AA8C1B61B8014A21.cache.png</destination>
      <type>image</type>
      <uuidstructure>e3613b52-2186-11e1-9135-231989d90dfe</uuidstructure>
      <uuidresource>e3613b53-2186-11e1-9135-231989d90dfe</uuidresource>
      <datelastmodified>Thu, 08 Dec 2011 10:25:02 GMT</datelastmodified>
      <userlastmodified>Admin</userlastmodified>
      <datecreated>Thu, 08 Dec 2011 10:25:02 GMT</datecreated>
      <usercreated>Admin</usercreated>
      <flags>0</flags>
      <properties/>
      <relations/>
      <accesscontrol/>
    </file>
    <file>
      <source>system/modules/org.opencms.ade.publish/resources/publish/E5410C4FBA247FAF319663A7DFEBA0C9.cache.png</source>
      <destination>system/modules/org.opencms.ade.publish/resources/publish/E5410C4FBA247FAF319663A7DFEBA0C9.cache.png</destination>
      <type>image</type>
      <uuidstructure>e3638546-2186-11e1-9135-231989d90dfe</uuidstructure>
      <uuidresource>e3638547-2186-11e1-9135-231989d90dfe</uuidresource>
      <datelastmodified>Thu, 08 Dec 2011 10:25:02 GMT</datelastmodified>
      <userlastmodified>Admin</userlastmodified>
      <datecreated>Thu, 08 Dec 2011 10:25:02 GMT</datecreated>
      <usercreated>Admin</usercreated>
      <flags>0</flags>
      <properties/>
      <relations/>
      <accesscontrol/>
    </file>
    <file>
      <source>system/modules/org.opencms.ade.publish/resources/publish/D2E62E49AAE7BDEAF13A3F7023E05C4A.cache.html</source>
      <destination>system/modules/org.opencms.ade.publish/resources/publish/D2E62E49AAE7BDEAF13A3F7023E05C4A.cache.html</destination>
      <type>plain</type>
      <uuidstructure>58f28e86-7111-11e2-bce9-418172bd2125</uuidstructure>
      <uuidresource>58f2b597-7111-11e2-bce9-418172bd2125</uuidresource>
      <datelastmodified>Thu, 07 Feb 2013 10:30:09 GMT</datelastmodified>
      <userlastmodified>Admin</userlastmodified>
      <datecreated>Thu, 07 Feb 2013 10:30:09 GMT</datecreated>
      <usercreated>Admin</usercreated>
      <flags>0</flags>
      <properties/>
      <relations/>
      <accesscontrol/>
    </file>
    <file>
      <source>system/modules/org.opencms.ade.publish/resources/publish/F5E19CF37E950AEA3856EAC6CF4E170D.gwt.rpc</source>
      <destination>system/modules/org.opencms.ade.publish/resources/publish/F5E19CF37E950AEA3856EAC6CF4E170D.gwt.rpc</destination>
      <type>plain</type>
      <uuidstructure>e1e7a381-28d7-11e2-b03f-9316b28cdbb9</uuidstructure>
      <uuidresource>e1e7a382-28d7-11e2-b03f-9316b28cdbb9</uuidresource>
      <datelastmodified>Wed, 07 Nov 2012 12:37:24 GMT</datelastmodified>
      <userlastmodified>Admin</userlastmodified>
      <datecreated>Wed, 07 Nov 2012 12:37:24 GMT</datecreated>
      <usercreated>Admin</usercreated>
      <flags>0</flags>
      <properties/>
      <relations/>
      <accesscontrol/>
    </file>
    <file>
      <source>system/modules/org.opencms.ade.publish/resources/publish/FABA47515896922C62828F7194DD4D7B.cache.png</source>
      <destination>system/modules/org.opencms.ade.publish/resources/publish/FABA47515896922C62828F7194DD4D7B.cache.png</destination>
      <type>image</type>
      <uuidstructure>f2a3e9a1-0225-11e2-894a-d93aa7f5002a</uuidstructure>
      <uuidresource>f2a3e9a2-0225-11e2-894a-d93aa7f5002a</uuidresource>
      <datelastmodified>Wed, 19 Sep 2012 06:47:58 GMT</datelastmodified>
      <userlastmodified>Admin</userlastmodified>
      <datecreated>Wed, 19 Sep 2012 06:47:58 GMT</datecreated>
      <usercreated>Admin</usercreated>
      <flags>0</flags>
      <properties/>
      <relations/>
      <accesscontrol/>
    </file>
    <file>
      <source>system/modules/org.opencms.ade.publish/resources/publish/hosted.html</source>
      <destination>system/modules/org.opencms.ade.publish/resources/publish/hosted.html</destination>
      <type>plain</type>
      <uuidstructure>e365f64c-2186-11e1-9135-231989d90dfe</uuidstructure>
      <uuidresource>e365f64d-2186-11e1-9135-231989d90dfe</uuidresource>
      <datelastmodified>Thu, 08 Dec 2011 10:25:02 GMT</datelastmodified>
      <userlastmodified>Admin</userlastmodified>
      <datecreated>Thu, 08 Dec 2011 10:25:02 GMT</datecreated>
      <usercreated>Admin</usercreated>
      <flags>0</flags>
      <properties/>
      <relations/>
      <accesscontrol/>
    </file>
    <file>
      <source>system/modules/org.opencms.ade.publish/resources/publish/publish.nocache.js</source>
      <destination>system/modules/org.opencms.ade.publish/resources/publish/publish.nocache.js</destination>
      <type>plain</type>
      <uuidstructure>e365f64e-2186-11e1-9135-231989d90dfe</uuidstructure>
      <uuidresource>e365f64f-2186-11e1-9135-231989d90dfe</uuidresource>
      <datelastmodified>Thu, 08 Dec 2011 10:25:02 GMT</datelastmodified>
      <userlastmodified>Admin</userlastmodified>
      <datecreated>Thu, 08 Dec 2011 10:25:02 GMT</datecreated>
      <usercreated>Admin</usercreated>
      <flags>0</flags>
      <properties/>
      <relations/>
      <accesscontrol/>
    </file>
  </files>
</export>
